development_row,actual_y,predicted_y,boundary_count
0,-2.479273795670093,-2.9552848230638307,0
1,1.339229277791529,0.4879157785569008,0
2,0.4237952183988955,-0.18024755491018185,0
3,-0.240400378633584,0.42968053143141605,0
4,-3.769200676895984,-4.146381439037193,1
5,6.372031401599552,5.969767545175968,0
6,8.511707959740301,8.941882989083629,1
7,-1.7664496533381628,-1.5506455643475632,1
8,-0.1614642423660577,-0.946945688010226,1
9,2.222747226507266,1.9535724542943127,1
10,5.193267464797071,4.427112317171266,1
11,-6.474459271332885,-5.588533781931997,1
12,3.0287990330025627,2.4492407026685417,1
13,1.3647811056068897,0.7232187963264334,0
14,-0.1247463602497496,0.5107199614455695,0
15,-1.505077298238537,-2.5746489554120298,0
16,6.946530981982227,6.490461190966866,0
17,16.814414134923002,16.20620475290773,2
18,9.042736248586523,8.758215419951597,0
19,6.992713799472355,6.914076493679541,1
20,10.060133034918396,11.10658765650714,2
21,-7.01515695406294,-7.801430930150564,2
22,7.613613315144753,6.838244766636811,2
23,-0.6001781947655462,-0.9341536283355341,0
24,0.8242437157266418,0.5765153582582192,0
25,2.215243498530526,2.342083310535904,2
26,-10.080729262070848,-9.709012249322662,1
27,-0.6470269677813049,-0.11401868442698726,0
28,2.0013896441032615,1.2379667731739508,0
29,19.763190505681568,20.216860115364774,1
30,-1.4175852618709244,-0.6231304469632475,1
31,-1.9982654357257943,-2.7782974565766194,0
32,-7.78135917861753,-7.542415924526683,1
33,1.1263206804853214,0.8133754243629225,1
34,0.1585577414927452,0.22776470896955625,0
35,1.4613355450350198,1.605166011310983,0
36,1.875416770691969,1.6019149339931167,0
37,6.46634699281531,6.47701119478703,0
38,3.966943041132877,4.2036424652004065,1
39,6.439292628313776,6.325426964965364,0
40,3.1783365677324893,3.3723569236141917,0
41,0.6407741895668085,1.1516585028966906,0
42,4.548707441021164,5.055971950229106,1
43,-3.5550937713387487,-4.70196943374931,1
44,11.968871350958654,13.880487034163925,2
45,0.1070992620015271,0.03528787722190563,0
46,-4.550138545257684,-4.414653815070768,1
47,3.142147541796439,2.444604591007205,0
48,2.59990690785052,2.485823147202023,1
49,-5.39505803944405,-5.499566596648325,2
50,3.815431240575404,4.369710073158153,1
51,-2.791236644164252,-2.4487762933289305,1
52,-8.21497609340351,-8.214516046543755,0
53,0.2010425523560848,0.36232880333462947,1
54,0.386842558339159,0.3158549488851883,1
55,9.716705317770389,10.834367740051965,1
56,-2.105415705620985,-1.72969655964233,0
57,1.504499473037625,1.562061217277825,0
58,0.093346827662283,0.09577439200080962,0
59,1.6896362655129908,2.0016871810837142,0
60,-5.390539477550989,-5.071640871410933,0
61,2.7651855757456767,2.3968786434319194,0
62,1.7477724124016591,1.2574056516226064,0
63,-0.0754937838411037,0.13305765389400426,0
64,8.549932755469715,8.141717305429022,1
65,2.095054113359934,0.8516920720134833,0
66,-3.708029143988912,-3.093323758034207,1
67,1.359638077270546,1.2413122083907862,0
68,4.256719713159901,4.5451425165270765,0
69,13.302389291057638,10.001459102300824,2
70,0.2846075283979752,-0.09608624325197868,0
71,2.289920130892286,2.6836227514956823,0
72,1.6966262154494651,2.169683576028711,0
73,-3.0830608293118154,-2.699677103599735,1
74,0.534623149693247,-0.42185657369459806,0
75,0.1567323375205604,-0.06999773416726507,0
76,11.426637067323837,12.225394954771556,2
77,-2.1537134000940825,-1.586996328110979,1
78,0.6323972284249441,0.4885404053877658,0
79,1.013114139784279,1.0139669005398775,1
80,5.756507045882352,5.666785259326791,2
81,1.4097422266171622,1.078329213048573,0
82,0.4972506488804254,0.43038210976219715,0
83,6.307919673240183,6.407555505716958,1
84,6.056044456342557,6.259597260901996,1
85,1.1592941622389406,0.6618878341330128,0
86,1.6504544483793964,2.7187098754288073,2
87,7.777114381419631,7.1697312596998595,1
88,1.7605143917894486,2.1225241781019455,1
89,-3.147754702820658,-3.75231209297071,0
90,-0.5568081541217396,-0.2009518734442195,0
91,2.693447436572506,1.3559209090655804,0
92,-11.98566578583566,-11.569690362138862,1
93,1.1910512517994758,0.987000476490604,0
94,1.4673300758644117,1.4247408590959538,1
95,-11.337146793815428,-11.720511656059431,1
96,0.6350673057584271,0.9110384833673644,0
97,2.0821733603289294,0.9689011257078064,0
98,3.69454857665707,3.2986747392524003,1
99,3.804348962387268,3.396380765577373,1
100,-4.254434478357618,-4.863980072384978,1
101,3.1994910083828887,3.4863195702805543,2
102,1.9179127654946209,1.5357668976782843,0
103,-3.32876842987269,-2.233607488713671,0
104,5.005507122471053,4.834437138115948,2
105,2.895531707198636,3.572218395898284,0
106,8.507256966873252,8.088585069591115,1
107,0.4080673144496045,0.7227254307948847,0
108,1.2901234427754846,0.869103458102811,0
109,9.490072803117794,9.176388934378497,1
110,1.051378550908182,0.9008880282493024,0
111,2.228140463049104,1.967120634058538,0
112,1.4506164393933432,1.0287569457789758,0
113,1.3075367661911288,1.6171230323293908,1
114,1.1644903863899114,1.1963419552466696,0
115,-0.0740547596916566,-0.13463540568021504,1
116,0.7800981943999761,0.5851377708204122,0
117,1.1539851452218337,0.8804634495947565,0
118,-1.41535273564454,-0.7166147349023486,0
119,1.1983058617974651,0.7708870012578777,0
120,0.5561312569547096,0.43242349686437165,0
121,0.0999635308840696,-0.2106374316956412,0
122,-0.5406982016532068,-0.34953954042121227,0
123,1.434848507643772,0.5186547190319566,0
124,4.356574847919969,4.421833299285243,1
125,-9.113102299572702,-8.905537366449348,1
126,-3.097837207414123,-3.0284345337821748,1
127,-0.4958907269919729,-0.3382196899824996,0
128,4.089510847394999,4.156273636294243,1
129,4.005081099187586,4.49185370647243,1
130,-2.3967342451612343,-3.0218775120180807,1
131,-5.764608577759363,-6.031220188606774,1
132,-6.633052133023302,-6.039103141385828,1
133,-0.9999646826281342,-0.6727400843804943,0
134,1.1695034984985502,1.9900804034869588,0
135,1.7827337896843138,1.466670853699408,0
136,11.35441972761476,11.787228938450037,2
137,7.73580557301658,6.7847836210524495,0
138,-0.101192988116165,-0.4495151833398445,0
139,15.600328316638873,15.4452729272839,1
140,-23.093491711966973,-22.339884323631843,2
141,0.9857613572774347,0.9772984389955628,0
142,11.751708617576714,12.04361579061401,2
143,-0.9521380329444316,-0.9566486653392183,0
144,3.90416056759342,4.371308796415345,1
145,2.021177202006166,1.963008805440524,0
146,25.50373015135853,29.020454596102773,3
147,-5.358581365866821,-5.190555365420615,1
148,5.321059762484327,5.146794345160841,1
149,12.89308439049002,14.553028499047686,2
150,1.306354714993535,1.4489120919948861,0
151,1.1750995317499382,0.8165563313998421,0
152,4.043631158137349,3.5306174723287027,1
153,14.462995731139744,13.344802423485694,2
154,1.6637296457388728,1.3025123312627953,0
155,1.4205978837794984,1.3956343424902826,0
156,1.865615026738864,1.3244613148102005,0
157,-2.524923460133671,-3.1072821903759555,1
158,21.971210143848328,21.710732198690295,2
159,3.7051788054698074,4.002837314913564,1
160,0.2927267541508525,0.48591038064086267,0
161,3.8919999679039208,4.084424103438184,0
162,1.103559290327391,1.3893561571898088,2
163,0.9294870676279692,0.6889926269685767,0
164,0.3928051035365128,0.46307676081758964,0
165,11.667213052944392,12.196098986760935,1
166,1.8215776187857684,1.3669002890703852,0
167,10.759374501845937,11.818563321212686,2
168,7.099320819166512,6.231800838829701,0
169,1.163398378612648,1.0170179801457746,0
170,2.5343151273287106,1.7172024120741232,1
171,3.978990930731191,4.406339406241996,2
172,4.622944722217606,4.452549086585465,1
173,-3.594384751069086,-3.6520636306445873,1
174,4.142900580788383,4.932474264467819,0
175,8.295451159502734,8.53142848337422,1
176,0.9150762604402644,0.6664141282133058,0
177,3.1107599983160874,3.384589657634572,2
178,2.4993106751973655,2.054453722840963,0
179,7.466656817487563,7.961310747347637,2
180,0.0517528139815897,-0.22779700404708336,0
181,-1.97781425093561,-2.326006232862126,1
182,-0.6926934142798741,-0.2848385392076547,0
183,0.9248701362604234,1.6521886251678006,0
184,4.741297088217198,4.523753466158861,2
185,2.42603009628402,2.7330719323150423,0
186,-4.3445494767368995,-3.9967460832160886,1
187,5.224705902067258,5.6254981115523135,1
188,3.9427073704920463,3.6936933587994147,0
189,1.390297924686117,1.204731171431582,0
190,1.3399084797312537,1.4240701786259677,0
191,7.294595907939075,6.968885143800518,0
192,-3.75829550169327,-3.810503600061125,1
193,3.233646911670693,2.9105942122566058,0
194,-2.537442225690021,-3.1514301611345465,1
195,1.841734262698654,1.2824760824678805,0
196,-1.688899227009698,-1.5973157325738843,1
197,1.0658773527672214,0.9599519433910013,0
198,-8.832823183416666,-8.855243730459625,2
199,3.669713413422718,3.7942164580835605,2
200,0.2978608953922442,0.12586023279492764,0
201,5.81820351626277,6.004873043132042,1
202,-1.6458544908029182,-1.0437288148454593,0
203,-6.5874860695919635,-6.308106292121471,2
204,4.267001303900314,3.8186287043322764,0
205,1.808055515002608,2.454912822380619,1
206,-0.4757990075616959,-1.2662941166596067,0
207,2.700463519598435,2.2786089370255445,0
208,-5.697971304258949,-5.635220718526419,1
209,-1.256285612524796,-1.0326083265932033,1
210,-1.4498072727353866,-1.4255873657695464,1
211,0.6562440140439337,1.3351827102577722,0
212,0.628370489910677,0.9724070920609091,0
213,-1.1814825546318517,-0.7600702981070198,0
214,-4.030661722955326,-3.8222967872257514,0
215,-1.6037204469799633,-1.5219289032294676,1
216,11.08209203344955,10.663314073216092,1
217,1.6685293480469532,1.0783712224873876,0
218,-2.006937385365649,-1.624596916673203,0
219,1.8561203852086745,1.125046517051126,0
220,1.3335352914570962,1.6226668067095735,0
221,4.045389569370626,3.9956278250103234,1
222,5.125685283599477,5.7463544732773935,2
223,-0.2688580318025054,0.04117748056825432,0
224,-6.31529337799053,-5.98005463512882,2
225,0.8676619608909125,0.3404621228864513,0
226,1.758647565942343,0.8922834669920423,0
227,9.738557101414564,9.082612959826644,1
228,-0.5873642223553701,-0.13330292722023618,0
229,-2.019488508223704,-2.007875820724848,1
230,0.8900372939994345,1.3774761196822003,0
231,2.3839912807348256,2.390938036713144,1
232,4.131657147137909,4.192752249538065,2
233,12.732815555225487,13.324553959014144,2
234,4.961476925862744,5.2395577157047075,1
235,7.968977229614135,8.027466054428025,2
236,7.858227026558466,8.266175657823132,2
237,6.525737485523207,5.1578357942525725,1
238,13.421582138812942,13.082430914936976,1
239,0.0278706982100011,0.5647919834168531,0
240,-4.942470785433417,-4.73184753034444,1
241,2.292678147628719,1.858247879331195,0
242,0.0785225242586526,-0.0007829004385362381,0
243,2.0518841855421446,2.5206616841197556,0
244,1.4769822686149463,1.1637637574310438,0
245,-1.016841445327724,-0.5488043640165992,1
246,-14.145319291870086,-13.607933665900152,1
247,0.1944528329355201,-0.48444702323002975,0
248,0.0018722509747644,0.16102485455700455,0
249,0.4356297558646894,0.15573447187407963,0
250,-1.8719912507593337,-2.4335464431253504,0
251,1.108690197586851,0.6261429014018598,0
252,3.9409641129994304,3.180356853694171,1
253,13.17721996230889,13.38018566640357,2
254,10.455228481295032,10.18989712976145,1
255,-1.095963156393802,-1.1472247308730372,1
256,0.4209597699835307,0.47947875081713476,0
257,10.121694120899315,9.290645697844202,1
258,-1.0608958495508272,-0.557708300618061,0
259,-22.283484082508295,-21.419083446419837,1
260,5.6562007913037355,5.969433413770399,1
261,3.879622308722945,3.719474111603695,1
262,7.695572630244915,7.637813979351966,2
263,-2.5461024447188247,-2.374106522333581,1
264,-0.9542924162023944,-0.8370569229440785,1
265,1.3361368479553273,0.6571801601415894,1
266,-0.3688064999396155,-0.4236426256839505,0
267,0.5432052583591729,1.229717607712447,0
268,-4.207795397537565,-3.743236882353071,1
269,2.067697967535878,1.2441104504477645,0
270,-0.2020462695937419,0.6008143592374349,0
271,7.040097273714039,7.126789066745259,1
272,-2.100961611046931,-1.9607187668853543,0
273,4.811432427125262,4.5296349703368035,1
274,-2.515564532359795,-3.294896980440137,1
275,2.8839177007860357,2.855743178448102,1
276,-2.098871964809821,-2.170778862109263,1
277,8.250509519153216,8.894325599208013,1
278,-0.3868512359527686,-0.2183421140485291,1
279,1.348380156379583,1.912996403799964,0
280,-0.7809099653421102,-1.400265281868224,1
281,8.310397112435396,7.8307819376044705,0
282,-3.7464571577020593,-4.668818562578038,1
283,-22.932286329286818,-23.22826624816857,1
284,4.527306220124109,5.435909489209063,1
285,16.04051527228,16.31722307369644,2
286,4.596028046802882,4.581487479466605,2
287,-2.17192748682631,-2.265874127744161,0
288,-1.8001477061764537,-1.7388004531013497,1
289,4.678950874621202,3.7411314071396884,1
290,10.098934806831013,12.080151081132039,2
291,1.6531525962581792,1.2880920139767866,0
292,-1.5545875365857147,-1.603905155259028,1
293,1.324012252859735,1.2331604480076694,0
294,3.806421419040248,3.452654418830561,2
295,19.731906638670363,19.829985865407572,1
296,6.341732762091091,5.061441103787822,1
297,-0.7310896453406223,-0.39201720171429155,0
298,6.822326132866702,7.264809718067004,1
299,-0.2844020395885444,-0.4277513545575573,0
300,-0.945143599619505,-0.9518126855040254,1
301,-3.0769241065632413,-3.0871093528876528,0
302,9.047695987020251,7.6196958436409545,1
303,-6.996483907428094,-6.947186119272597,1
304,6.6993711499239454,7.733426207753787,2
305,1.1250915122242524,1.0073141581856855,0
306,1.0024800863041758,1.4007665760306245,0
307,-0.1762107397885473,0.9814633647171318,0
308,4.931216044857744,4.598050752276167,2
309,0.2084336263639827,-1.0982105473797756,0
310,13.526723984097448,13.41409633564127,2
311,3.906790517315305,4.44905767282326,1
312,-4.005734699334348,-4.982058803972147,1
313,1.1691010178709351,0.9891686158950317,0
314,-4.376283045608617,-3.964608130758115,1
315,5.871919658715586,6.2972195010256,1
316,0.5067074123150384,1.4326179139630084,0
317,1.4206460666596237,1.2257259187284024,0
318,-26.540523090824777,-26.930053431263847,2
319,-1.2087085301255145,-1.378597905532403,0
320,8.046210797919084,8.473739464313866,1
321,1.7346322101266538,1.6744187361339964,0
322,15.389505098838097,15.49486642590184,2
323,1.5200908707074516,1.5887517887785465,0
324,4.300100722395043,3.746360489276743,1
325,1.6206786682537608,1.3313836368766563,0
326,13.466205752135082,12.764639130934242,2
327,1.2226835635368816,1.3428987810797892,0
328,1.3680802554386675,0.9114101047541285,0
329,6.686887870493389,7.835964343535421,2
330,-17.09315342230405,-17.224035906637717,2
331,5.014794967445642,5.595298953629239,1
332,-0.8066448646841696,-1.6554174028464437,0
333,1.3141192998713185,-0.04088223244522471,0
334,0.9037181602112878,1.0368054667388702,0
335,0.7455345079002347,1.5134336782455362,0
336,2.7849598028121907,2.3719693930742523,1
337,2.2538454833546924,1.8947390459819262,0
338,0.7058608984748853,1.3550819704836883,1
339,11.96438409324766,11.966539674923094,1
340,8.693411085764101,8.141817060224016,1
341,10.352071477174349,10.65830021164274,1
342,1.617553173810438,1.293814916053401,0
343,-0.3390453855004061,-1.128285062102853,0
344,7.4932406783516,6.713001767059149,0
345,3.836366781771823,3.4455499500745868,0
346,0.964213234494522,1.3260841514740842,0
347,0.6995520929619886,0.6534098938963904,0
348,-11.72437733418025,-11.129582134867286,2
349,0.9210734157778656,0.9244640402404125,0
350,-4.227725970456204,-4.130536817697257,1
351,1.79654542508706,0.9847140222687571,0
352,0.8646879126833809,0.6537796992112401,0
353,2.6200486610043545,2.6104155095869452,1
354,9.925304493519278,9.240421477229589,1
355,8.192305145864482,9.173616997439677,2
356,5.490232149364804,4.743368051414289,1
357,-7.522946555176389,-7.554009074236086,2
358,4.258168419207794,3.984730016313791,1
359,0.8628187827624425,1.040981297347691,0
360,2.9743832657876337,3.118333727191399,0
361,-0.398243757448241,0.39331784650425483,0
362,-0.1051147274903042,-0.8729021728463047,0
363,1.6828691011948775,1.620235467678612,0
364,-1.827449579703128,-1.0432785686207695,1
365,6.066620139077452,6.6627350472849285,1
366,-3.1528363645692745,-2.71707833566729,0
367,0.3440197813098846,0.5114795097155587,0
368,15.798897715425966,15.477203403100315,1
369,0.83990731060085,1.090629017653984,0
370,0.3657203759576327,1.017778741374971,0
371,-5.178279480567546,-7.313067043340167,1
372,2.096825708202279,2.6205909595220653,0
373,4.784408253900097,4.520362252709644,1
374,-0.9332907181247776,0.05741405698219548,0
375,-1.9327885537940503,-1.1651934428342292,0
376,-2.3575964558980775,-2.982771165099448,0
377,11.102178556020858,11.129007161862264,1
378,-6.495998092528705,-6.143044669581032,2
379,11.149690313927314,10.600339131420709,1
380,-14.284798210353983,-14.44369746901633,1
381,12.80587552651856,12.122692699535826,2
382,9.810467181200847,9.568553293331064,1
383,2.217979216164358,2.032579727042303,0
384,9.79901527199232,9.928311152292903,1
385,-2.9587483017444645,-2.404233765133114,1
386,7.634784883017882,7.713970909098137,1
387,9.78795245558348,10.303425422326999,2
388,8.315773580342297,7.786194439457761,1
389,1.8495645033865984,1.5907657085459765,0
390,2.711884221015669,3.4163090221655246,0
391,2.589392625114198,2.744895713642952,2
392,3.794738345902529,3.254725339446493,0
393,0.2751481778791842,0.45709480962196825,0
394,1.2987419537276572,0.6658370082074918,1
395,3.6992306470636422,3.591992249522294,1
396,0.7388117556612849,0.30967282766281357,0
397,-0.5495439259778372,-0.804217049738607,1
398,16.51046871216874,15.259339291983354,2
399,15.9893406712132,16.532284074753086,1
400,-2.9978764947415746,-3.023826605316242,1
401,4.384492337409419,3.975243748316265,1
402,3.2781383499125365,3.667587235838357,2
403,11.553614291234773,11.361467367775573,1
404,13.511489545927292,13.830537438725772,2
405,-2.19245174738026,-2.0770231090459976,0
406,-0.4873542863353748,-0.6223442193417532,0
407,16.394943212976,16.380057484260192,2
408,2.2994996039855713,1.897939993117948,1
409,15.0840661823025,14.835198919401897,2
410,10.51408418622754,11.350921008208338,1
411,2.8883516940842533,2.3415009335349577,0
412,0.3705892682066776,0.010799620073488558,0
413,5.585899487685075,5.378496228120557,2
414,0.0934425919862501,-0.13737672656545463,1
415,-0.3445146336356475,-0.11909360426522264,0
416,2.1991990874618095,1.8629776663839335,1
417,-0.7388511073636487,-0.6629038966614256,0
418,-2.387459567690144,-1.967623681733981,0
419,9.585891360823512,9.475651196830414,1
420,10.56135621269238,10.429183819842008,1
421,-0.5809215150881287,-0.7003542562195877,1
422,10.040186967438464,9.50690772270724,2
423,-9.589393786928346,-9.959394918368544,2
424,-2.553810718002591,-1.815606267300331,0
425,0.717400502007623,1.3261491018235607,0
426,7.1276173608471804,5.883892768943379,1
427,6.539011311267024,5.928448652968786,1
428,-0.2801850391501541,-0.03587487677277679,0
429,0.6540345522257444,-1.0217353502570559,1
430,-0.0600783307870262,-0.4273136442945775,0
431,1.8274167505569392,1.048033047233997,0
432,3.727376357424035,4.224707232824414,1
433,1.5886409329035602,1.401190084606951,1
434,19.936904822717036,20.644428730022504,2
435,1.1981496550611128,1.931294728421497,0
436,1.8972265922525593,2.1799883045277606,0
437,1.7480352421799965,0.7575259126948972,1
438,6.076197049772484,6.033407259777251,1
439,6.715088073408859,7.292738753386784,1
440,6.6893455412130525,6.101084945788991,1
441,1.710297865624827,1.885374243017922,0
442,1.3672087488338591,1.474629905139519,0
443,-4.809267125733733,-3.2914292479626663,1
444,-0.8174374149579513,-0.8049364303596622,0
445,0.6496326858401873,0.4161468138050186,0
446,0.8656104985597499,0.1925682624655103,0
447,1.0006132846349598,1.4128756100899778,0
448,1.4521735782124008,1.9474633529847871,1
449,3.0567838739758457,2.179015433002125,0
450,0.5830553909789572,0.9921150267951402,0
451,5.8178018955598185,4.998572334880181,1
452,-3.755263059669645,-3.055394616965563,1
453,7.330264729154017,7.541297164002084,1
454,-0.7751985164373241,0.3836260550853823,0
455,-1.63074509519206,-0.4637217046726456,1
456,1.0165057404964923,1.0280825060540522,0
457,0.332478202673699,0.4102260760159453,1
458,6.457855672273679,5.59503335456638,2
459,-0.0507570295888854,0.1377711468168905,1
460,6.473913174503046,6.144360684781356,2
461,4.2964719702708765,4.22561693451037,1
462,6.555470204235635,7.026399906128196,1
463,-0.1489328704942666,-1.0741386885480684,1
464,16.331714855562005,16.12625302690125,2
465,5.176080682672289,5.708260845532674,1
466,0.5398656979903829,0.8336564339915811,1
467,5.300614861677651,5.416659704549581,0
468,0.5012724693336539,0.09893697139875268,0
469,2.99223314695203,3.916341702063182,1
470,-0.847498818002051,-0.3142461256590434,1
471,1.2899469778475192,1.4943077850596285,0
472,1.6473863118177028,1.4027634659426318,0
473,4.397626728505472,3.91361081613961,1
474,12.870616105837437,13.392911032437516,2
475,0.4834968561957826,1.2975377776833938,0
476,-2.600943542382947,-3.5169780082823556,1
477,0.7161394802034725,1.5231813755809978,0
478,-3.4887524109412578,-3.415150155125529,1
479,1.055001563809881,1.8019466323034765,0
480,5.6694373717263655,5.149309139268345,0
481,-1.2594017423100037,-0.6425975115078106,1
482,0.7903986439014942,0.7300863334099106,1
483,1.4489736560169402,0.679132243779649,0
484,-0.5868929201100204,-0.4040205565094501,0
485,-14.45643224135466,-13.663601369135737,2
486,16.531884012008117,15.863279359531433,2
487,14.888134976523364,14.299074265221218,2
488,4.331904724449678,4.3368715321839035,0
489,5.080187920838214,4.703655324972749,1
490,-0.0538147419797857,0.6612011106640954,1
491,-2.775965353494375,-2.347936683067639,1
492,9.614542955042644,9.406380224942815,1
493,0.4157013928741556,0.48117298745570247,0
494,6.3085836780649025,6.00248231910075,2
495,3.426565103769029,4.729166092134841,1
496,2.3179026731826444,2.006376713043215,0
497,-0.6869509587498591,-0.5391610883683091,0
498,2.2589756506065477,2.5995228594675783,1
499,0.6010429527339907,0.8883901937227563,0
500,0.1179793354255981,0.437400629860879,0
501,11.671639113240811,10.702386644005713,2
502,4.491487192288948,3.941941325992606,1
503,-2.7189318016648745,-2.9291768195541623,1
504,2.764363830247377,2.5637048634493063,0
505,0.5260254570082612,1.336878479838596,0
506,0.2294264997465323,0.7645535362647258,0
507,-1.3302019285763518,-1.3130205982095853,1
508,9.070389023076446,8.505811127627187,2
509,-6.052443067055417,-6.443470311051929,1
510,5.051618256618787,6.329137470072263,1
511,0.487082767561199,0.5504181451718326,0
512,0.6960323039849925,1.309090244040073,0
513,12.49528667594882,11.984455084653163,1
514,-1.3197536033070276,-1.0171892191308451,0
515,-2.608946405633493,-2.8280930225090035,1
516,0.0783945890984551,0.2320058123459574,0
517,3.3669892516832,2.9776482394519697,1
518,2.106902198906298,1.360475073734349,0
519,-0.2090004488284635,-0.024769576240869284,1
520,4.069812280233073,4.44729090619745,0
521,3.1065917610238505,3.418634866234296,1
522,0.5982826126248048,1.1173372037122606,0
523,-3.903301902510952,-3.6046705826341157,1
524,-10.971711278540438,-11.72035431659559,1
525,1.5703861434025217,0.9111581749713971,0
526,2.1203804643362973,1.3316129751523325,1
527,9.33498055264534,9.280412723053146,1
528,8.960279183695583,8.39098716533493,2
529,-5.360168680474862,-5.857595670611785,1
530,-4.594345880859099,-5.419388477503637,1
531,4.307226284184046,5.080457673744977,0
532,9.745605969461442,10.055687757419175,1
533,0.8944306801439813,1.0821235128159306,0
534,3.6118694230274255,3.5616102614046383,2
535,-0.8439964707939269,-0.9465031881612083,0
536,0.1992906644963946,0.28841373328443476,0
537,5.386087783147736,5.627535465709759,0
538,4.670775996466447,4.393632984643755,1
539,7.8758915109058,7.251241368028712,1
540,3.971972799277294,3.728221759248374,1
541,2.806772680610201,2.2424112583116766,3
542,-0.6918773674865941,-0.6678616542568752,1
543,-2.8986768780792582,-2.403813623735755,0
544,-12.770932248831684,-12.947744775138082,2
545,0.9331903565922955,1.576280654393052,0
546,1.7088329592783018,1.386906664898032,1
547,-8.783447766343501,-9.002916681720531,1
548,22.757660755376012,22.37338479570859,3
549,0.4228523672635541,0.6542712362051248,0
550,1.7044531619938308,2.126568987301555,0
551,0.383051627845644,0.7599815179126677,0
552,1.3503345193931815,1.6106661022457966,0
553,14.228506608877874,13.932840688917537,1
554,-0.7314716103338866,-0.6381567682359148,0
555,0.905574144277884,0.7019093528186899,0
556,6.265249666218587,6.613642783392814,0
557,4.299278584840366,4.05446939273601,1
558,-0.0508373091377297,0.7400256337106743,1
559,-17.95996480074815,-17.27051036503849,2
560,0.5799114285342911,0.8048738700561096,0
561,4.0414877867245025,3.9230450919053137,0
562,15.061604195471288,15.521840173812555,2
563,-3.95941235545016,-3.4771907500199792,1
564,-2.278356059618149,-2.27570634926661,1
565,-3.147181016272911,-2.899460171961837,0
566,10.163385981598424,9.119550072527966,2
567,-0.2840257227361739,0.11694950234871238,1
568,-20.570097331544577,-21.242115529985643,1
569,0.5458260998393052,0.6406344567759081,0
570,3.4148488780794897,3.137063075453467,2
571,-8.11310262931144,-8.67635929360571,1
572,-1.312592742648399,-0.7717095925987905,0
573,5.860740595120556,7.314842544543076,1
574,1.5197503976992794,1.6258933682525245,0
575,0.6077820425480549,0.6385898561814505,1
576,-1.4937102224886205,-0.9249120442334444,1
577,13.650507383370424,14.249280405866388,2
578,4.550483780633092,4.56232851677153,0
579,-0.4257332847211276,-0.41783602527026975,0
580,2.1566167871903668,2.713413318238806,1
581,1.6663256277858665,0.8313296448342535,0
582,3.088815424859329,3.540432048882966,1
583,26.129853091275,29.020454596102773,3
584,-0.461681556523551,0.06562805214902934,0
585,-1.057615264516771,-0.9075244363137531,1
586,0.4403484952588766,0.6275125187894535,0
587,0.635514626649855,0.8007012776176758,0
588,-2.4504027222983917,-2.1418406193279464,0
589,1.1019948840516227,1.072045236957646,0
590,0.6103699879062376,0.9670685872946534,0
591,18.50280546627156,18.65048892524417,2
592,-0.4273194407487601,0.03420476555482255,1
593,-0.6468783965928157,-0.41851044759662503,0
594,-0.955145432560908,-1.1492438767934736,0
595,8.476121392745391,8.350841426034401,1
596,5.523226388474309,4.524518229230026,1
597,2.606075469912123,3.011491223698389,0
598,0.5693650642889898,0.738822254870523,1
599,26.865313655756527,27.62951142406594,2
600,3.2895715054266974,2.2424112583116766,3
601,1.5028684519430775,1.5651861082509115,1
602,-1.6283319836153345,-1.0660202136897121,0
603,1.8597774034937589,1.2452002160028584,0
604,-2.287383312813275,-2.145778489261896,0
605,-9.314437127284378,-9.059960647627493,1
606,13.989225006997357,14.580729443535539,2
607,2.3754457897031855,1.3727757694215659,0
608,-15.936977352906435,-16.238398848318568,2
609,0.0852418697255208,0.46077772955292606,0
610,3.43264124846944,3.49039653721874,1
611,7.121235377247608,7.542930410100931,1
612,4.7272237818933,4.373481524055743,1
613,-1.0618892272916214,-0.9529099734267428,0
614,-0.3729990832661296,-0.2264057367508685,0
615,-3.274969611653803,-3.32688483741533,1
616,14.61668326809198,14.932203831793325,2
617,-3.2454893790470583,-2.928866352227619,1
618,13.091836702858194,13.38194759947713,2
619,17.544671789783653,16.69792031784167,2
620,1.5742983670436643,1.6113978786966392,1
621,7.246192869164236,6.496405719997687,1
622,2.546820886698744,3.3408498906992685,0
623,-25.99238557237956,-25.972269473873563,2
624,-3.5858755168931773,-3.825471120240116,1
625,-0.7673401634236995,0.0010803062975868194,0
626,1.716538856291156,1.6459476827770798,1
627,7.811120302546574,7.84152943020975,1
628,-4.515720221734968,-3.143427416368794,1
629,8.126521045415299,8.369527840816488,1
630,-1.0807381311925006,-0.7785739179504114,0
631,3.118219561021605,1.749429091385999,0
632,14.371732585859078,13.840028620715357,2
633,7.525534721600305,7.520357999406787,1
634,-3.3568743282338027,-2.380612607605599,1
635,1.1778607479870675,1.024310943070271,0
636,7.951476000487669,7.7861375648688504,1
637,2.971598008675337,2.2424112583116766,3
638,3.426222632211853,2.2424112583116766,3
639,-4.115377306958154,-4.166461090225261,1
640,0.7601145033285261,1.0338463751006466,0
641,18.80061906338077,17.719437212353355,2
642,11.420725983068486,11.468914738824514,1
643,0.9275377771284452,0.4585572449914701,0
644,-0.6748561740843141,-1.4557913900860653,1
645,1.0457607354963,0.891238210481565,0
646,3.759457728803704,3.3152096260280164,0
647,4.703611230511554,4.189322553014817,0
648,-0.4206075394507514,-0.40072608534575505,1
649,13.268464854579635,13.404505364699501,1
650,3.1952200257851375,3.3913822356068177,1
651,0.3436851792942252,0.5756255623898594,0
652,0.7300506220775151,1.4692341579499697,0
653,2.4651032642348323,2.1376315671660975,1
654,6.028361090969503,6.515841550311814,1
655,5.49910021807276,5.0493550908338065,1
656,-10.794292187665016,-10.210031099052847,2
657,7.621461947411766,8.04190114857428,1
658,0.0585858401652603,0.12462421363211518,0
659,-0.1311316309637975,0.02318782135135722,0
660,3.86914277790119,3.924359410436016,2
661,4.003638428914972,4.001970569042986,0
662,-26.886734772723916,-26.79575532352991,2
663,-3.025390886415799,-2.3479891780719555,1
664,1.469935266891329,1.3510489630163294,0
665,1.9968559825000056,1.311903487214559,0
666,-0.658678729934401,-0.22811584868110213,0
667,1.6853547120790329,1.3848152335432895,0
668,-2.216722894210255,-1.2097905179386288,0
669,-7.758954282918421,-7.508466429400158,1
670,4.746253739418848,5.124750049565601,1
671,10.316439365625676,11.448014010929459,0
672,0.6709172864186387,1.0824216800563669,0
673,0.992572326327251,1.309768462343885,1
674,7.89303528290639,7.320933958783003,1
675,2.549382250608329,2.7596134869387896,1
676,4.418114427481759,5.5031228689954865,0
677,8.385309054369284,8.513004276522596,1
678,-0.0149645900516815,0.4130685030961587,0
679,-1.1715520607801464,-1.7142703683379628,0
680,5.020623760454271,5.3142655677734965,1
681,14.83068934666258,14.688864619686367,1
682,-0.1040996318530439,0.043395275433538494,0
683,6.354085208077968,6.930053914459136,2
684,-1.0676779690412197,-1.1325590993174366,0
685,-3.0173816522852572,-2.7767440673259984,1
686,-2.392965662664767,-2.3091757986171864,0
687,-2.027517290812415,-1.9592058382210609,0
688,-3.4223364718644436,-2.94443372336705,1
689,-4.092665584811442,-3.7452723527534575,1
690,0.2747188676105332,0.5768557612744216,0
691,3.243858947676044,2.550814211960737,0
692,5.699758686696793,6.176069485326924,2
693,-0.4319421536138669,-0.26013135061942316,0
694,10.047919151417847,10.00332251642892,2
695,6.16374257548077,5.97796842709996,1
696,-3.2389673562551384,-3.026494382895023,2
697,1.3810006131214327,1.5839486304015011,1
698,6.493326872092334,6.677717184111963,2
699,-4.060902440893102,-3.808139128701332,1
700,-1.9261996966994297,-1.2404978825942443,1
701,1.534699900033916,1.8807408588413983,1
702,0.537457631909506,0.3742908258236948,0
703,-4.0185546348896874,-4.342653714082586,1
704,3.0240459045520285,3.7745043018343916,1
705,0.2591007033215177,0.7362785196878601,0
706,-2.8406506417527577,-3.091168246211585,1
707,0.9884624368089197,0.7270790979646418,0
708,5.61801707681542,5.0572740617963134,1
709,6.687156206872883,5.93187463816672,2
710,4.126648884363895,4.674060233664539,2
711,11.260070098065729,11.512840234277473,1
712,0.063596700549143,0.32223521238215214,0
713,8.779212606603801,8.357266517781476,1
714,-12.504574587402947,-11.946060936568463,2
715,12.988785223130956,13.450938906169235,2
716,-5.409063065475539,-5.029993792349359,1
717,11.054811180604922,10.595735716170076,1
718,21.436515373868197,22.37338479570859,3
719,1.1762015841888287,1.1465717246818548,0
720,3.5658632969488795,3.60959598495274,1
721,21.850197363558244,22.37338479570859,3
722,-2.7408952176440495,-1.8849185657506617,0
723,0.3714918394448843,0.5462594533343728,1
724,1.068289093911576,0.852283826126911,0
725,0.9193795651422814,0.8155415905533441,0
726,6.1645762546973675,4.95916642113739,1
727,3.999543689803323,4.537774939785911,1
728,3.51731036314872,3.5430092299858202,1
729,0.7354923391552284,0.8427463829729751,1
730,-18.87351350796365,-18.9024200870697,1
731,6.780255794187001,6.457327328653049,1
732,-2.3785343738287708,-1.7753539911707246,0
733,12.161506177636586,12.992258350043887,1
734,12.750187019389646,13.182756858958738,2
735,3.8062285994827594,3.0097962171014636,2
736,9.255849361918472,9.43390928239923,1
737,0.5067205870413218,-0.5055354234902341,0
738,6.182528506637501,6.383114761624453,0
739,-3.1701278440210485,-2.888253060426044,1
740,7.573015251272147,6.883578098452269,0
741,2.3046139700887247,2.3736067070059588,2
742,4.122939564865458,3.0122345071905463,0
743,1.1649980530838404,1.014850368333866,0
744,1.4964944782386889,0.9582728552101476,0
745,1.8634595020574252,1.5491424620975591,0
746,0.4539068569712794,0.9970842393924328,0
747,6.502314175863274,6.795231063211613,2
748,7.393277431146005,8.057160238158929,1
749,5.838520975426656,4.6694664358007465,1
750,1.1320018411481985,1.3588670149750932,0
751,0.2061333470225153,-0.07655116535827533,0
752,0.6023115513080181,0.8634436680011053,1
753,-16.540352907452363,-17.743214800766275,1
754,21.10241666576716,20.613783959405428,2
755,-3.0965642621567246,-2.7376947067426345,0
756,-4.081127994817938,-4.110966837482247,1
757,0.7259557926458544,0.7539223203071972,0
758,3.617671201967517,3.657343096658553,1
759,4.803489034458557,5.158450715290696,0
760,0.8346239801401599,0.650830242146109,0
761,0.7751292596502243,1.5043366365680726,0
762,1.3588245060665674,1.5028109154034324,0
763,-0.7908432660578233,-0.9082268429882299,0
764,-1.6755798858605404,-1.3050935247780386,1
765,6.624623148806171,7.0064951661405726,2
766,3.948767573538406,3.8325644225715783,0
767,5.145369545792032,4.834928511565164,0
768,-3.5324176411929264,-3.1447085499659133,1
769,8.002137466673252,7.326438670099588,1
770,5.151330928030495,5.7080559452949,1
771,-3.810137301482466,-3.7538591190976103,1
772,3.6362804006714544,3.531579785289928,2
773,-1.3596752003130863,-0.41388090939020783,0
774,-7.7278427611629805,-7.5260442766767515,1
775,-0.8936660589365272,-0.7506314382448127,1
776,0.5048547044260457,0.23996834071590722,0
777,2.2182719191861904,3.174330533406712,0
778,7.128876142262689,7.51782885523725,1
779,0.3923143094952701,0.2022181376526928,0
780,0.7982103203681934,1.1618940711105077,0
781,-16.083046139424468,-15.625469223056406,2
782,2.3680294962670954,2.9559746057909204,1
783,-20.009182381923868,-21.162896199412152,2
784,7.549693265689504,7.94130539245236,1
785,12.737401912147003,13.222840920223229,2
786,-1.2835802277905637,-1.9441140868408349,1
787,5.356547729569361,5.743679389887641,1
788,13.725741234349709,13.307361904774327,1
789,9.841548840504114,9.461389882361365,1
790,2.9999062961483483,2.6512241299588837,0
791,12.625971183370485,10.697916811216519,2
792,1.063465622154788,1.1333730975502165,0
793,0.0807215052239622,-0.1841045686381384,0
794,1.6250519928490974,1.753616857878802,0
795,-2.41425776528527,-3.089709064277474,0
796,2.2798596126867285,3.3839931744624536,2
797,0.4764481114070479,0.24366162464732355,1
