problem,degree,alpha,fold,train_mse,validation_mse,validation_r2,nonzero_terms,iterations,dual_gap,converged
var2,10,0.003,0,0.1878297150351025,0.2530615180036121,0.9944711324982091,111,97259,2.8799775191003626e-06,True
var2,10,0.002,0,0.1757588149115067,0.23118706732840194,0.9949490437207916,114,100000,4.9293430686096565e-06,False
var2,10,0.0015,0,0.1687455794085108,0.22192991294032227,0.9951512932783659,123,93142,3.7168010872776726e-06,True
var2,10,0.001,0,0.15938623851144035,0.21395898465515656,0.9953254414724597,132,51475,3.933378696897621e-06,True
var2,10,0.0007,0,0.15349820876808534,0.21106281194090437,0.9953887168188091,136,100000,1.3430607047770562e-05,False
var2,10,0.0005,0,0.14890655062322858,0.20785592882292447,0.9954587805408358,144,89139,3.934850906899038e-06,True
var2,10,0.0003,0,0.14287606882801146,0.20932206752217875,0.9954267484615558,157,100000,5.373247800950867e-06,False
var2,10,0.003,1,0.18156407698196403,0.2633878682607829,0.9925807333035872,114,100000,3.81955975894626e-06,True
var2,10,0.002,1,0.16955932936523313,0.2577926553811105,0.9927383425999136,116,100000,5.041552909721964e-06,False
var2,10,0.0015,1,0.16073164101731485,0.2545934843089807,0.9928284587603439,121,60195,4.196905232106296e-06,True
var2,10,0.001,1,0.15223339381759401,0.25675574958366226,0.9927675507813728,133,100000,6.696504901963195e-06,False
var2,10,0.0007,1,0.14634851762145787,0.2626140244224378,0.9926025313987537,137,77289,4.197036970827934e-06,True
var2,10,0.0005,1,0.14207354834448566,0.26526927649127,0.992527736673488,138,100000,7.4927701064008976e-06,False
var2,10,0.0003,1,0.13722068512210517,0.2742353882114087,0.9922751738864439,148,52092,4.1966876392632135e-06,True
var2,10,0.003,2,0.18328381395905138,0.41386680945142007,0.9912510845268762,113,100000,1.0849583162330504e-05,False
var2,10,0.002,2,0.17234443808809816,0.46717421878742904,0.9901241953738413,118,71019,3.39712704970016e-06,True
var2,10,0.0015,2,0.16511292912833217,0.4656395073645771,0.9901566383245867,120,56184,3.9056665522155194e-06,True
var2,10,0.001,2,0.15685485063434026,0.4414314447981592,0.9906683833795776,127,46698,3.905368216570233e-06,True
var2,10,0.0007,2,0.150872930273876,0.4626587382990975,0.9902196501341911,138,66958,3.9056251051663135e-06,True
var2,10,0.0005,2,0.14609702363969349,0.5115474642695309,0.9891861695038623,141,52650,3.905801404116673e-06,True
var2,10,0.0003,2,0.1397782955803295,0.4978548684632765,0.9894756234068591,159,85825,3.905578680531365e-06,True
var2,10,0.003,3,0.1838664209542911,0.37142343125270155,0.9908571128040736,98,30819,2.8067392923878263e-06,True
var2,10,0.002,3,0.17119988941452324,0.33915161095557766,0.9916515096777136,112,46188,2.6638299001019013e-06,True
var2,10,0.0015,3,0.16358631675861476,0.33741699411402354,0.9916942086696889,119,42882,4.071463200436393e-06,True
var2,10,0.001,3,0.15473304208543123,0.30995767039161015,0.9923701420603847,123,18954,4.071490380775402e-06,True
var2,10,0.0007,3,0.14807530002400623,0.2982209914520206,0.9926590498744058,136,61203,2.112317951231281e-06,True
var2,10,0.0005,3,0.1432264461266924,0.296973138287285,0.992689766786055,142,76509,4.07157255202938e-06,True
var2,10,0.0003,3,0.1383163513513164,0.3058508525540116,0.992471234692308,156,100000,2.8523354626581882e-05,False
var2,10,0.003,4,0.17132196809209735,0.3453816099696803,0.9897841140950459,104,50805,4.24287613112303e-06,True
var2,10,0.002,4,0.15884130525570933,0.3260273006695927,0.9903565864267263,111,26150,2.794319371757712e-06,True
var2,10,0.0015,4,0.15102005613928104,0.31895548478791313,0.9905657604594562,121,100000,2.499661798970597e-05,False
var2,10,0.001,4,0.14282867645119426,0.3091535424550663,0.9908556876635366,122,100000,6.3857024288262735e-06,False
var2,10,0.0007,4,0.13712250275515883,0.30102004167993446,0.9910962647919306,128,36574,4.242654100417611e-06,True
var2,10,0.0005,4,0.13313089971163636,0.29612121354273296,0.991241165006282,136,36001,4.242491476355594e-06,True
var2,10,0.0003,4,0.12721130225533334,0.29874312546270837,0.9911636126634411,148,81379,4.242674061742501e-06,True
var2,11,0.003,0,0.18491641457511315,0.2518849947445257,0.9944968370828633,123,100000,8.679698805896199e-05,False
var2,11,0.002,0,0.17085494631261064,0.22932341416298013,0.9949897606638582,126,100000,4.487538049041029e-05,False
var2,11,0.0015,0,0.16353199009065572,0.21935648165580274,0.9952075173961588,132,100000,3.542719608877767e-05,False
var2,11,0.001,0,0.15456922740585494,0.2133899817051895,0.9953378730027189,138,100000,7.508796241813994e-05,False
var2,11,0.0007,0,0.1493738185184645,0.20929975770950068,0.995427235884532,149,100000,8.979222770858577e-06,False
var2,11,0.0005,0,0.14494860160806547,0.20608779916807948,0.995497410493998,153,100000,4.889934257348336e-06,False
var2,11,0.0003,0,0.13931351966142114,0.20875762236776776,0.9954390804134676,169,100000,8.465707934999714e-06,False
var2,11,0.003,1,0.17786377533485592,0.26351149677331154,0.9925772508618491,118,79149,3.406694827381401e-06,True
var2,11,0.002,1,0.16415278414168424,0.2562172134553505,0.9927827205885017,122,60603,4.189098746466561e-06,True
var2,11,0.0015,1,0.15660299646321538,0.2550434651006813,0.9928157834327977,125,100000,5.591752272445331e-06,False
var2,11,0.001,1,0.14924314555511392,0.25710407646836575,0.9927577389017589,132,100000,9.610516148618295e-06,False
var2,11,0.0007,1,0.1438548952774901,0.2614345384453322,0.9926357558638235,145,100000,4.2258770767017086e-05,False
var2,11,0.0005,1,0.13934765734257512,0.26588477415986544,0.9925103989677521,157,100000,4.6311054790277185e-05,False
var2,11,0.0003,1,0.1337810795448554,0.27338766354934924,0.9922990531007543,167,100000,2.3088769294147804e-05,False
var2,11,0.003,2,0.18078483834729983,0.4125260041317665,0.9912794284098349,117,100000,2.5425729883051623e-05,False
var2,11,0.002,2,0.16856735873598225,0.4433391539990703,0.9906280554620812,122,64221,3.48397626127598e-06,True
var2,11,0.0015,2,0.16104450456295588,0.3923545022064792,0.9917058428051911,126,100000,1.9881284480540028e-05,False
var2,11,0.001,2,0.15150297424314405,0.34516113154718286,0.9927034845618163,135,100000,9.345706223954723e-05,False
var2,11,0.0007,2,0.14553907133544192,0.34938825287294234,0.9926141255546934,145,100000,3.176370946509278e-05,False
var2,11,0.0005,2,0.14053217587565137,0.364360110716464,0.9922976287596926,154,60817,3.905764241161271e-06,True
var2,11,0.0003,2,0.13341774507327417,0.4004560816111445,0.9915345798969523,161,70845,3.905554131870108e-06,True
var2,11,0.003,3,0.181520309335562,0.3806715915117258,0.9906294618835786,107,100000,2.2574880433447188e-05,False
var2,11,0.002,3,0.16896684349903068,0.34521168154062293,0.9915023361547306,118,100000,4.436948450971554e-05,False
var2,11,0.0015,3,0.16077113996173173,0.3243674916042845,0.9920154326942668,126,100000,1.6970791591330477e-05,False
var2,11,0.001,3,0.14981715882164678,0.29584798035464926,0.9927174634556513,135,100000,4.98853445711843e-06,False
var2,11,0.0007,3,0.14404884915775434,0.29293843157271837,0.9927890843445503,144,100000,4.1248641126359e-05,False
var2,11,0.0005,3,0.13930772875677183,0.30646597834461436,0.9924560928750678,154,100000,9.506628037537004e-05,False
var2,11,0.0003,3,0.1338507379799946,0.379234640340825,0.9906648335950974,167,100000,0.0001256630333782401,False
var2,11,0.003,4,0.1682119390713007,0.35085246433975725,0.9896222941763414,114,100000,9.56358069695821e-06,False
var2,11,0.002,4,0.15411081193608356,0.3323592916394685,0.9901692953393255,121,100000,3.077468344795826e-05,False
var2,11,0.0015,4,0.1468145903400449,0.32457811571460093,0.9903994512108608,130,100000,0.00011567794947637155,False
var2,11,0.001,4,0.13975232642563623,0.31630765247144826,0.9906440794899419,134,66074,3.3531558430490127e-06,True
var2,11,0.0007,4,0.134924744117086,0.3066474201627956,0.9909298151175256,148,100000,8.812632208452708e-06,False
var2,11,0.0005,4,0.1306554579003204,0.29898861726017384,0.9911563513729695,153,100000,6.263353410370179e-06,False
var2,11,0.0003,4,0.12451264313421881,0.29901656487760275,0.9911555247230764,169,100000,4.4790182092065035e-05,False
var2,12,0.003,0,0.17917076484630634,0.2597257330844104,0.9943255332681252,123,100000,2.7229455758364435e-05,False
var2,12,0.002,0,0.1639079694269322,0.23165643332567948,0.9949387890505863,127,100000,4.363501551859345e-06,False
var2,12,0.0015,0,0.1564342283100508,0.2209917422683012,0.9951717903550474,137,100000,2.5429962375883628e-05,False
var2,12,0.001,0,0.14832291574610076,0.21400985854061635,0.9953243299839402,145,94483,3.9346414060240134e-06,True
var2,12,0.0007,0,0.14368660225256022,0.2105851344383205,0.9953991530781078,150,76827,3.934734243377283e-06,True
var2,12,0.0005,0,0.14051961750537292,0.208482081692743,0.9954451004037671,156,50233,3.9344853749042575e-06,True
var2,12,0.0003,0,0.1341841960391915,0.20875350371438275,0.9954391703974724,173,100000,8.114664464477546e-06,False
var2,12,0.003,1,0.17188465973359116,0.26157004269914774,0.9926319388991158,122,100000,3.491845321162439e-06,True
var2,12,0.002,1,0.15755309195825498,0.2588684219123317,0.9927080397661084,132,61676,3.1939134581354058e-06,True
var2,12,0.0015,1,0.1499253869665943,0.2607707002391001,0.9926544552546793,134,60651,3.9770748422384775e-06,True
var2,12,0.001,1,0.1432735537739351,0.26721831162429754,0.9924728350884299,141,100000,4.835626259518159e-05,False
var2,12,0.0007,1,0.13859344975275048,0.2769392852948064,0.9921990088993705,158,100000,2.868133726332795e-05,False
var2,12,0.0005,1,0.1338400306242539,0.28149155705583234,0.9920707777910336,162,100000,4.262853240422848e-05,False
var2,12,0.0003,1,0.12913900555890526,0.28271101727270576,0.9920364273077164,165,100000,7.75601921426564e-05,False
var2,12,0.003,2,0.1747189809249075,0.6220968796821531,0.9868492159986264,122,100000,0.00013386561616464455,False
var2,12,0.002,2,0.16224550933241066,0.6100211655445702,0.9871044899173235,124,95627,3.90567244629002e-06,True
var2,12,0.0015,2,0.15558891756857654,0.5450227961141689,0.988478519501361,131,100000,6.00394683331595e-05,False
var2,12,0.001,2,0.1470331152578228,0.5319058372657928,0.9887558047574099,139,100000,5.39464261050286e-06,False
var2,12,0.0007,2,0.14141253166032922,0.48221402088228027,0.9898062622749422,153,100000,2.757876649767835e-05,False
var2,12,0.0005,2,0.13646607897432977,0.49975225531463324,0.9894355136981238,162,100000,4.5623481262567104e-05,False
var2,12,0.0003,2,0.12948628871239834,0.7619380965132999,0.9838930500105005,178,100000,6.225896105652066e-05,False
var2,12,0.003,3,0.17637205904952452,0.3608772140439884,0.991116716442858,118,100000,4.909213443189338e-05,False
var2,12,0.002,3,0.16293527544095338,0.3253928535049928,0.9919901925844504,124,100000,3.556863867236712e-05,False
var2,12,0.0015,3,0.15480875169554648,0.3149325916672929,0.9922476803624816,134,100000,1.960837548182815e-05,False
var2,12,0.001,3,0.14408109263363053,0.2902338336979314,0.9928556602016418,145,100000,3.301101723549335e-05,False
var2,12,0.0007,3,0.13897895473534339,0.28859424220424107,0.9928960200680714,150,100000,6.341368874110709e-05,False
var2,12,0.0005,3,0.13510519048078667,0.297223458713981,0.9926836049469476,164,100000,4.566728890837937e-05,False
var2,12,0.0003,3,0.12989450953150125,0.38492888085898924,0.990524665274137,169,100000,3.14787612557062e-05,False
var2,12,0.003,4,0.16291726865740752,0.3420093701497764,0.9898838600463352,117,100000,3.1693786446195336e-06,True
var2,12,0.002,4,0.14912466496703164,0.32300492797977115,0.9904459838169469,126,100000,9.187989675952003e-06,False
var2,12,0.0015,4,0.14172319835689767,0.31319118179603456,0.9907362601617761,135,100000,8.800696822283625e-05,False
var2,12,0.001,4,0.13512767368477097,0.305201816938207,0.990972573959282,140,97778,4.242754673438571e-06,True
var2,12,0.0007,4,0.12952172658367833,0.2977917502856522,0.9911917529580632,149,92004,2.842749098187528e-06,True
var2,12,0.0005,4,0.12541774753417084,0.29358896644526183,0.9913160651940285,156,100000,2.3266857806654485e-05,False
var2,12,0.0003,4,0.12062931835612146,0.29460414115865186,0.9912860378018737,165,100000,7.009900889455319e-05,False
