problem,degree,alpha,polynomial_terms,train_mse,validation_mse,validation_mse_std,validation_r2,mean_nonzero_terms,converged_folds,interior_mse,boundary_mse
var2,10,0.003,285,0.18157319900450125,0.32942424738763937,0.06953629440976414,0.9917888354455584,108.0,4,0.2470908749388319,0.3942748988574447
var2,10,0.002,285,0.16954075540701413,0.3242665706244224,0.09182842130985737,0.9919639355597972,114.2,3,0.2412557436462679,0.3897445197857095
var2,10,0.0015,285,0.16183930449041073,0.3197070767031634,0.09408856738711151,0.9920792718984883,120.8,4,0.23962098591790715,0.3828760130953485
var2,10,0.001,285,0.15320724030000002,0.3062514783767309,0.08553290700509401,0.9923974410714663,127.4,3,0.23818286216712667,0.3599589775912769
var2,10,0.0007,285,0.14718349188851684,0.30711532155887894,0.09422906410286935,0.9923932426036179,135.0,4,0.23729665344896575,0.3622524533630835
var2,10,0.0005,285,0.1426868936891473,0.31555340428274864,0.11539470048456527,0.9922207237021047,140.2,4,0.23774015531035683,0.3770517811774065
var2,10,0.0003,285,0.1370805406274192,0.3172012604427168,0.10792271197344187,0.9921624786221216,153.6,3,0.24186589470365405,0.3767256041266154
var2,11,0.003,363,0.17865945533282634,0.33188931030021734,0.0712702680885655,0.9917210544828935,115.8,1,0.24747266670433862,0.39836220965111035
var2,11,0.002,363,0.16533054892507829,0.3212901509594984,0.08408788931247604,0.9920144336416994,121.8,2,0.2403409277509046,0.38509987270426066
var2,11,0.0015,363,0.15775304428372072,0.30314001125636975,0.06745810037461339,0.9924288055078551,127.8,0,0.2398320626207032,0.3530093662674649
var2,11,0.001,363,0.1489769664902792,0.28556216450936717,0.051531074739600564,0.9928321278823775,134.8,1,0.23968547316328648,0.32167777897127975
var2,11,0.0007,363,0.14354827568124737,0.28394168015265786,0.052339597964155556,0.992879203353025,146.2,0,0.238379518248653,0.31982997275081826
var2,11,0.0005,363,0.13895832429667682,0.28835745592983947,0.05807465359243469,0.992783576493896,154.2,1,0.23899489870801707,0.3272518067332842
var2,11,0.0003,363,0.13297514507875283,0.31217051454933786,0.07852276821504076,0.9922186143458696,166.6,1,0.24480952084237506,0.3652134733133091
var2,12,0.003,454,0.17301274664234742,0.3692558479318952,0.1486053818852319,0.9909614529310122,120.4,2,0.2488822303704862,0.4643391180962136
var2,12,0.002,454,0.1591533022251166,0.34978876045346907,0.15104237260647996,0.9914374990270831,126.6,2,0.24200242778551975,0.4349725470869676
var2,12,0.0015,454,0.15169609657953315,0.3309818024169796,0.12591171761514994,0.9918577411270691,134.2,1,0.24080467106339631,0.4022288653493381
var2,12,0.001,454,0.14356767021925204,0.32171393161336903,0.12248900323300739,0.9920762407981407,142.0,2,0.2397834738624134,0.3864841408979587
var2,12,0.0007,454,0.1384386529969323,0.31122488662106007,0.10153046517133883,0.9922984394557112,152.0,2,0.23850579041034647,0.3686983970401709
var2,12,0.0005,454,0.13426973302378284,0.3161076638444903,0.10882391935474382,0.9921902124067801,160.0,1,0.23921716332181175,0.3768853748007966
var2,12,0.0003,454,0.12866666363962356,0.38658712790360594,0.2189560535370601,0.99063587015834,170.0,0,0.2425646788859579,0.5004650276524886
