x1_power,x2_power,x3_power,x4_power,x5_power,x6_power,coefficient
0,0,0,0,0,0,0.06895073147432329
0,0,0,0,0,1,0.0
0,0,0,0,1,0,0.0
0,0,0,1,0,0,0.0
0,0,1,0,0,0,0.0
0,1,0,0,0,0,0.0
1,0,0,0,0,0,0.1221684581105561
0,0,0,0,0,2,1.6081662843986593
0,0,0,0,1,1,0.0
0,0,0,0,2,0,0.0
0,0,0,1,0,1,0.0
0,0,0,1,1,0,0.0
0,0,0,2,0,0,0.0
0,0,1,0,0,1,-1.5161318859920814
0,0,1,0,1,0,0.0
0,0,1,1,0,0,0.0
0,0,2,0,0,0,-0.06671015730004809
0,1,0,0,0,1,1.117672913777628
0,1,0,0,1,0,0.0
0,1,0,1,0,0,0.0
0,1,1,0,0,0,0.0
0,2,0,0,0,0,0.0
1,0,0,0,0,1,0.0
1,0,0,0,1,0,-2.4851361076309857
1,0,0,1,0,0,0.0
1,0,1,0,0,0,0.0
1,1,0,0,0,0,0.0
2,0,0,0,0,0,0.0
0,0,0,0,0,3,0.0
0,0,0,0,1,2,0.0
0,0,0,0,2,1,0.0
0,0,0,0,3,0,0.0
0,0,0,1,0,2,0.0
0,0,0,1,1,1,0.0
0,0,0,1,2,0,0.0
0,0,0,2,0,1,-0.018762741530874746
0,0,0,2,1,0,0.0
0,0,0,3,0,0,0.0
0,0,1,0,0,2,-0.07633887582469774
0,0,1,0,1,1,0.0
0,0,1,0,2,0,0.0
0,0,1,1,0,1,0.0
0,0,1,1,1,0,0.0
0,0,1,2,0,0,0.0
0,0,2,0,0,1,0.0
0,0,2,0,1,0,0.0
0,0,2,1,0,0,0.0
0,0,3,0,0,0,0.0
0,1,0,0,0,2,0.0
0,1,0,0,1,1,0.0
0,1,0,0,2,0,0.0
0,1,0,1,0,1,-1.867537269141693
0,1,0,1,1,0,0.0
0,1,0,2,0,0,0.0
0,1,1,0,0,1,0.0
0,1,1,0,1,0,0.0
0,1,1,1,0,0,0.0
0,1,2,0,0,0,0.0
0,2,0,0,0,1,0.0
0,2,0,0,1,0,0.0
0,2,0,1,0,0,0.0
0,2,1,0,0,0,0.0
0,3,0,0,0,0,0.0
1,0,0,0,0,2,0.06735352851470199
1,0,0,0,1,1,0.0
1,0,0,0,2,0,0.0
1,0,0,1,0,1,0.0
1,0,0,1,1,0,0.0
1,0,0,2,0,0,0.0
1,0,1,0,0,1,0.0
1,0,1,0,1,0,0.0
1,0,1,1,0,0,0.0
1,0,2,0,0,0,0.041670124916702314
1,1,0,0,0,1,0.0
1,1,0,0,1,0,0.0
1,1,0,1,0,0,0.0
1,1,1,0,0,0,0.0
1,2,0,0,0,0,0.0
2,0,0,0,0,1,-1.0843310776341948
2,0,0,0,1,0,0.0
2,0,0,1,0,0,0.0
2,0,1,0,0,0,0.0
2,1,0,0,0,0,0.0
3,0,0,0,0,0,0.022740422287585424
0,0,0,0,0,4,1.1122868912504529
0,0,0,0,1,3,0.0
0,0,0,0,2,2,0.0
0,0,0,0,3,1,0.0
0,0,0,0,4,0,0.0
0,0,0,1,0,3,0.0
0,0,0,1,1,2,0.005399522122990876
0,0,0,1,2,1,0.0
0,0,0,1,3,0,0.0
0,0,0,2,0,2,0.02953822942698822
0,0,0,2,1,1,0.024799449101741835
0,0,0,2,2,0,1.3522975588347026
0,0,0,3,0,1,0.0
0,0,0,3,1,0,0.0
0,0,0,4,0,0,0.0
0,0,1,0,0,3,-0.04963482344202971
0,0,1,0,1,2,0.0
0,0,1,0,2,1,0.0
0,0,1,0,3,0,0.0
0,0,1,1,0,2,0.0
0,0,1,1,1,1,0.0
0,0,1,1,2,0,-0.011616089843858424
0,0,1,2,0,1,0.0
0,0,1,2,1,0,0.0
0,0,1,3,0,0,-0.00038236846399504666
0,0,2,0,0,2,0.00022352924639997573
0,0,2,0,1,1,0.0
0,0,2,0,2,0,-0.7759854135316298
0,0,2,1,0,1,0.0
0,0,2,1,1,0,0.0
0,0,2,2,0,0,-1.2407061903835752
0,0,3,0,0,1,-0.17172226967545234
0,0,3,0,1,0,0.0
0,0,3,1,0,0,0.012314010961971338
0,0,4,0,0,0,-0.010494688823341515
0,1,0,0,0,3,0.0
0,1,0,0,1,2,0.020711127538185884
0,1,0,0,2,1,0.04396162854814695
0,1,0,0,3,0,0.639276942154779
0,1,0,1,0,2,0.0
0,1,0,1,1,1,0.0
0,1,0,1,2,0,0.019688137210220856
0,1,0,2,0,1,0.0
0,1,0,2,1,0,0.0026863638345390253
0,1,0,3,0,0,0.0
0,1,1,0,0,2,0.0
0,1,1,0,1,1,0.0
0,1,1,0,2,0,0.0
0,1,1,1,0,1,0.0
0,1,1,1,1,0,0.021683668157477687
0,1,1,2,0,0,0.02118585064812473
0,1,2,0,0,1,0.0
0,1,2,0,1,0,0.0
0,1,2,1,0,0,0.0
0,1,3,0,0,0,-0.14532117496647745
0,2,0,0,0,2,0.09705075127355625
0,2,0,0,1,1,0.0
0,2,0,0,2,0,0.5306221975750809
0,2,0,1,0,1,0.0
0,2,0,1,1,0,0.0
0,2,0,2,0,0,0.0
0,2,1,0,0,1,0.0
0,2,1,0,1,0,0.0
0,2,1,1,0,0,0.0
0,2,2,0,0,0,0.0
0,3,0,0,0,1,0.0
0,3,0,0,1,0,0.0
0,3,0,1,0,0,0.0
0,3,1,0,0,0,-2.5328506311151298
0,4,0,0,0,0,0.0
1,0,0,0,0,3,0.0
1,0,0,0,1,2,-0.8595315801075103
1,0,0,0,2,1,-0.045390938096445746
1,0,0,0,3,0,0.0
1,0,0,1,0,2,0.0
1,0,0,1,1,1,0.005613402214705596
1,0,0,1,2,0,0.0
1,0,0,2,0,1,-0.023591943915468892
1,0,0,2,1,0,0.0
1,0,0,3,0,0,0.0
1,0,1,0,0,2,0.9629061151173738
1,0,1,0,1,1,0.0007724635602468246
1,0,1,0,2,0,0.0
1,0,1,1,0,1,0.0
1,0,1,1,1,0,0.0
1,0,1,2,0,0,0.0
1,0,2,0,0,1,0.0
1,0,2,0,1,0,0.0
1,0,2,1,0,0,-0.010954758072865481
1,0,3,0,0,0,0.0
1,1,0,0,0,2,0.0
1,1,0,0,1,1,-0.03234491296148961
1,1,0,0,2,0,0.0
1,1,0,1,0,1,0.0
1,1,0,1,1,0,0.0
1,1,0,2,0,0,0.0
1,1,1,0,0,1,0.0
1,1,1,0,1,0,0.29807495854069566
1,1,1,1,0,0,-0.1514591992013917
1,1,2,0,0,0,-0.28806895749073075
1,2,0,0,0,1,0.0
1,2,0,0,1,0,0.0
1,2,0,1,0,0,0.0
1,2,1,0,0,0,0.0
1,3,0,0,0,0,-0.01459094690170549
2,0,0,0,0,2,0.0
2,0,0,0,1,1,0.2092155212920196
2,0,0,0,2,0,0.0
2,0,0,1,0,1,0.0
2,0,0,1,1,0,0.0
2,0,0,2,0,0,0.0
2,0,1,0,0,1,-0.09099278067196453
2,0,1,0,1,0,-0.021285726884727928
2,0,1,1,0,0,0.0
2,0,2,0,0,0,-0.211940248377876
2,1,0,0,0,1,0.0
2,1,0,0,1,0,0.0
2,1,0,1,0,0,0.0
2,1,1,0,0,0,0.0
2,2,0,0,0,0,0.0
3,0,0,0,0,1,0.0
3,0,0,0,1,0,-0.2649212484244546
3,0,0,1,0,0,0.0
3,0,1,0,0,0,0.0
3,1,0,0,0,0,0.0
4,0,0,0,0,0,0.0
0,0,0,0,0,5,0.0
0,0,0,0,1,4,0.0
0,0,0,0,2,3,1.0008373571326101
0,0,0,0,3,2,0.0
0,0,0,0,4,1,0.12471718079137997
0,0,0,0,5,0,0.0
0,0,0,1,0,4,0.0
0,0,0,1,1,3,0.7138651253870639
0,0,0,1,2,2,0.0
0,0,0,1,3,1,0.0
0,0,0,1,4,0,0.0
0,0,0,2,0,3,0.0
0,0,0,2,1,2,0.0
0,0,0,2,2,1,0.0
0,0,0,2,3,0,0.0
0,0,0,3,0,2,0.0
0,0,0,3,1,1,0.0
0,0,0,3,2,0,-0.6452868597483012
0,0,0,4,0,1,0.0
0,0,0,4,1,0,0.0
0,0,0,5,0,0,0.0
0,0,1,0,0,4,-0.2936061528227073
0,0,1,0,1,3,0.0
0,0,1,0,2,2,0.0
0,0,1,0,3,1,0.0
0,0,1,0,4,0,0.0
0,0,1,1,0,3,0.0
0,0,1,1,1,2,0.0
0,0,1,1,2,1,0.0
0,0,1,1,3,0,0.0
0,0,1,2,0,2,-0.15265853367244575
0,0,1,2,1,1,0.0
0,0,1,2,2,0,0.0
0,0,1,3,0,1,0.0
0,0,1,3,1,0,-0.008609397359522375
0,0,1,4,0,0,0.0
0,0,2,0,0,3,0.0
0,0,2,0,1,2,0.0
0,0,2,0,2,1,0.0
0,0,2,0,3,0,0.0
0,0,2,1,0,2,-0.0020509690872124913
0,0,2,1,1,1,0.0
0,0,2,1,2,0,0.0
0,0,2,2,0,1,0.0
0,0,2,2,1,0,-0.24283935201554196
0,0,2,3,0,0,0.0
0,0,3,0,0,2,-1.8093026041961426
0,0,3,0,1,1,0.0
0,0,3,0,2,0,0.0
0,0,3,1,0,1,0.0
0,0,3,1,1,0,0.0
0,0,3,2,0,0,0.0
0,0,4,0,0,1,0.0
0,0,4,0,1,0,0.0
0,0,4,1,0,0,0.0
0,0,5,0,0,0,0.0
0,1,0,0,0,4,0.002376768799140935
0,1,0,0,1,3,0.0
0,1,0,0,2,2,0.0
0,1,0,0,3,1,0.0
0,1,0,0,4,0,0.0
0,1,0,1,0,3,-0.1578342002093819
0,1,0,1,1,2,0.0
0,1,0,1,2,1,0.0
0,1,0,1,3,0,-0.052360025991502246
0,1,0,2,0,2,0.0
0,1,0,2,1,1,0.027634684920571913
0,1,0,2,2,0,0.0
0,1,0,3,0,1,0.0
0,1,0,3,1,0,-0.11191369237115752
0,1,0,4,0,0,0.0
0,1,1,0,0,3,-0.005779191463585592
0,1,1,0,1,2,0.0
0,1,1,0,2,1,0.0
0,1,1,0,3,0,0.0
0,1,1,1,0,2,0.0
0,1,1,1,1,1,0.0
0,1,1,1,2,0,0.0
0,1,1,2,0,1,0.0
0,1,1,2,1,0,0.0
0,1,1,3,0,0,0.0
0,1,2,0,0,2,0.024404703883546125
0,1,2,0,1,1,0.0
0,1,2,0,2,0,0.12495458042280394
0,1,2,1,0,1,0.0
0,1,2,1,1,0,-0.734534572385844
0,1,2,2,0,0,0.00869297933144121
0,1,3,0,0,1,0.0
0,1,3,0,1,0,0.0
0,1,3,1,0,0,0.0
0,1,4,0,0,0,0.0
0,2,0,0,0,3,0.0
0,2,0,0,1,2,0.0
0,2,0,0,2,1,0.0
0,2,0,0,3,0,0.0
0,2,0,1,0,2,0.0
0,2,0,1,1,1,0.0
0,2,0,1,2,0,-0.32170994625728744
0,2,0,2,0,1,0.0
0,2,0,2,1,0,-1.7142517615767154
0,2,0,3,0,0,0.0
0,2,1,0,0,2,0.0
0,2,1,0,1,1,0.0
0,2,1,0,2,0,0.0
0,2,1,1,0,1,0.0
0,2,1,1,1,0,0.0
0,2,1,2,0,0,0.0
0,2,2,0,0,1,-0.07154524104720394
0,2,2,0,1,0,0.0
0,2,2,1,0,0,0.0
0,2,3,0,0,0,0.0
0,3,0,0,0,2,0.0
0,3,0,0,1,1,0.0
0,3,0,0,2,0,0.0
0,3,0,1,0,1,0.0
0,3,0,1,1,0,0.0
0,3,0,2,0,0,0.0
0,3,1,0,0,1,0.0
0,3,1,0,1,0,0.0
0,3,1,1,0,0,0.0
0,3,2,0,0,0,0.00875507665345541
0,4,0,0,0,1,0.0
0,4,0,0,1,0,-0.022862478724140264
0,4,0,1,0,0,0.0
0,4,1,0,0,0,0.0
0,5,0,0,0,0,0.0
1,0,0,0,0,4,0.0
1,0,0,0,1,3,0.001012881922410455
1,0,0,0,2,2,0.0
1,0,0,0,3,1,0.0
1,0,0,0,4,0,0.0
1,0,0,1,0,3,0.0
1,0,0,1,1,2,0.0019992983612598827
1,0,0,1,2,1,0.0
1,0,0,1,3,0,0.0
1,0,0,2,0,2,0.12747778545331992
1,0,0,2,1,1,0.0
1,0,0,2,2,0,-0.0961841273404739
1,0,0,3,0,1,0.0
1,0,0,3,1,0,0.0
1,0,0,4,0,0,0.0
1,0,1,0,0,3,0.0
1,0,1,0,1,2,0.008947289053128964
1,0,1,0,2,1,0.0
1,0,1,0,3,0,0.0
1,0,1,1,0,2,0.0
1,0,1,1,1,1,-0.006965935339693048
1,0,1,1,2,0,0.0
1,0,1,2,0,1,0.0
1,0,1,2,1,0,0.0
1,0,1,3,0,0,0.0
1,0,2,0,0,2,-1.0413213713113048
1,0,2,0,1,1,-0.03407681202040181
1,0,2,0,2,0,0.41650877753204324
1,0,2,1,0,1,0.0
1,0,2,1,1,0,0.009766310749788547
1,0,2,2,0,0,0.04230815748530841
1,0,3,0,0,1,-0.022254809640195886
1,0,3,0,1,0,0.0
1,0,3,1,0,0,0.0
1,0,4,0,0,0,0.003377888633957809
1,1,0,0,0,3,0.0
1,1,0,0,1,2,0.0
1,1,0,0,2,1,0.0
1,1,0,0,3,0,0.08089488561528364
1,1,0,1,0,2,0.0
1,1,0,1,1,1,-0.37330445260233974
1,1,0,1,2,0,-0.2894459680363889
1,1,0,2,0,1,0.0
1,1,0,2,1,0,0.0
1,1,0,3,0,0,0.0
1,1,1,0,0,2,0.0
1,1,1,0,1,1,0.0
1,1,1,0,2,0,0.10553642588792733
1,1,1,1,0,1,0.019510674828392912
1,1,1,1,1,0,0.0
1,1,1,2,0,0,0.11428357404397979
1,1,2,0,0,1,0.0
1,1,2,0,1,0,0.0
1,1,2,1,0,0,0.0
1,1,3,0,0,0,0.19385735064246867
1,2,0,0,0,2,0.0
1,2,0,0,1,1,0.0
1,2,0,0,2,0,0.0
1,2,0,1,0,1,0.0038730279262698857
1,2,0,1,1,0,0.01778098824455001
1,2,0,2,0,0,1.2498748559698516
1,2,1,0,0,1,0.0
1,2,1,0,1,0,0.0
1,2,1,1,0,0,0.0
1,2,2,0,0,0,0.013291606064145527
1,3,0,0,0,1,0.0
1,3,0,0,1,0,0.026778186820474274
1,3,0,1,0,0,0.0
1,3,1,0,0,0,0.0
1,4,0,0,0,0,0.0
2,0,0,0,0,3,0.0
2,0,0,0,1,2,0.0
2,0,0,0,2,1,0.0
2,0,0,0,3,0,0.0
2,0,0,1,0,2,0.0
2,0,0,1,1,1,0.0
2,0,0,1,2,0,0.0
2,0,0,2,0,1,0.003475000211824653
2,0,0,2,1,0,0.0
2,0,0,3,0,0,-0.035299499260776544
2,0,1,0,0,2,0.0
2,0,1,0,1,1,0.0
2,0,1,0,2,0,0.0
2,0,1,1,0,1,0.0
2,0,1,1,1,0,-0.22978075569797113
2,0,1,2,0,0,0.0
2,0,2,0,0,1,-0.037634983916328975
2,0,2,0,1,0,-1.2199163335938374
2,0,2,1,0,0,0.0
2,0,3,0,0,0,0.0
2,1,0,0,0,2,0.0161079092932626
2,1,0,0,1,1,0.0
2,1,0,0,2,0,0.0
2,1,0,1,0,1,0.0
2,1,0,1,1,0,0.0
2,1,0,2,0,0,0.0
2,1,1,0,0,1,0.027225183124946956
2,1,1,0,1,0,-0.009336135049023673
2,1,1,1,0,0,0.0
2,1,2,0,0,0,0.1097207996529923
2,2,0,0,0,1,0.0
2,2,0,0,1,0,0.0
2,2,0,1,0,0,0.0
2,2,1,0,0,0,0.0
2,3,0,0,0,0,0.0
3,0,0,0,0,2,0.06297057859182531
3,0,0,0,1,1,0.0
3,0,0,0,2,0,0.0
3,0,0,1,0,1,0.0
3,0,0,1,1,0,0.0
3,0,0,2,0,0,0.0
3,0,1,0,0,1,0.0
3,0,1,0,1,0,0.0
3,0,1,1,0,0,-0.021476183454095667
3,0,2,0,0,0,0.2855200909729441
3,1,0,0,0,1,0.0
3,1,0,0,1,0,0.0
3,1,0,1,0,0,0.0
3,1,1,0,0,0,0.15741116756579165
3,2,0,0,0,0,0.0
4,0,0,0,0,1,0.0
4,0,0,0,1,0,-0.02518253970581817
4,0,0,1,0,0,-0.033243251435205096
4,0,1,0,0,0,0.007373737379138495
4,1,0,0,0,0,0.0
5,0,0,0,0,0,0.0
