problem,model,segment,rows,mse,r2
var1,Predict training mean,All development rows,800,10.044685266090926,-0.00183569869620559
var1,Predict training mean,Interior: no boundary features,100,3.1695535767293204,-0.001346711427543612
var1,Predict training mean,At least one boundary feature,700,11.026846935999728,-0.0019725822828495776
var1,Predict training mean,Largest |y|: fold training 90th percentile,80,47.25741992663867,-0.2683176178194786
var1,Predict training mean,Exactly 1 boundary features,239,5.175323892173358,-0.005943880301859217
var1,Predict training mean,Exactly 2 boundary features,246,10.14676082272702,-0.0028812234571060635
var1,Predict training mean,Exactly 3 boundary features,145,16.281653200692336,-0.005255807813436153
var1,Predict training mean,Exactly 4 boundary features,54,21.18148808792793,0.0002061787902422063
var1,Predict training mean,Exactly 5 boundary features,15,31.857155696607567,-0.09205724878984123
var1,Predict training mean,Exactly 6 boundary features,1,3.289876281918686,
var1,"Degree 1, all features",All development rows,800,8.93739356559367,0.1086032374218886
var1,"Degree 1, all features",Interior: no boundary features,100,3.0070891446496995,0.04998014607733747
var1,"Degree 1, all features",At least one boundary feature,700,9.78457991144281,0.11090805401368353
var1,"Degree 1, all features",Largest |y|: fold training 90th percentile,80,38.467127288677055,-0.03239946918117287
var1,"Degree 1, all features",Exactly 1 boundary features,239,5.426624665373914,-0.05478999702481935
var1,"Degree 1, all features",Exactly 2 boundary features,246,8.660656572819505,0.14400171528269767
var1,"Degree 1, all features",Exactly 3 boundary features,145,13.978264208084482,0.13695918312950595
var1,"Degree 1, all features",Exactly 4 boundary features,54,19.200548376163155,0.09370911285181238
var1,"Degree 1, all features",Exactly 5 boundary features,15,23.862987661029536,0.1819813136743743
var1,"Degree 1, all features",Exactly 6 boundary features,1,0.09838867149917371,
var2,Predict training mean,All development rows,798,40.769638014552065,-0.001411423792271771
var2,Predict training mean,Interior: no boundary features,352,6.112849337189909,-0.2879119184325829
var2,Predict training mean,At least one boundary feature,446,68.122081096237,-0.014240501959827956
var2,Predict training mean,Largest |y|: fold training 90th percentile,80,261.0466194488629,-0.09081056473794535
var2,Predict training mean,Exactly 1 boundary features,321,40.45402209882562,-0.0024313683071703895
var2,Predict training mean,Exactly 2 boundary features,116,129.99209801039268,-0.07878675483487685
var2,Predict training mean,Exactly 3 boundary features,9,257.5137451103476,-1.453573533597715
var2,"Degree 1, all features",All development rows,798,30.837451010713988,0.24254967111208936
var2,"Degree 1, all features",Interior: no boundary features,352,11.200188885077525,-1.3597599021504148
var2,"Degree 1, all features",At least one boundary feature,446,46.335917979826164,0.3101243538899414
var2,"Degree 1, all features",Largest |y|: fold training 90th percentile,80,159.11463354374217,0.3351228847921529
var2,"Degree 1, all features",Exactly 1 boundary features,321,26.485040398300463,0.34371333408378824
var2,"Degree 1, all features",Exactly 2 boundary features,116,85.56948491953094,0.2898704739587127
var2,"Degree 1, all features",Exactly 3 boundary features,9,248.6734667202703,-1.3693439594511587
