row_position,group,partition,validation_fold
0,0,development,4
1,1,development,3
2,2,development,2
3,3,development,1
4,4,development,0
5,5,development,4
6,6,development,3
7,7,development,2
8,8,development,1
9,9,development,0
10,10,holdout,-1
11,11,development,4
12,12,development,3
13,13,development,2
14,14,development,1
15,15,development,0
16,16,development,4
17,17,development,3
18,18,development,2
19,19,development,1
20,20,development,0
21,21,development,4
22,22,development,3
23,23,holdout,-1
24,24,development,2
25,25,holdout,-1
26,26,development,1
27,27,development,0
28,28,development,4
29,29,development,3
30,30,holdout,-1
31,31,development,2
32,32,development,1
33,33,development,0
34,34,development,4
35,35,development,3
36,36,development,2
37,37,development,1
38,38,development,0
39,39,holdout,-1
40,40,development,4
41,41,development,3
42,42,development,2
43,43,development,1
44,44,holdout,-1
45,45,development,0
46,46,development,4
47,47,development,3
48,48,development,2
49,49,development,1
50,50,development,0
51,51,development,4
52,52,development,3
53,53,development,2
54,54,holdout,-1
55,55,holdout,-1
56,56,development,1
57,57,development,0
58,58,development,4
59,59,holdout,-1
60,60,holdout,-1
61,61,development,3
62,62,development,2
63,63,holdout,-1
64,64,development,1
65,65,development,0
66,66,holdout,-1
67,67,holdout,-1
68,68,development,4
69,69,development,3
70,70,holdout,-1
71,71,development,2
72,72,holdout,-1
73,73,development,1
74,74,development,0
75,75,development,4
76,76,holdout,-1
77,77,development,3
78,78,holdout,-1
79,79,development,2
80,80,development,1
81,81,development,0
82,82,development,4
83,83,development,3
84,84,development,2
85,85,development,1
86,86,holdout,-1
87,87,development,0
88,88,holdout,-1
89,89,development,4
90,90,development,3
91,91,development,2
92,92,development,1
93,93,development,0
94,94,development,4
95,95,development,3
96,96,holdout,-1
97,97,development,2
98,98,development,1
99,99,development,0
100,100,development,4
101,101,holdout,-1
102,102,development,3
103,103,development,2
104,104,development,1
105,105,development,0
106,106,development,4
107,107,holdout,-1
108,108,development,3
109,109,development,2
110,110,holdout,-1
111,111,development,1
112,112,development,0
113,113,development,4
114,114,development,3
115,115,development,2
116,116,development,1
117,117,development,0
118,118,development,4
119,119,development,3
120,120,holdout,-1
121,121,development,2
122,122,development,1
123,123,development,0
124,124,development,4
125,125,development,3
126,126,development,2
127,127,development,1
128,128,development,0
129,129,development,4
130,130,development,3
131,131,development,2
132,132,development,1
133,133,development,0
134,134,development,4
135,135,development,3
136,136,holdout,-1
137,137,holdout,-1
138,138,development,2
139,139,holdout,-1
140,140,development,1
141,141,development,0
142,142,development,4
143,143,development,3
144,144,development,2
145,145,development,1
146,146,development,0
147,147,development,4
148,148,development,3
149,149,development,2
150,150,development,1
151,151,development,0
152,152,development,4
153,153,development,3
154,154,development,2
155,155,development,1
156,156,development,0
157,157,development,4
158,158,holdout,-1
159,159,development,3
160,160,development,2
161,161,development,1
162,162,development,0
163,163,development,4
164,164,development,3
165,165,development,2
166,166,development,1
167,167,development,0
168,168,holdout,-1
169,169,development,4
170,170,development,3
171,171,development,2
172,172,development,1
173,173,development,0
174,174,holdout,-1
175,175,development,4
176,176,development,3
177,177,development,2
178,178,development,1
179,179,development,0
180,180,development,4
181,181,development,3
182,182,development,2
183,183,development,1
184,184,holdout,-1
185,185,development,0
186,186,development,4
187,187,development,3
188,188,development,2
189,189,development,1
190,190,development,0
191,191,development,4
192,192,development,3
193,193,development,2
194,194,development,1
195,195,development,0
196,196,development,4
197,197,development,3
198,198,holdout,-1
199,199,holdout,-1
200,200,development,2
201,201,development,1
202,202,development,0
203,203,development,4
204,204,development,3
205,205,development,2
206,206,development,1
207,207,development,0
208,208,holdout,-1
209,209,holdout,-1
210,210,holdout,-1
211,211,development,4
212,212,development,3
213,213,holdout,-1
214,214,development,2
215,215,holdout,-1
216,216,development,1
217,217,development,0
218,218,holdout,-1
219,219,development,4
220,220,development,3
221,221,holdout,-1
222,222,development,2
223,223,development,1
224,224,development,0
225,225,development,4
226,226,development,3
227,227,development,2
228,228,development,1
229,229,development,0
230,230,development,4
231,231,development,3
232,232,development,2
233,233,development,1
234,234,development,0
235,235,holdout,-1
236,236,development,4
237,237,holdout,-1
238,238,development,3
239,239,development,2
240,240,development,1
241,241,development,0
242,242,development,4
243,243,development,3
244,244,holdout,-1
245,245,development,2
246,246,development,1
247,247,holdout,-1
248,248,development,0
249,249,development,4
250,250,development,3
251,251,development,2
252,252,development,1
253,253,development,0
254,254,holdout,-1
255,255,development,4
256,256,holdout,-1
257,257,development,3
258,258,development,2
259,259,holdout,-1
260,260,holdout,-1
261,261,holdout,-1
262,262,development,1
263,263,development,0
264,264,development,4
265,265,holdout,-1
266,266,development,3
267,267,development,2
268,268,development,1
269,269,development,0
270,270,development,4
271,271,development,3
272,272,development,2
273,273,development,1
274,274,development,0
275,275,holdout,-1
276,276,development,4
277,277,holdout,-1
278,278,development,3
279,279,development,2
280,280,holdout,-1
281,281,holdout,-1
282,282,development,1
283,283,development,0
284,284,development,4
285,285,development,3
286,286,development,2
287,287,development,1
288,288,development,0
289,289,holdout,-1
290,290,development,4
291,291,development,3
292,292,holdout,-1
293,293,development,2
294,294,holdout,-1
295,295,development,1
296,296,holdout,-1
297,297,development,0
298,298,holdout,-1
299,299,holdout,-1
300,300,development,4
301,301,development,3
302,302,development,2
303,303,development,1
304,304,development,0
305,305,development,4
306,306,development,3
307,307,holdout,-1
308,308,development,2
309,309,holdout,-1
310,310,holdout,-1
311,311,development,1
312,312,holdout,-1
313,313,development,0
314,314,holdout,-1
315,315,development,4
316,316,development,3
317,317,development,2
318,318,holdout,-1
319,319,holdout,-1
320,320,development,1
321,321,holdout,-1
322,322,development,0
323,323,development,4
324,324,development,3
325,325,development,2
326,326,development,1
327,327,holdout,-1
328,328,holdout,-1
329,329,development,0
330,330,development,4
331,331,development,3
332,332,holdout,-1
333,333,development,2
334,334,development,1
335,335,development,0
336,336,development,4
337,337,development,3
338,338,development,2
339,339,development,1
340,340,development,0
341,341,development,4
342,342,development,3
343,343,development,2
344,344,development,1
345,345,development,0
346,346,holdout,-1
347,347,development,4
348,348,development,3
349,349,development,2
350,350,development,1
351,351,holdout,-1
352,352,development,0
353,353,development,4
354,354,development,3
355,355,holdout,-1
356,356,development,2
357,357,development,1
358,358,development,0
359,359,development,4
360,360,development,3
361,361,holdout,-1
362,362,development,2
363,363,holdout,-1
364,364,development,1
365,365,holdout,-1
366,366,development,0
367,367,development,4
368,368,development,3
369,369,development,2
370,370,holdout,-1
371,371,holdout,-1
372,372,development,1
373,373,development,0
374,374,development,4
375,375,development,3
376,376,development,2
377,377,holdout,-1
378,378,development,1
379,379,development,0
380,380,development,4
381,381,development,3
382,382,holdout,-1
383,383,development,2
384,384,development,1
385,385,development,0
386,386,development,4
387,387,development,3
388,388,development,2
389,389,development,1
390,390,development,0
391,391,development,4
392,392,development,3
393,393,development,2
394,394,development,1
395,395,development,0
396,396,development,4
397,397,development,3
398,398,development,2
399,399,development,1
400,400,development,0
401,401,development,4
402,402,development,3
403,403,development,2
404,404,development,1
405,405,development,0
406,406,development,4
407,407,development,3
408,408,holdout,-1
409,409,development,2
410,410,development,1
411,411,holdout,-1
412,412,development,0
413,413,development,4
414,414,development,3
415,415,development,2
416,416,development,1
417,417,development,0
418,418,development,4
419,419,development,3
420,420,development,2
421,421,development,1
422,422,development,0
423,423,development,4
424,424,development,3
425,425,holdout,-1
426,426,development,2
427,427,development,1
428,428,development,0
429,429,holdout,-1
430,430,development,4
431,431,development,3
432,432,holdout,-1
433,433,development,2
434,434,development,1
435,435,development,0
436,436,holdout,-1
437,437,development,4
438,438,development,3
439,439,holdout,-1
440,440,development,2
441,441,development,1
442,442,development,0
443,443,development,4
444,444,development,3
445,445,holdout,-1
446,446,development,2
447,447,development,1
448,448,development,0
449,449,development,4
450,450,development,3
451,451,holdout,-1
452,452,development,2
453,453,development,1
454,454,development,0
455,455,development,4
456,456,development,3
457,457,development,2
458,458,development,1
459,459,development,0
460,460,development,4
461,461,development,3
462,462,holdout,-1
463,463,development,2
464,464,development,1
465,465,development,0
466,466,development,4
467,467,development,3
468,468,development,2
469,469,development,1
470,470,development,0
471,471,development,4
472,472,development,3
473,473,development,2
474,474,development,1
475,475,development,0
476,476,development,4
477,477,development,3
478,478,development,2
479,479,holdout,-1
480,480,development,1
481,481,development,0
482,482,development,4
483,483,development,3
484,484,development,2
485,485,development,1
486,486,holdout,-1
487,487,development,0
488,488,development,4
489,489,development,3
490,490,development,2
491,491,development,1
492,492,development,0
493,493,holdout,-1
494,494,holdout,-1
495,495,development,4
496,496,development,3
497,497,development,2
498,498,development,1
499,499,holdout,-1
500,500,development,0
501,501,development,4
502,502,development,3
503,503,development,2
504,504,development,1
505,505,development,0
506,506,development,4
507,507,development,3
508,508,development,2
509,509,development,1
510,510,development,0
511,511,development,4
512,512,development,3
513,513,holdout,-1
514,514,development,2
515,515,development,1
516,516,development,0
517,517,development,4
518,518,development,3
519,519,development,2
520,520,development,1
521,521,holdout,-1
522,522,holdout,-1
523,523,development,0
524,524,development,4
525,525,development,3
526,526,holdout,-1
527,527,holdout,-1
528,528,holdout,-1
529,529,holdout,-1
530,530,development,2
531,531,development,1
532,532,development,0
533,533,development,4
534,534,holdout,-1
535,535,development,3
536,536,development,2
537,537,development,1
538,538,development,0
539,539,development,4
540,540,development,3
541,541,development,2
542,542,holdout,-1
543,543,holdout,-1
544,544,development,1
545,545,development,0
546,546,development,4
547,547,development,3
548,548,holdout,-1
549,549,holdout,-1
550,550,development,2
551,551,development,1
552,552,development,0
553,553,development,4
554,554,holdout,-1
555,555,development,3
556,556,development,2
557,557,development,1
558,558,development,0
559,559,holdout,-1
560,560,development,4
561,561,development,3
562,562,development,2
563,563,development,1
564,564,development,0
565,565,development,4
566,566,development,3
567,567,development,2
568,568,development,1
569,569,development,0
570,570,holdout,-1
571,571,development,4
572,572,development,3
573,573,development,2
574,574,development,1
575,575,development,0
576,576,development,4
577,577,development,3
578,578,holdout,-1
579,579,development,2
580,580,development,1
581,581,development,0
582,582,development,4
583,583,holdout,-1
584,584,holdout,-1
585,585,development,3
586,586,development,2
587,587,development,1
588,588,development,0
589,589,holdout,-1
590,590,holdout,-1
591,591,development,4
592,592,development,3
593,593,development,2
594,594,development,1
595,595,holdout,-1
596,596,development,0
597,597,development,4
598,598,development,3
599,599,holdout,-1
600,600,development,2
601,601,holdout,-1
602,602,development,1
603,603,development,0
604,604,holdout,-1
605,605,development,4
606,606,development,3
607,607,development,2
608,608,development,1
609,609,development,0
610,610,development,4
611,611,development,3
612,612,development,2
613,613,holdout,-1
614,614,development,1
615,615,development,0
616,616,development,4
617,617,holdout,-1
618,618,development,3
619,619,development,2
620,620,development,1
621,621,holdout,-1
622,622,development,0
623,623,development,4
624,624,development,3
625,625,development,2
626,626,holdout,-1
627,627,development,1
628,628,development,0
629,629,development,4
630,630,development,3
631,631,development,2
632,632,development,1
633,633,development,0
634,634,development,4
635,635,holdout,-1
636,636,holdout,-1
637,637,development,3
638,638,development,2
639,639,development,1
640,640,development,0
641,641,development,4
642,642,development,3
643,643,holdout,-1
644,644,holdout,-1
645,645,development,2
646,646,development,1
647,647,development,0
648,648,development,4
649,649,holdout,-1
650,650,holdout,-1
651,651,development,3
652,652,holdout,-1
653,653,development,2
654,654,development,1
655,655,development,0
656,656,holdout,-1
657,657,development,4
658,658,development,3
659,659,development,2
660,660,holdout,-1
661,661,development,1
662,662,holdout,-1
663,663,development,0
664,664,development,4
665,665,development,3
666,666,development,2
667,667,development,1
668,668,holdout,-1
669,669,development,0
670,670,holdout,-1
671,671,development,4
672,672,development,3
673,673,development,2
674,674,development,1
675,675,development,0
676,676,development,4
677,677,holdout,-1
678,678,holdout,-1
679,679,holdout,-1
680,680,development,3
681,681,development,2
682,682,development,1
683,683,development,0
684,684,development,4
685,685,development,3
686,686,development,2
687,687,holdout,-1
688,688,development,1
689,689,holdout,-1
690,690,development,0
691,691,development,4
692,692,holdout,-1
693,693,development,3
694,694,development,2
695,695,development,1
696,696,development,0
697,697,holdout,-1
698,698,development,4
699,699,development,3
700,700,development,2
701,701,development,1
702,702,development,0
703,703,development,4
704,704,development,3
705,705,development,2
706,706,development,1
707,707,development,0
708,708,development,4
709,709,development,3
710,710,development,2
711,711,development,1
712,712,development,0
713,713,holdout,-1
714,714,holdout,-1
715,715,development,4
716,716,holdout,-1
717,717,development,3
718,718,development,2
719,719,development,1
720,720,development,0
721,721,holdout,-1
722,722,development,4
723,723,development,3
724,724,development,2
725,725,development,1
726,726,development,0
727,727,development,4
728,728,development,3
729,729,development,2
730,730,development,1
731,731,development,0
732,732,development,4
733,733,development,3
734,734,development,2
735,735,development,1
736,736,development,0
737,737,holdout,-1
738,738,development,4
739,739,development,3
740,740,holdout,-1
741,741,holdout,-1
742,742,development,2
743,743,development,1
744,744,development,0
745,745,development,4
746,746,development,3
747,747,development,2
748,748,development,1
749,749,holdout,-1
750,750,development,0
751,751,development,4
752,752,development,3
753,753,holdout,-1
754,754,development,2
755,755,development,1
756,756,development,0
757,757,development,4
758,758,development,3
759,759,development,2
760,760,development,1
761,761,holdout,-1
762,762,development,0
763,763,development,4
764,764,holdout,-1
765,765,development,3
766,766,development,2
767,767,holdout,-1
768,768,development,1
769,769,development,0
770,770,development,4
771,771,development,3
772,772,development,2
773,773,development,1
774,774,development,0
775,775,development,4
776,776,development,3
777,777,development,2
778,778,development,1
779,779,development,0
780,780,development,4
781,781,development,3
782,782,development,2
783,783,development,1
784,784,development,0
785,785,development,4
786,786,development,3
787,787,holdout,-1
788,788,development,2
789,789,development,1
790,790,development,0
791,791,development,4
792,792,development,3
793,793,development,2
794,794,development,1
795,795,development,0
796,796,development,4
797,797,development,3
798,798,development,2
799,799,development,1
800,800,holdout,-1
801,801,development,0
802,802,holdout,-1
803,803,development,4
804,804,development,3
805,805,development,2
806,806,development,1
807,807,development,0
808,808,development,4
809,809,development,3
810,810,holdout,-1
811,811,holdout,-1
812,812,development,2
813,813,development,1
814,814,development,0
815,815,development,4
816,816,holdout,-1
817,817,development,3
818,818,development,2
819,819,development,1
820,820,holdout,-1
821,821,development,0
822,822,holdout,-1
823,823,holdout,-1
824,824,development,4
825,825,development,3
826,826,holdout,-1
827,827,development,2
828,828,development,1
829,829,holdout,-1
830,830,development,0
831,831,development,4
832,832,development,3
833,833,development,2
834,834,development,1
835,835,development,0
836,836,development,4
837,837,holdout,-1
838,838,development,3
839,839,development,2
840,840,development,1
841,841,development,0
842,842,development,4
843,843,development,3
844,844,development,2
845,845,holdout,-1
846,846,development,1
847,847,development,0
848,848,development,4
849,849,holdout,-1
850,850,development,3
851,851,development,2
852,852,development,1
853,853,development,0
854,854,development,4
855,855,development,3
856,856,development,2
857,857,development,1
858,858,development,0
859,859,holdout,-1
860,860,development,4
861,861,development,3
862,862,development,2
863,863,development,1
864,864,development,0
865,865,holdout,-1
866,866,holdout,-1
867,867,holdout,-1
868,868,development,4
869,869,development,3
870,870,development,2
871,871,development,1
872,872,development,0
873,873,development,4
874,874,development,3
875,875,development,2
876,876,development,1
877,877,development,0
878,878,development,4
879,879,holdout,-1
880,880,development,3
881,881,development,2
882,882,development,1
883,883,holdout,-1
884,884,holdout,-1
885,885,development,0
886,886,development,4
887,887,development,3
888,888,development,2
889,889,development,1
890,890,development,0
891,891,development,4
892,892,holdout,-1
893,893,holdout,-1
894,894,development,3
895,895,development,2
896,896,development,1
897,897,development,0
898,898,development,4
899,899,holdout,-1
900,900,development,3
901,901,holdout,-1
902,902,holdout,-1
903,903,development,2
904,904,development,1
905,905,development,0
906,906,development,4
907,907,development,3
908,908,development,2
909,909,development,1
910,910,development,0
911,911,development,4
912,912,development,3
913,913,development,2
914,914,holdout,-1
915,915,development,1
916,916,development,0
917,917,holdout,-1
918,918,development,4
919,919,development,3
920,920,development,2
921,921,development,1
922,922,development,0
923,923,development,4
924,924,holdout,-1
925,925,development,3
926,926,development,2
927,927,development,1
928,928,development,0
929,929,development,4
930,930,development,3
931,931,development,2
932,932,development,1
933,933,development,0
934,934,development,4
935,935,development,3
936,936,holdout,-1
937,937,development,2
938,938,holdout,-1
939,939,development,1
940,940,development,0
941,941,holdout,-1
942,942,holdout,-1
943,943,development,4
944,944,development,3
945,945,development,2
946,946,development,1
947,947,holdout,-1
948,948,holdout,-1
949,949,development,0
950,950,development,4
951,951,development,3
952,952,development,2
953,953,development,1
954,954,development,0
955,955,development,4
956,956,development,3
957,957,development,2
958,958,development,1
959,959,holdout,-1
960,960,development,0
961,961,development,4
962,962,development,3
963,963,development,2
964,964,development,1
965,965,development,0
966,966,development,4
967,967,development,3
968,968,development,2
969,969,development,1
970,970,development,0
971,971,development,4
972,972,development,3
973,973,holdout,-1
974,974,holdout,-1
975,975,development,2
976,976,development,1
977,977,holdout,-1
978,978,holdout,-1
979,979,development,0
980,980,development,4
981,981,development,3
982,982,development,2
983,983,development,1
984,984,development,0
985,985,holdout,-1
986,986,holdout,-1
987,987,development,4
988,988,development,3
989,989,holdout,-1
990,990,development,2
991,991,development,1
992,992,development,0
993,993,development,4
994,994,development,3
995,995,holdout,-1
996,996,development,2
997,997,development,1
998,998,holdout,-1
999,999,development,0
