feature,bin,x_mean,count,y_mean,y_std,y_standard_error
x1,exactly -1,-1.0,171,0.15477293175085108,3.0870729445767937,0.23607436836401371
x1,"(-1.001, -0.8]",-0.8939511077864813,47,0.40752479606070385,3.4564760944951294,0.5041788561362078
x1,"(-0.8, -0.6]",-0.7024281652770824,60,0.4105459820568462,2.3504241857127135,0.3034384575929489
x1,"(-0.6, -0.4]",-0.49020771500772187,75,0.6322918058813921,2.573365166097364,0.2971466142739038
x1,"(-0.4, -0.2]",-0.297503979378241,84,1.6232917236086013,2.876417145166806,0.31384284042846833
x1,"(-0.2, 0.0]",-0.0962192293664654,91,0.9352100100491734,2.4065235374363207,0.2522722133508887
x1,"(0.0, 0.2]",0.0968227333154161,65,0.8291643154325159,2.3330167130913897,0.289375108800478
x1,"(0.2, 0.4]",0.2996707659429881,74,0.9871257889790168,2.5410401211804876,0.2953899140405401
x1,"(0.4, 0.6]",0.5030633930133886,74,0.7551268616003732,3.1067428955208434,0.36115152578843407
x1,"(0.6, 0.8]",0.7003071972942733,54,0.9455425884460015,3.1084563509379555,0.42300733041731936
x1,"(0.8, 1.0]",0.8994158754593727,51,1.7532240928496876,3.713259218245068,0.5199602930141985
x1,exactly 1,1.0,154,0.4328010010071709,4.349212149386594,0.35046950253939
x2,exactly -1,-1.0,162,0.4867829829928261,3.4325733475270472,0.2696884323285092
x2,"(-1.001, -0.8]",-0.9026906725153254,70,0.5512988538773512,2.5659470840451926,0.3066893364888978
x2,"(-0.8, -0.6]",-0.7032209441980306,57,0.7548819691292467,2.6585604567314385,0.35213493481544117
x2,"(-0.6, -0.4]",-0.49839129787425096,75,1.2029150132424362,2.4977205397811417,0.28841192520061987
x2,"(-0.4, -0.2]",-0.29121255427765347,85,0.9215942442297583,2.5448186700504034,0.27602433957974887
x2,"(-0.2, 0.0]",-0.10181325072468646,76,0.9922777125430932,2.515936234028512,0.2885976787505942
x2,"(0.0, 0.2]",0.0963677129341146,88,1.1147487416821533,2.750360170250766,0.29318937926670097
x2,"(0.2, 0.4]",0.30920096775449374,71,0.44941394166433785,2.5569855195094506,0.3034583514821097
x2,"(0.4, 0.6]",0.4985487823665098,66,1.252790304803976,3.472095940910952,0.42738546619001827
x2,"(0.6, 0.8]",0.6989943429597263,56,1.0464694834285897,3.561474285496498,0.4759220202904792
x2,"(0.8, 1.0]",0.9183208877087876,56,0.6151557825524595,3.714026268573628,0.49630763651717763
x2,exactly 1,1.0,138,0.13692625955120727,4.111655048285815,0.35000732120804784
x3,exactly -1,-1.0,162,0.5017780550366204,3.4905805438353084,0.2742459080915304
x3,"(-1.001, -0.8]",-0.9021199074046397,47,0.49890920597237376,3.559959859324562,0.5192735146132231
x3,"(-0.8, -0.6]",-0.7037400186110504,67,1.3398060533565666,2.6442538743040083,0.32304702656072803
x3,"(-0.6, -0.4]",-0.500400769721827,70,1.2726944792416177,2.774419700885339,0.33160658007991284
x3,"(-0.4, -0.2]",-0.29772530627860233,75,1.6187322022543311,2.2851198396935,0.26386291091551933
x3,"(-0.2, 0.0]",-0.09567446203793206,84,1.7806485729953692,2.3382908775023723,0.2551284510233175
x3,"(0.0, 0.2]",0.10655663994149363,76,1.9053987735138531,2.5077319865171224,0.28765658701875363
x3,"(0.2, 0.4]",0.31283464154940865,66,1.5411707112871782,2.8972559132725677,0.3566275501134087
x3,"(0.4, 0.6]",0.48492461030972694,68,1.6853401385078484,2.8065350066033,0.3403423610064401
x3,"(0.6, 0.8]",0.6980840473591942,52,0.56751044039273,2.397455118541022,0.3324672061739712
x3,"(0.8, 1.0]",0.8943152051310806,57,-0.32186083935615967,3.1534478578897254,0.4176843724092391
x3,exactly 1,1.0,176,-1.1237750801585926,3.5190291532015197,0.2652568028975348
x4,exactly -1,-1.0,152,0.5649740157826993,3.189737693276428,0.25872189081883123
x4,"(-1.001, -0.8]",-0.891925160443259,49,1.294592774189137,2.9245588019125495,0.4177941145589356
x4,"(-0.8, -0.6]",-0.7030186977821774,62,0.8295474263607715,2.803200178763815,0.3560067787099612
x4,"(-0.6, -0.4]",-0.4955047006645479,96,1.3593370346771734,2.7556512861719473,0.28124748167356073
x4,"(-0.4, -0.2]",-0.3000196216604424,81,0.6803224253100321,2.7115027690385007,0.3012780854487223
x4,"(-0.2, 0.0]",-0.10194506501848458,85,1.0661571899775293,3.14953840985352,0.3416154045834833
x4,"(0.0, 0.2]",0.08916421057963615,79,0.3528249869498319,2.8256975733474374,0.3179158151449228
x4,"(0.2, 0.4]",0.3089785969628183,79,0.4002394156416122,2.7323931708534968,0.30741824971001636
x4,"(0.4, 0.6]",0.4972388011522291,70,0.5601340012845134,2.640751822264538,0.31563021281225095
x4,"(0.6, 0.8]",0.6980666666391708,57,0.33438693247311896,3.5613583882759197,0.4717134420376469
x4,"(0.8, 1.0]",0.9000349401629316,50,0.2927387126991926,3.7930610314032793,0.5364198353519397
x4,exactly 1,1.0,140,0.8551087695891957,4.020142500665384,0.33976405390522874
x5,exactly -1,-1.0,161,1.7934508436806436,3.3236224628771884,0.2619381449403541
x5,"(-1.001, -0.8]",-0.8971492445711524,69,1.6708765185527445,2.96047831653757,0.35639970767829726
x5,"(-0.8, -0.6]",-0.6958140181703436,68,1.8035584485720884,3.1940478269151518,0.3873351930484037
x5,"(-0.6, -0.4]",-0.49499973220738946,69,1.2675707288727567,2.6896893352551396,0.3238005451603855
x5,"(-0.4, -0.2]",-0.2988791404800568,91,0.7912354046489721,2.551963976500169,0.2675185140425697
x5,"(-0.2, 0.0]",-0.10391804901385374,88,0.9637253023859198,2.6137207191114427,0.2786235648340304
x5,"(0.0, 0.2]",0.09328158065557016,87,-0.08416216265838385,2.3551526190216587,0.2524988644309182
x5,"(0.2, 0.4]",0.30776312845183806,70,-0.18405364253561868,2.603762592761895,0.3112091542783715
x5,"(0.4, 0.6]",0.4927264859379167,54,-0.16457524833636342,2.893805363529438,0.39379703086535023
x5,"(0.6, 0.8]",0.6999319007996897,63,-0.6327573475757492,3.4892758982997174,0.43960744202821683
x5,"(0.8, 1.0]",0.896902471399073,49,-0.1189115288518433,3.3245831338637624,0.4749404476948232
x5,exactly 1,1.0,131,0.2512610047935739,3.869073388078083,0.33804251146830877
x6,exactly -1,-1.0,170,3.1573132854509876,2.796608296618125,0.2144900651026184
x6,"(-1.001, -0.8]",-0.9129795456646915,41,2.661866958079304,2.3131148968876043,0.3612478551275123
x6,"(-0.8, -0.6]",-0.6938952056854898,82,1.3876789933339129,2.4465668408724963,0.270178109881666
x6,"(-0.6, -0.4]",-0.5030823866068834,76,-4.7250253881985384e-05,2.2618632910145386,0.2594535134114922
x6,"(-0.4, -0.2]",-0.2872557764127326,91,0.23565526546842006,2.4706044497385036,0.2589897182198572
x6,"(-0.2, 0.0]",-0.09133943037156818,78,-0.1619893008513707,2.5257328044144294,0.28598292488240823
x6,"(0.0, 0.2]",0.09308379543604665,76,-1.4663559312769714,2.176363008137112,0.24964595834025946
x6,"(0.2, 0.4]",0.2999289512488181,62,-1.1681413000397336,2.723088430792328,0.3458325765433751
x6,"(0.4, 0.6]",0.5000240863033072,77,-0.23592584490764243,2.3481568831290334,0.26759731201905135
x6,"(0.6, 0.8]",0.6895477100299348,69,-0.5199203446948315,2.9939628100751,0.36043076699795773
x6,"(0.8, 1.0]",0.9016769949409266,38,1.5917517577804,3.5651361304099423,0.5783414495997284
x6,exactly 1,1.0,140,0.985923147223839,3.937027057494346,0.33273951686226383
