problem,candidate,fold,fraction,training_rows,train_mse,validation_mse,converged
var2,current_ridge,0,0.4,254,0.1437047621607815,1.1347443661364247,True
var2,current_ridge,0,0.6,380,0.1349391221276316,0.43635834784085137,True
var2,current_ridge,0,0.8,507,0.14341572572849004,0.37162908522272586,True
var2,current_ridge,0,1.0,635,0.15330357983715426,0.32420806907398225,True
var2,current_ridge,1,0.4,256,0.1301874995631869,0.47609606235371316,True
var2,current_ridge,1,0.6,385,0.15282107824104083,0.39488464781437826,True
var2,current_ridge,1,0.8,513,0.14850657741738155,0.310149176019792,True
var2,current_ridge,1,1.0,639,0.1553652326223781,0.25007983693581814,True
var2,current_ridge,2,0.4,254,0.1258963441281198,0.6728536129575761,True
var2,current_ridge,2,0.6,382,0.14090147337200892,0.4176409175949235,True
var2,current_ridge,2,0.8,514,0.15452361278740082,0.24052902793637274,True
var2,current_ridge,2,1.0,640,0.1588827549890534,0.23919465367418571,True
var2,current_ridge,3,0.4,255,0.13926040980084659,0.668650624040834,True
var2,current_ridge,3,0.6,385,0.14755912708968139,0.3838250491353993,True
var2,current_ridge,3,0.8,512,0.14389621083566728,0.43628852725721623,True
var2,current_ridge,3,1.0,638,0.15570425360930956,0.27094773463241506,True
var2,current_ridge,4,0.4,256,0.13061585551848282,0.38003463138195687,True
var2,current_ridge,4,0.6,386,0.1424183684064992,0.3054040695577079,True
var2,current_ridge,4,0.8,513,0.14808403589456384,0.28429066628356503,True
var2,current_ridge,4,1.0,640,0.15290532084077993,0.26616104218878023,True
