candidate_id,problem,config,train_mse,validation_mse,validation_mse_std,validation_r2,converged,mean_nonzero_terms,boundary_mse,interior_mse,heavy_boundary_mse,fold_0_mse,fold_1_mse,fold_2_mse,fold_3_mse,fold_4_mse,fit_seconds
13497453daf0,var2,"{""alpha"": 3, ""basis"": ""monomial"", ""degree"": 11, ""method"": ""ridge""}",0.15493175968859405,0.27888793215460017,0.05405298577413457,0.9929990676642533,True,363.0,0.3156069151749678,0.2321721146224779,1.1771258455592573,0.20002695342573557,0.2506725149987049,0.31866298381633423,0.33284804974393,0.29222915878829603,0.03884308299893746
3b5e7d6e5be0,var2,"{""alpha"": 0.01, ""basis"": ""legendre"", ""degree"": 6, ""method"": ""ridge""}",0.37373587380135903,0.5742857668036653,0.05949226583084001,0.9856663398217822,True,83.0,0.6998535748048361,0.4149657431424437,1.367978812430849,0.5565133345049478,0.48098282363297207,0.607955182045335,0.6354225312451737,0.5905549625898976,0.022354124994308222
7bcca779539d,var2,"{""alpha"": 0.1, ""basis"": ""legendre"", ""degree"": 6, ""method"": ""ridge""}",0.3737370161284766,0.5739130633473009,0.05911751316306748,0.9856756325770186,True,83.0,0.6995060080590637,0.4145637048805625,1.3668630160846846,0.5566846493800884,0.480782984718923,0.6077507170971559,0.6338158654609186,0.5905311000794187,0.022264999999606516
ca6339e78cd6,var2,"{""alpha"": 1, ""basis"": ""legendre"", ""degree"": 6, ""method"": ""ridge""}",0.373849658840249,0.5705073751465675,0.05593101256409569,0.9857606290796264,True,83.0,0.6964368925233239,0.4107552130035834,1.3561618714701191,0.5585185821528323,0.4789139452605686,0.6058932737291702,0.6187916919491274,0.5904193826411389,0.02203070800169371
bdef2ff57a24,var2,"{""alpha"": 10, ""basis"": ""legendre"", ""degree"": 6, ""method"": ""ridge""}",0.3837393658172933,0.5624956729188586,0.055107707336521206,0.9859676869561877,True,83.0,0.6983150265427692,0.39033393515819326,1.2893711532418897,0.5872468288371216,0.4713852621478004,0.6033549522816791,0.5503548403042642,0.6001364810234272,0.022841083999082912
367ad2a3277d,var2,"{""alpha"": 100, ""basis"": ""legendre"", ""degree"": 6, ""method"": ""ridge""}",0.826647421378025,1.2173628381051314,0.35146754741371583,0.9699103974029765,True,83.0,1.6241064880970184,0.7008735508054461,2.5099945281022586,1.2533158527321073,0.8262438388977449,1.1759675895778456,1.7758566445449908,1.0554302647729683,0.023310457996558398
a70a3ebc6d9d,var2,"{""alpha"": 0.01, ""basis"": ""legendre"", ""degree"": 7, ""method"": ""ridge""}",0.19169525388879505,0.3606631218310533,0.09333647428403642,0.9909160921123794,True,119.0,0.4201646199871197,0.28474695351406837,0.3015639720547083,0.28072397064207,0.26590122053228604,0.3505411043456737,0.4869454780462607,0.4192038355889762,0.02513899999757996
694bf118c28e,var2,"{""alpha"": 0.1, ""basis"": ""legendre"", ""degree"": 7, ""method"": ""ridge""}",0.19169687032206467,0.36024657258121506,0.09263861337719854,0.9909264356089016,True,119.0,0.4197020875124298,0.2843923179687306,0.3061581768784637,0.2806828491256939,0.2658615168662539,0.3506573874789589,0.4848308048748014,0.4192003045603671,0.025950374998501502
add2473d3326,var2,"{""alpha"": 1, ""basis"": ""legendre"", ""degree"": 7, ""method"": ""ridge""}",0.19185490199732472,0.3567484406232716,0.08645730347130957,0.991013572967622,True,119.0,0.4159822814180116,0.28120905996961576,0.35609699920506915,0.2805231384981998,0.26576600882380275,0.35238717891496246,0.4657103086420749,0.41935556823731823,0.025936124999134336
30c2f8053023,var2,"{""alpha"": 10, ""basis"": ""legendre"", ""degree"": 7, ""method"": ""ridge""}",0.20477987734028633,0.3672369348589364,0.06918179524092403,0.9907719087427738,True,119.0,0.4383976911950105,0.27676412623650226,1.0746340694238514,0.29817930867159725,0.28713548203277994,0.4076647046646943,0.40722150259401024,0.4359836763316001,0.024766250004176982
4cf1fca19c85,var2,"{""alpha"": 100, ""basis"": ""legendre"", ""degree"": 7, ""method"": ""ridge""}",0.6474700045293591,1.1523894197100275,0.3669119419642476,0.971503096339962,True,119.0,1.4775339924363164,0.739447761794597,6.077931756829987,0.8783854288141999,0.878869698062771,1.3589289819464343,1.7022313210911357,0.943531668635596,0.02536112500092713
64f7fed595a9,var2,"{""alpha"": 0.01, ""basis"": ""legendre"", ""degree"": 8, ""method"": ""ridge""}",0.139610156906627,0.3757418020465792,0.1289339798763648,0.9906949298611541,True,164.0,0.4599689742807823,0.26884646236780524,4.195501265985843,0.22098859852425318,0.3134820173711804,0.5309140397704157,0.48628782424785333,0.32703653031919355,0.025485541998932604
84fe7f87cd5c,var2,"{""alpha"": 0.1, ""basis"": ""legendre"", ""degree"": 8, ""method"": ""ridge""}",0.13961301416592747,0.3734144721895602,0.12624791677563946,0.9907500607244316,True,164.0,0.45604490444914675,0.26855416400729276,4.154001784852509,0.22083636579032923,0.3136373716115317,0.5281139867843171,0.4774312018908028,0.3270534348708202,0.026574791001621634
4dd875299060,var2,"{""alpha"": 1, ""basis"": ""legendre"", ""degree"": 8, ""method"": ""ridge""}",0.13988246017954528,0.3547432520105779,0.10599888605574631,0.9911885189940524,True,164.0,0.42430145984408696,0.2665371929832658,3.7638844203308413,0.21983457208411333,0.3165101687234628,0.5023129313553363,0.40738628081356526,0.3276723070764117,0.02614950000133831
285f5fc526f5,var2,"{""alpha"": 10, ""basis"": ""legendre"", ""degree"": 8, ""method"": ""ridge""}",0.1577884102702457,0.3522140451456294,0.06414587059960264,0.9910846096690271,True,164.0,0.3973923566615435,0.2949032460659016,1.5057734040066115,0.24154027268212702,0.4044609218043297,0.3867666009839924,0.3650113484474633,0.36329108181023445,0.0246733750027488
f62e75e45ea3,var2,"{""alpha"": 100, ""basis"": ""legendre"", ""degree"": 8, ""method"": ""ridge""}",0.5925116243602214,1.223069415056006,0.4203517936714848,0.9693093164217046,True,164.0,1.4542027092196967,0.9288959010674898,2.8074696567059183,0.7833443623312917,1.2124986463613323,1.2097375095239071,1.9052495651932684,1.0045169918702301,0.024474666999594774
4ed3d900d9a6,var2,"{""alpha"": 0.01, ""basis"": ""legendre"", ""degree"": 9, ""method"": ""ridge""}",0.12092017340351327,0.38083214924469877,0.0757604574435104,0.9905198854784842,True,219.0,0.4615415149965181,0.27847201295705776,0.25695905482854325,0.2901686879472131,0.35124701050654783,0.46668990134214494,0.4523438930146746,0.3437112534129131,0.03176962500583613
c94c4fe94e6c,var2,"{""alpha"": 0.1, ""basis"": ""legendre"", ""degree"": 9, ""method"": ""ridge""}",0.12092706004662931,0.37566314832180836,0.07120537582404808,0.9906464610524786,True,219.0,0.45259674704063535,0.27812633583349466,0.27227564589608755,0.28856372430499244,0.3512083721698973,0.4666443812009847,0.4284188456190117,0.3434804183141555,0.02988054199522594
bcc6236a5dc9,var2,"{""alpha"": 1, ""basis"": ""legendre"", ""degree"": 9, ""method"": ""ridge""}",0.12150282645368135,0.35440956857443373,0.07199144509026163,0.9911637827782261,True,219.0,0.4157658563088805,0.27678156340976107,0.4836239929231956,0.2765347001503688,0.35501977116441985,0.4715207460070087,0.32561768654160916,0.3433549390087619,0.02950516599958064
d45705e5ff2e,var2,"{""alpha"": 10, ""basis"": ""legendre"", ""degree"": 9, ""method"": ""ridge""}",0.14747402570737675,0.4990341899631714,0.16235935015639238,0.9876309881174727,True,219.0,0.6288954240263973,0.3344587230516325,4.133521793767959,0.29641335465262236,0.4686918130510572,0.7195434415229298,0.5911811650649369,0.41934117552431077,0.030734417006897274
8926a39f6c91,var2,"{""alpha"": 100, ""basis"": ""legendre"", ""degree"": 9, ""method"": ""ridge""}",0.5841503943814108,1.5427875698268125,0.6407749758215464,0.9620558665085313,True,219.0,1.9191701627077504,1.0651665210081807,14.205587125002083,0.8629652953073652,1.221898059995508,2.287526594917575,2.1656702183198484,1.1758776805937667,0.03022695799882058
20637d88096a,var2,"{""alpha"": 0.01, ""basis"": ""legendre"", ""degree"": 10, ""method"": ""ridge""}",0.10390928567245553,0.9519842766792737,0.614343972594991,0.9776125569139138,True,285.0,1.4101322277436088,0.3719921955437291,14.961889011948038,0.8369319492606418,0.37888643282275825,1.816908062936146,1.3131963339934571,0.4139986043833653,0.03482350000558654
b750bc719433,var2,"{""alpha"": 0.1, ""basis"": ""legendre"", ""degree"": 10, ""method"": ""ridge""}",0.10393451001628178,0.8593649250267532,0.5634655863142508,0.9798426777860204,True,285.0,1.2494005985448782,0.3662182381350468,14.546101902108482,0.8010999581234726,0.37636556250357994,1.7689058576561525,0.938106958287087,0.4123462885634746,0.036568540999724064
e219e74803d1,var2,"{""alpha"": 1, ""basis"": ""legendre"", ""degree"": 10, ""method"": ""ridge""}",0.10510349112730988,0.6457305345612998,0.404408861028672,0.9846733758551232,True,285.0,0.8825914494756057,0.3468103619802555,10.303290330006623,0.5925160662425107,0.407836761915925,1.3569060787782656,0.4552155469362105,0.4161782189335873,0.03649629199935589
1af01cb5ad20,var2,"{""alpha"": 10, ""basis"": ""legendre"", ""degree"": 10, ""method"": ""ridge""}",0.13529951779847849,0.6576560259842796,0.17887635108571381,0.9833720788500327,True,285.0,0.8268883335261785,0.4425080635937287,1.1291004253485506,0.41348698148329166,0.6609337120774906,0.6440737866050089,0.9186740776384374,0.6511115721171693,0.03691654099384323
796b48b0bd17,var2,"{""alpha"": 100, ""basis"": ""legendre"", ""degree"": 10, ""method"": ""ridge""}",0.567059157038292,1.668715524399521,0.5859020396731643,0.9582436818717734,True,285.0,1.9985892915471672,1.248828340017681,6.8284988478366495,0.9629447649731284,1.4870294598694573,1.879583593798521,2.5402317576528994,1.4737880457036,0.03630754099867772
bd569a52a083,var2,"{""alpha"": 0.01, ""basis"": ""legendre"", ""degree"": 11, ""method"": ""ridge""}",0.07919276939202317,2.6286970376824526,1.873299289177421,0.9373342009238245,True,363.0,4.23636096188213,0.588599799888125,23.768640077963628,2.3469711350569855,1.0134479345119793,3.4295545329315673,5.424698433646125,0.9288131522656041,0.04817145800188882
ad8668f9771a,var2,"{""alpha"": 0.1, ""basis"": ""legendre"", ""degree"": 11, ""method"": ""ridge""}",0.0792492003916557,2.2092874561338762,1.4577954669305893,0.9471196213515848,True,363.0,3.5095654078999767,0.559436540790358,19.561951472780564,1.9129062860088215,0.9931881895411874,2.8982121796142892,4.370378319103326,0.871752306401756,0.04770779200043762
520539c4ca0d,var2,"{""alpha"": 1, ""basis"": ""legendre"", ""degree"": 11, ""method"": ""ridge""}",0.08153539190015927,1.2595348478202864,0.6572149937570462,0.9692199909505892,True,363.0,1.8760579011236602,0.4772476478302354,10.832767849248011,0.8257887166641918,0.9613810666080951,1.5956221369956705,2.2509795410491593,0.6639027777843142,0.0473943329998292
8c6fb64049c3,var2,"{""alpha"": 10, ""basis"": ""legendre"", ""degree"": 11, ""method"": ""ridge""}",0.11841883615342315,0.9575093328670871,0.2968617893207475,0.9762163240152788,True,363.0,1.2506491287865416,0.585640278806673,5.809377346193602,0.5990510894296512,0.8828685080782634,1.2330503519042453,1.2913461942529059,0.7812305206703694,0.0482298329952755
e95f81905e7a,var2,"{""alpha"": 100, ""basis"": ""legendre"", ""degree"": 11, ""method"": ""ridge""}",0.5312543648652672,1.890466595320229,0.67916230463355,0.9531472200923071,True,363.0,2.2573705348952413,1.4235433420596315,7.909605821346385,1.3294850741353188,1.4536342105417785,2.170452404008794,2.95772106457221,1.5410402233430434,0.04612454099697061
ca582920b0ad,var2,"{""alpha"": 0.01, ""basis"": ""legendre"", ""degree"": 12, ""method"": ""ridge""}",0.04950687950646613,7.243269447883226,3.954274687299184,0.8262530476456327,True,454.0,10.301074048180379,3.3765595369117842,33.562067165282684,5.5074743920849345,4.741313158560436,14.17998386358667,6.763321048197845,5.024254776986245,0.059454958005517256
93c9a7f232f1,var2,"{""alpha"": 0.1, ""basis"": ""legendre"", ""degree"": 12, ""method"": ""ridge""}",0.050450153629225315,5.553852503028307,6.212284323741419,0.8721348496024207,True,454.0,8.724611303379215,1.5480513639833702,204.244807909639,2.163979302382001,2.1106588916185287,16.503343327771415,4.64873651754639,2.3425444758232,0.05842091600061394
d9805eee1a94,var2,"{""alpha"": 1, ""basis"": ""legendre"", ""degree"": 12, ""method"": ""ridge""}",0.05701430305909205,2.897683286724143,3.5896476012823553,0.9345077004005897,True,454.0,4.596100330319093,0.7553398066083655,140.99028792546932,1.7782426879519353,1.0177172829715577,9.286186331842538,1.5184933299745234,0.8877768008801612,0.05763345900049899
2f6bba56b2c6,var2,"{""alpha"": 10, ""basis"": ""legendre"", ""degree"": 12, ""method"": ""ridge""}",0.09710001344687903,1.2780977871828665,0.4713008265248027,0.9684519989159425,True,454.0,1.7261434982342139,0.7092487716082342,15.014632087137098,0.8787324483902659,0.9538722361950084,1.5952223235936478,1.9507495269779453,1.0119124007574651,0.05826579200220294
c44b05eebd7b,var2,"{""alpha"": 100, ""basis"": ""legendre"", ""degree"": 12, ""method"": ""ridge""}",0.482551913194211,2.105873555282736,0.8454682431657871,0.9475445791520551,True,454.0,2.565960039708982,1.520077656287729,8.537616021125112,1.3482818576344235,1.7282696297939797,2.2394847862831027,3.5075815874817002,1.705749915220475,0.05817408300208626
7f2ee9904732,var2,"{""alpha"": 0.001, ""basis"": ""legendre"", ""degree"": 7, ""method"": ""lasso""}",0.1920916250432873,0.3497010150821456,0.0815220245683361,0.9911828692630362,True,118.0,0.4043745589586649,0.27995885951124394,0.2667593742896116,0.2783984248999055,0.26391702994431115,0.3419493983724469,0.44784442584554507,0.41639579634851953,0.026834750002308283
30c77c46438c,var2,"{""alpha"": 0.003, ""basis"": ""legendre"", ""degree"": 7, ""method"": ""lasso""}",0.19467816879247682,0.34213138660901576,0.07274051997774401,0.9913652848489377,True,114.6,0.3951821819972082,0.2744905920917068,0.2730403266996741,0.2786623750210636,0.26484878408566015,0.333978073761392,0.41892924505331475,0.4142384551236484,0.025846500000625383
c7d559d2350e,var2,"{""alpha"": 0.01, ""basis"": ""legendre"", ""degree"": 7, ""method"": ""lasso""}",0.2150885713522071,0.363125961631821,0.0750950969396691,0.9908631720794417,True,106.4,0.4334232976402836,0.27364020674370637,0.46403679797582753,0.2961148201695599,0.2801804518123152,0.36670875207155573,0.4514976492452314,0.42112813486044287,0.023961459002748597
76db86e3e714,var2,"{""alpha"": 0.001, ""basis"": ""legendre"", ""degree"": 9, ""method"": ""lasso""}",0.1228255560322006,0.3290348838033096,0.05439632895286707,0.9917452522940617,True,206.2,0.37757231706855426,0.2674871259765686,0.26534343140153865,0.24261064357369203,0.3363309574511912,0.39104753167135187,0.3502698163116703,0.32491547000864246,0.052985458001785446
882b0b1ac246,var2,"{""alpha"": 0.003, ""basis"": ""legendre"", ""degree"": 9, ""method"": ""lasso""}",0.1308901331062688,0.32436714704092656,0.06441728637489254,0.9918240997597743,True,187.8,0.371311158639511,0.2646793252016086,0.5798069846161705,0.22334896697416892,0.3324163909848723,0.344251968692464,0.40130000816440453,0.3205184003887231,0.04299541700311238
85e722215bf8,var2,"{""alpha"": 0.01, ""basis"": ""legendre"", ""degree"": 9, ""method"": ""lasso""}",0.1641477295114311,0.3917868551905658,0.10478727014170466,0.9902338973746619,True,154.8,0.47440895409351347,0.28681200740107793,1.7998578663750595,0.26493123904690313,0.3345696166697617,0.4741693986699677,0.521998203331545,0.3632658182346513,0.03763470799458446
9af3c2b2d648,var2,"{""alpha"": 0.001, ""basis"": ""legendre"", ""degree"": 11, ""method"": ""lasso""}",0.08950110827905204,0.5334528053330992,0.15524083937774366,0.9867557204070783,True,301.8,0.685383219552844,0.340946274127127,3.0129940398905037,0.3410193325837755,0.5377012641575382,0.7203035767619186,0.644655172365031,0.4235846807972331,0.16661370799556607
143b0ce42e4d,var2,"{""alpha"": 0.003, ""basis"": ""legendre"", ""degree"": 11, ""method"": ""lasso""}",0.10788213114481489,0.3824508435805545,0.07839319970242599,0.9903730711961339,True,248.0,0.44540012832426884,0.3025067822590665,0.3272697595804769,0.25786831465642246,0.40291587165096754,0.4216397549671493,0.46490873545675687,0.3649215411714762,0.10277587499876972
609486c8a904,var2,"{""alpha"": 0.01, ""basis"": ""legendre"", ""degree"": 11, ""method"": ""lasso""}",0.1522509760562501,0.4322652488722058,0.12490443265045464,0.9891913293090683,True,186.0,0.5316195578294761,0.3059001346952931,0.6033835277196151,0.29555077254193174,0.35720355817251964,0.47554302057148223,0.6214204606554452,0.4116084324196501,0.07037737499922514
f7130897dbe6,var2,"{""alpha"": 0.01, ""basis"": ""chebyshev"", ""degree"": 6, ""method"": ""ridge""}",0.37373589282123154,0.5742462079676401,0.05944876776482501,0.985667281132401,True,83.0,0.6997846798181653,0.4149635611638188,1.3675625856698441,0.5565092856808642,0.48097786503496076,0.6079182435762102,0.6352625606502886,0.5905630848958768,0.021996959003445227
ce371c21e42c,var2,"{""alpha"": 0.1, ""basis"": ""chebyshev"", ""degree"": 6, ""method"": ""ridge""}",0.3737389106494553,0.573535559932087,0.05870632869882303,0.9856846208176784,True,83.0,0.6988480067130609,0.41454362249782584,1.363097697128815,0.556646494753024,0.4807370944902728,0.6074123780072117,0.6322695687652744,0.5906122636446527,0.022750583004381042
42378922fc8a,var2,"{""alpha"": 1, ""basis"": ""chebyshev"", ""degree"": 6, ""method"": ""ridge""}",0.3740319770267563,0.5684356853169177,0.0538834491408891,0.9858105344234216,True,83.0,0.6927731367498442,0.410716546469506,1.3566426979722555,0.558366294785913,0.47881357690489346,0.6054936490562216,0.6082793773593658,0.5912255284781949,0.022385958000086248
1fb4f3a7c353,var2,"{""alpha"": 10, ""basis"": ""chebyshev"", ""degree"": 6, ""method"": ""ridge""}",0.3971010775089751,0.6436333025601586,0.11599455389297816,0.9840949097281169,True,83.0,0.8368443558658437,0.3987640385755355,3.925429154770738,0.6051683222012405,0.49759556713906095,0.8062848700883656,0.7010244687464546,0.6080932846256716,0.02179312500084052
e1aedc4fa7cc,var2,"{""alpha"": 100, ""basis"": ""chebyshev"", ""degree"": 6, ""method"": ""ridge""}",1.260970271853121,2.687331957678498,1.5063241870252495,0.9360031697322325,True,83.0,4.18010053036489,0.7979071995759189,48.55627137757952,2.0994258452852312,1.676591202098863,4.98324739167448,3.3861947741968708,1.291200575137045,0.021706708997953683
caf2ba17eaaa,var2,"{""alpha"": 0.01, ""basis"": ""chebyshev"", ""degree"": 7, ""method"": ""ridge""}",0.19169528690503196,0.360602958345361,0.09314574873944535,0.9909177738879216,True,119.0,0.420063597472891,0.2847398294810459,0.30407232740166407,0.2806903950566487,0.2658908568289428,0.3508513137899481,0.4863747086465327,0.4192075174047328,0.02513495899620466
cb81a89d5987,var2,"{""alpha"": 0.1, ""basis"": ""chebyshev"", ""degree"": 7, ""method"": ""ridge""}",0.19170013478759565,0.3597308931135951,0.0908590209675862,0.9909412424882895,True,119.0,0.4188415116845316,0.2843260836105269,0.3334513896934912,0.2803507284164294,0.2657667432767286,0.35391814520535836,0.4793806748335252,0.41923817383593354,0.024587542000517715
a932ae58ea0a,var2,"{""alpha"": 1, ""basis"": ""chebyshev"", ""degree"": 7, ""method"": ""ridge""}",0.19214846049617235,0.358986911555875,0.0807704877960782,0.99098907271202,True,119.0,0.42025591005749413,0.2809743003194114,0.8287759459622801,0.27755088648482934,0.26563072748246874,0.3993132971872943,0.4326048560661451,0.41983479055863754,0.02447566699993331
837eb4ce40e6,var2,"{""alpha"": 10, ""basis"": ""chebyshev"", ""degree"": 7, ""method"": ""ridge""}",0.21977532043136297,0.6353799809485657,0.4835434353316894,0.9848641018083362,True,119.0,0.9106200414517324,0.28714516587767636,14.121833692231457,0.2936864192578345,0.3262020577211505,1.4646635453260024,0.6443698471985786,0.44797803523926255,0.025121875005424954
822d1cf764af,var2,"{""alpha"": 100, ""basis"": ""chebyshev"", ""degree"": 7, ""method"": ""ridge""}",1.023311307078429,2.9874336420274976,2.501026782959853,0.9298647149029909,True,119.0,4.692047041245303,0.831902859297272,74.51426576842454,1.5396815008592817,1.65200269533103,7.2813572599936975,3.115870281539217,1.348256472414261,0.0248701250020531
9b60b817cc6d,var2,"{""alpha"": 0.01, ""basis"": ""chebyshev"", ""degree"": 8, ""method"": ""ridge""}",0.1396103042791847,0.3743574620629463,0.12713883487490674,0.9907264307805294,True,164.0,0.4575038674412303,0.2688330898994668,4.1359669076939465,0.22095139036956163,0.3135466229212279,0.5272921700678683,0.4829696261855211,0.3270275007705526,0.02469379099784419
6a8a364b71c5,var2,"{""alpha"": 0.1, ""basis"": ""chebyshev"", ""degree"": 8, ""method"": ""ridge""}",0.13962720087841446,0.3606921223686779,0.10985535094689708,0.9910388975866038,True,164.0,0.4333606634716632,0.26846664829403344,3.5891890224052796,0.22048616375081265,0.3143688396559817,0.4940238213558052,0.4476104756134835,0.3269713114673066,0.024144374998286366
59c83a471858,var2,"{""alpha"": 1, ""basis"": ""chebyshev"", ""degree"": 8, ""method"": ""ridge""}",0.14090996538273026,0.3040426376123445,0.04845713449710258,0.9923068705303756,True,164.0,0.3317484201762522,0.26884434978452704,0.5559285897177918,0.218270521008965,0.33007670921134424,0.330762390727794,0.3135269113923606,0.3275766557212588,0.024132249993272126
d75a2bb33fd3,var2,"{""alpha"": 10, ""basis"": ""chebyshev"", ""degree"": 8, ""method"": ""ridge""}",0.1827280442454507,0.8984959418351763,0.7994380016159496,0.9788123797096233,True,164.0,1.3325732088242281,0.34985543638556793,22.899070300447068,0.3106714961503667,0.5971224119702747,2.2646970762397296,0.9243514540810174,0.3956372707344936,0.024150207995262463
49a1d31a74dd,var2,"{""alpha"": 100, ""basis"": ""chebyshev"", ""degree"": 8, ""method"": ""ridge""}",0.9476087695640996,3.398962402743817,2.5408990310761363,0.919635976683591,True,164.0,5.164043118344013,1.1676374995997099,67.85086366357478,1.9611759058812954,2.251984213636282,7.783360339675774,3.39346042527243,1.6048311292533024,0.024053499997535255
68d03e3761a8,var2,"{""alpha"": 0.01, ""basis"": ""chebyshev"", ""degree"": 9, ""method"": ""ridge""}",0.12092067603695825,0.3797332078385185,0.07463773051890059,0.9905499089018873,True,219.0,0.45954237337577575,0.2785365554591095,0.28298730838842157,0.2904338529556293,0.35143952319164345,0.4709924394330631,0.44205941318053676,0.34374081043171967,0.028810541996790562
78e960e6d769,var2,"{""alpha"": 0.1, ""basis"": ""chebyshev"", ""degree"": 9, ""method"": ""ridge""}",0.12096980254104091,0.3749396826620774,0.0868300273758165,0.9907022446619285,True,219.0,0.4507963944356515,0.27894519916248317,0.7258473554401683,0.29130153975304307,0.3535821976467751,0.5219705697432915,0.3640406063104494,0.34380349985682795,0.029849582999304403
22097a0fd11e,var2,"{""alpha"": 1, ""basis"": ""chebyshev"", ""degree"": 9, ""method"": ""ridge""}",0.123188128561903,0.6224359986044078,0.5420829642579041,0.9853276519233722,True,219.0,0.88604142532194,0.2896301394153873,14.259841257785029,0.30970952891137926,0.39213197667928024,1.5858243717067222,0.47593767304992385,0.34857644267473326,0.029847083002096042
4d31761fe18d,var2,"{""alpha"": 10, ""basis"": ""chebyshev"", ""degree"": 9, ""method"": ""ridge""}",0.1696077084090859,1.9659783104166557,2.7912108193124103,0.9558213151266022,True,219.0,3.1965389674423546,0.4134329825054651,86.80411686866631,0.6522907331026861,0.6344586899638671,6.945283116905928,1.0702500005794902,0.5276090115313082,0.029737249999016058
4ea9dbc56761,var2,"{""alpha"": 100, ""basis"": ""chebyshev"", ""degree"": 9, ""method"": ""ridge""}",0.8917116098349298,4.085146579640709,3.178270199027412,0.9037938103415047,True,219.0,6.202459258947774,1.4075480153896764,82.27950247029128,2.3788515040803624,2.1492588036296505,9.5340897857993,4.282522486254123,2.081010318440111,0.030003457999555394
fe5ea56d5329,var2,"{""alpha"": 0.01, ""basis"": ""chebyshev"", ""degree"": 10, ""method"": ""ridge""}",0.10391348482071967,0.8974801717880639,0.5645988287284732,0.978906105113961,True,285.0,1.313604378432053,0.37099498442413004,13.698019027345268,0.8365457157571219,0.37779207300976586,1.746712937711581,1.1124790943977445,0.4138710380641071,0.034369207998679485
a02d508e82cb,var2,"{""alpha"": 0.1, ""basis"": ""chebyshev"", ""degree"": 10, ""method"": ""ridge""}",0.104110798409956,0.6756800957814914,0.3806496421135336,0.9840300942821896,True,285.0,0.9233370479813305,0.36313303436041744,5.523195757161347,0.8016547975922365,0.3764987796754242,1.2873217709870741,0.5010681961110298,0.41185693454169203,0.033405125002900604
584de702d8fb,var2,"{""alpha"": 1, ""basis"": ""chebyshev"", ""degree"": 10, ""method"": ""ridge""}",0.10755903315409936,0.9698378775914417,0.9029144354624596,0.977537356735052,True,285.0,1.4428640421005814,0.3729416231991983,21.03288898357452,0.7142531461902349,0.4856373472030719,2.5718109643875677,0.6465458873769052,0.4309420427994291,0.035324917000252753
0754cb519388,var2,"{""alpha"": 10, ""basis"": ""chebyshev"", ""degree"": 10, ""method"": ""ridge""}",0.15699558428101015,2.274960034725404,2.4351872155922782,0.9475049544978894,True,285.0,3.595294939380472,0.6071223638898722,72.51184318802602,1.05137803008084,0.976323335208242,6.587686080940232,1.7885906259544713,0.9708221014432348,0.033955250000872184
c3cc6f51be7c,var2,"{""alpha"": 100, ""basis"": ""chebyshev"", ""degree"": 10, ""method"": ""ridge""}",0.8251019888450223,4.545352544932976,2.6295555537562634,0.89115144624704,True,285.0,6.762292198029497,1.7384545284075237,57.340933228898315,2.9163747373829896,2.8082505050630573,8.638415856442709,5.758207490524996,2.605514135251127,0.03321424999739975
9ddf285be3de,var2,"{""alpha"": 0.01, ""basis"": ""chebyshev"", ""degree"": 11, ""method"": ""ridge""}",0.07920101811344818,2.5344423103932483,1.6394734322914064,0.9399123642605914,True,363.0,4.068000567367508,0.5901171146608699,29.459016740369034,2.318236591288983,1.0171118637867245,3.832492188827281,4.571896736554112,0.9324741715091399,0.047321042002295144
bf5323adac3c,var2,"{""alpha"": 0.1, ""basis"": ""chebyshev"", ""degree"": 11, ""method"": ""ridge""}",0.07947723400391309,2.7121701325667344,2.152160327889408,0.9368212064135507,True,363.0,4.399850824775744,0.5760049194062558,63.398175918986226,1.900131455802979,1.0291882954073313,5.982624339219782,3.7455131384371767,0.903393433966401,0.045655875001102686
0bf047cb2e2f,var2,"{""alpha"": 1, ""basis"": ""chebyshev"", ""degree"": 11, ""method"": ""ridge""}",0.08333402497394231,2.9753554327265266,3.319589742715054,0.9321043167040644,True,363.0,4.878226895252165,0.5716781817478794,109.52925963969518,1.5886923763992542,1.113746410118361,8.809907453612695,2.489638028138109,0.8747928953642136,0.04694908300007228
da63af51fa30,var2,"{""alpha"": 10, ""basis"": ""chebyshev"", ""degree"": 11, ""method"": ""ridge""}",0.13703778657841248,3.1069109529458427,2.1479860513199225,0.9262198464467277,True,363.0,4.8059940448119365,0.9572553062997571,61.88574227345401,1.8704593300073937,1.7955146308187573,6.767030250867211,3.322706724541634,1.7788438284942172,0.045424957999784965
b00d19232f4a,var2,"{""alpha"": 100, ""basis"": ""chebyshev"", ""degree"": 11, ""method"": ""ridge""}",0.7096047775920566,5.304419079430771,2.9634643067518933,0.8726120028313303,True,363.0,7.743695874895325,2.2126331772619285,48.55981776724123,3.555284350333101,2.927099789414992,9.039686312302539,7.988850417308425,3.0111745277947954,0.046909374999813735
1d82108740e8,var2,"{""alpha"": 0.01, ""basis"": ""chebyshev"", ""degree"": 12, ""method"": ""ridge""}",0.049668064914817,8.332504957965694,6.58634399279242,0.8028409433668813,True,454.0,12.33408385007583,3.269930438676353,156.82779310889822,4.188462909981183,3.882028386054633,19.604978669133537,8.708971560148525,5.2780832645105935,0.058898000002955087
96e7cdd7789d,var2,"{""alpha"": 0.1, ""basis"": ""chebyshev"", ""degree"": 12, ""method"": ""ridge""}",0.05073205329438805,9.019119092201432,12.462886586426462,0.7963807144397441,True,454.0,14.59856588476257,1.9748382766802905,456.4540385617825,2.4354331259160427,2.339661569471656,31.128685000043163,6.234748192968487,2.9570675726078037,0.0588753749980242
61b7237f0576,var2,"{""alpha"": 1, ""basis"": ""chebyshev"", ""degree"": 12, ""method"": ""ridge""}",0.05699859463659721,4.866001378569566,5.795374379135088,0.888988858347498,True,454.0,7.610083474849112,1.402507666969356,201.62842609446807,2.2118379122973857,1.9317560316782891,15.165238649137336,3.3826068121735724,1.6385674875612433,0.0581640000018524
a6dd7f728050,var2,"{""alpha"": 10, ""basis"": ""chebyshev"", ""degree"": 12, ""method"": ""ridge""}",0.10455455784529274,4.2458572647064585,2.7809078953083235,0.8989674017680335,True,454.0,6.544627521700324,1.3344536515411938,71.49632484358072,2.5361523333335056,2.359444091512161,8.279438154364255,6.037932630505772,2.016319113816599,0.05964141699951142
786484411a84,var2,"{""alpha"": 100, ""basis"": ""chebyshev"", ""degree"": 12, ""method"": ""ridge""}",0.5650235082847331,6.150068175662004,3.4179444298847823,0.8521605891483185,True,454.0,9.242510143556656,2.2306739342663207,54.45647259454589,4.056653338806131,3.668482235952163,10.327413661963092,9.40335500949941,3.2944366320892216,0.05730000000039581
949dcb6c7f0a,var2,"{""alpha"": 0.001, ""basis"": ""chebyshev"", ""degree"": 7, ""method"": ""lasso""}",0.19210954506520633,0.352117545221892,0.0792208841630225,0.99113720718029,True,118.6,0.40808278150783744,0.28077868492946584,0.42233663503238383,0.27698864387529076,0.2642077348697175,0.36437281751834777,0.4378362412115083,0.41718228863459555,0.027551958002732135
e6b343118fa2,var2,"{""alpha"": 0.003, ""basis"": ""chebyshev"", ""degree"": 7, ""method"": ""lasso""}",0.19502132925462715,0.35118163542748054,0.07439020875278306,0.9911806991821803,True,116.8,0.4104667904688398,0.27573326061483583,0.7411878648013049,0.27424489092586146,0.26601601500011335,0.39663521475175767,0.402662432284365,0.41634962417530524,0.025776167000003625
84cea599d97f,var2,"{""alpha"": 0.01, ""basis"": ""chebyshev"", ""degree"": 7, ""method"": ""lasso""}",0.21632813741849782,0.38823956600324516,0.09463688331327053,0.9903157029924905,True,110.6,0.47425624882921114,0.278987478702596,1.4497563266034863,0.2863177604306107,0.29027739049179946,0.49482935763968133,0.44284372920207116,0.4269295922520632,0.02396845899784239
1dfe31d2aa7e,var2,"{""alpha"": 0.001, ""basis"": ""chebyshev"", ""degree"": 9, ""method"": ""lasso""}",0.12275746871952586,0.38884064167173515,0.1387884667983082,0.9904257321670921,True,211.8,0.4796494344588447,0.2740380695378873,2.519780925092703,0.267344970329387,0.36131786246110104,0.6280752841611482,0.3543992631860082,0.3330658282210313,0.06816224999784026
dfbe07b82c6d,var2,"{""alpha"": 0.003, ""basis"": ""chebyshev"", ""degree"": 9, ""method"": ""lasso""}",0.12838260858553893,0.3640991141717721,0.09669282281139222,0.9909537955407878,True,196.2,0.4410518814427918,0.26661029149343496,1.5118388458800156,0.24453373060388076,0.34485893443742993,0.5077732975741058,0.3938969291046284,0.32943267913881547,0.049897249999048654
f939749926f7,var2,"{""alpha"": 0.01, ""basis"": ""chebyshev"", ""degree"": 9, ""method"": ""lasso""}",0.15670992229136574,0.4201626433957508,0.1459380613294818,0.9896298239744734,True,165.0,0.5368277629985264,0.272221028131344,2.2521172621684538,0.25866293050308753,0.3445284404944286,0.6144913289564073,0.5273242206274698,0.35580629639736094,0.03743412499898113
e0dc8c6b474b,var2,"{""alpha"": 0.001, ""basis"": ""chebyshev"", ""degree"": 11, ""method"": ""lasso""}",0.08543413200527938,0.6018855273799743,0.21473548760030647,0.9852616393944427,True,320.6,0.772589348885643,0.385778318923558,4.686478774802521,0.4354799999509439,0.47474930867055887,0.9595942883882149,0.6425228569603453,0.49708118292980824,0.23373845899914159
163608d6a238,var2,"{""alpha"": 0.003, ""basis"": ""chebyshev"", ""degree"": 11, ""method"": ""lasso""}",0.09805987266388384,0.45417743337670824,0.17635299686335376,0.9888491456624889,True,281.4,0.5676577878404555,0.31039807791309815,2.5657609310867366,0.28182356981582846,0.3540300104695733,0.7285836874851455,0.5216557564593884,0.38479414265360584,0.12140258300496498
dcde51a0f382,var2,"{""alpha"": 0.01, ""basis"": ""chebyshev"", ""degree"": 11, ""method"": ""lasso""}",0.1365724299190092,0.46860357820359544,0.17754986212276347,0.9884699748322138,True,217.8,0.6101061553554501,0.2890419876496795,0.9444951149988587,0.29531992722235867,0.3323108483759471,0.6826494937611789,0.6328037570342853,0.39993386462420727,0.0693429169987212
e3edd5628f41,var2,"{""alpha"": 0.001, ""basis"": ""monomial"", ""degree"": 7, ""l1_ratio"": 0.25, ""method"": ""elastic_net""}",0.22134709569019959,0.3594591588605531,0.05316223328653244,0.990967130875414,True,113.6,0.4275497177928756,0.27293089542885884,0.5813965225233457,0.2969353574972765,0.3072188916290085,0.38466378331484535,0.4074715905873566,0.40100617127427857,0.10682304199872306
aaa762c53f16,var2,"{""alpha"": 0.001, ""basis"": ""monomial"", ""degree"": 7, ""l1_ratio"": 0.5, ""method"": ""elastic_net""}",0.2224612923470791,0.35956938516138487,0.0538524124872699,0.990957951701791,True,108.4,0.42706176365857307,0.2737911106806244,0.6171433773466043,0.29572595238828897,0.3075432354162896,0.3830871601978737,0.4059811299596861,0.40550944784478593,0.11938387499685632
6f0b2d47e554,var2,"{""alpha"": 0.001, ""basis"": ""monomial"", ""degree"": 7, ""l1_ratio"": 0.75, ""method"": ""elastic_net""}",0.22384998650431784,0.35909225619404767,0.05475643731131202,0.9909653739120747,True,101.4,0.4257476633061826,0.2743653933828284,0.6411148570641922,0.2948076500463226,0.3060488208068592,0.38087616019189857,0.40485515839040986,0.4088734915347481,0.13601541699608788
c16f9ef5c3d5,var2,"{""alpha"": 0.003, ""basis"": ""monomial"", ""degree"": 7, ""l1_ratio"": 0.25, ""method"": ""elastic_net""}",0.27231735231078064,0.4179681019712606,0.05194710604680244,0.9895489020604309,True,108.4,0.5251187481106823,0.28205102335995696,0.777475142727752,0.3607846656412467,0.365413644434052,0.4740825028416964,0.45414802394238507,0.4354116729969228,0.05759879199467832
876475329e5f,var2,"{""alpha"": 0.003, ""basis"": ""monomial"", ""degree"": 7, ""l1_ratio"": 0.5, ""method"": ""elastic_net""}",0.27868918955329425,0.42268225269356724,0.05492392654101692,0.989440238785491,True,97.8,0.5327734901223165,0.2830459187546819,0.9330914820948671,0.3663161806842299,0.36424842321686,0.48618450091413956,0.4562885971967798,0.44037356145582685,0.06344037500093691
9c308d886991,var2,"{""alpha"": 0.003, ""basis"": ""monomial"", ""degree"": 7, ""l1_ratio"": 0.75, ""method"": ""elastic_net""}",0.2846442277532156,0.42756018165732607,0.05607091180357591,0.9893244047330608,True,88.0,0.5395926056365541,0.2854608622102219,0.9933713433351183,0.37617743869083037,0.3619046683062713,0.4920990873299035,0.46019713493291226,0.44742257902671284,0.07735750000574626
7e8c44f208f6,var2,"{""alpha"": 0.01, ""basis"": ""monomial"", ""degree"": 7, ""l1_ratio"": 0.25, ""method"": ""elastic_net""}",0.37638561478951243,0.5483188995350068,0.07225175793444763,0.986388827941445,True,96.4,0.7352021394168601,0.3114172142599735,1.4556947439460173,0.525140181918407,0.4516963429793375,0.6286519442020473,0.6115031355599091,0.5246028930153335,0.03548804100137204
96e8244791b3,var2,"{""alpha"": 0.01, ""basis"": ""monomial"", ""degree"": 7, ""l1_ratio"": 0.5, ""method"": ""elastic_net""}",0.3859028288865442,0.5549711652460884,0.07380646671439155,0.9862295215815452,True,81.6,0.7468939029396381,0.31168374892408957,1.6030075170085976,0.5433870400734884,0.44628167814751263,0.6356152434967942,0.6105159211552768,0.5390559433573701,0.03989700000238372
253c0c98cf5b,var2,"{""alpha"": 0.01, ""basis"": ""monomial"", ""degree"": 7, ""l1_ratio"": 0.75, ""method"": ""elastic_net""}",0.39778390314361983,0.5745990473711398,0.07832888171384912,0.9857452618934189,True,75.0,0.7769415180474594,0.31811499762721634,1.915465382480968,0.571306208171434,0.4520906732784694,0.6627566724409595,0.6162487148421759,0.5705929681226605,0.049667999999655876
45da02dc53b2,var2,"{""alpha"": 0.001, ""basis"": ""monomial"", ""degree"": 9, ""l1_ratio"": 0.25, ""method"": ""elastic_net""}",0.15687692998181174,0.2858368768262735,0.055805634246278026,0.9927952433687445,True,181.2,0.3219828018751987,0.23977656573324743,0.8017964989447277,0.20598455965306103,0.255829240087757,0.3035498978134566,0.3495305688512709,0.3142901177258221,0.3236401250032941
4c80901811f9,var2,"{""alpha"": 0.001, ""basis"": ""monomial"", ""degree"": 9, ""l1_ratio"": 0.5, ""method"": ""elastic_net""}",0.1600191045253787,0.2860069518668867,0.054840104154459585,0.9927855337195929,True,156.2,0.32312357233700656,0.23872423906679738,0.9326052797532137,0.20499368208142982,0.2572416756718302,0.30628332188945884,0.3413104368930548,0.32020564279865976,0.3759340000033262
c0837c815fae,var2,"{""alpha"": 0.001, ""basis"": ""monomial"", ""degree"": 9, ""l1_ratio"": 0.75, ""method"": ""elastic_net""}",0.16314537154981273,0.28924039639031024,0.057276809351422785,0.9926938472715093,True,134.6,0.3274475312706492,0.24055039504505282,0.9066104911902229,0.20536172871549857,0.26052221762396083,0.3033389259320541,0.3487958423411272,0.3281832673389104,0.4935197090017027
64646118c325,var2,"{""alpha"": 0.003, ""basis"": ""monomial"", ""degree"": 9, ""l1_ratio"": 0.25, ""method"": ""elastic_net""}",0.1788497681190303,0.29845736934428546,0.04974603390360133,0.9924939960674731,True,172.4,0.34580520388479,0.23825747995401345,0.953133428169648,0.22905462797086734,0.26204845875372257,0.33104216099758577,0.33766570734451,0.3324758916547416,0.14919862499664305
c598c9b1237d,var2,"{""alpha"": 0.003, ""basis"": ""monomial"", ""degree"": 9, ""l1_ratio"": 0.5, ""method"": ""elastic_net""}",0.1862237274361967,0.30823387521370543,0.050594712768881556,0.9922560788992463,True,139.2,0.3626217338863316,0.2391047928177132,1.1528690458075423,0.242161648159052,0.2653039261150185,0.34078401596905344,0.3514001156629463,0.34151967016245693,0.17512983299820917
103a7c120cf1,var2,"{""alpha"": 0.003, ""basis"": ""monomial"", ""degree"": 9, ""l1_ratio"": 0.75, ""method"": ""elastic_net""}",0.19175052868568906,0.31682771353330874,0.0532830855513494,0.9920413563995052,True,119.8,0.3753036154921889,0.2424870119046144,1.1509407306933601,0.2525736042712811,0.266812343772838,0.34342249291596527,0.37003288821485236,0.3512972384916069,0.2361876659997506
2acdee36c50b,var2,"{""alpha"": 0.01, ""basis"": ""monomial"", ""degree"": 9, ""l1_ratio"": 0.25, ""method"": ""elastic_net""}",0.22850556656016313,0.3620379245179105,0.05617050410042226,0.9909630956953819,True,156.8,0.44488665171575364,0.2569237594076783,1.6645369809311712,0.311105329333697,0.29637883593493,0.42897581972144305,0.385909364930091,0.3878202726693914,0.07067983399610966
e218ca07c104,var2,"{""alpha"": 0.01, ""basis"": ""monomial"", ""degree"": 9, ""l1_ratio"": 0.5, ""method"": ""elastic_net""}",0.2434564946573246,0.3806304495760575,0.058566066396751174,0.9905084934064208,True,129.0,0.47426264406396434,0.26184689964199087,1.7979786379259066,0.3383418304033058,0.3032777918388308,0.4484208913010296,0.4045092824224613,0.4086024519146599,0.08146354099881137
194d6918bce3,var2,"{""alpha"": 0.01, ""basis"": ""monomial"", ""degree"": 9, ""l1_ratio"": 0.75, ""method"": ""elastic_net""}",0.25823967222489785,0.39816890139569694,0.05409793581592406,0.9900659968011754,True,108.4,0.4972733747282653,0.2724339379911393,1.500381449920049,0.36865810389563036,0.31777027815237374,0.4499663100603457,0.42737711021280683,0.42707270465732783,0.10836495800322155
bdd3f9811997,var2,"{""alpha"": 0.001, ""basis"": ""monomial"", ""degree"": 11, ""l1_ratio"": 0.25, ""method"": ""elastic_net""}",0.14018702112304554,0.28934975182239897,0.06293565049827621,0.9927528088422836,True,261.6,0.3311274784833246,0.23623351154414066,1.3995316489682108,0.19916685075705667,0.26001527603372765,0.34481664150231406,0.3507204294309761,0.29202956138792036,0.7197510420010076
5194448c219e,var2,"{""alpha"": 0.001, ""basis"": ""monomial"", ""degree"": 11, ""l1_ratio"": 0.5, ""method"": ""elastic_net""}",0.14349770095306374,0.2817310593439507,0.05482689831196059,0.9929406724797495,True,216.4,0.3179877848812799,0.23567643051594436,1.6290112053153492,0.20183391594987662,0.2567220547170602,0.34590744955541564,0.307878914683666,0.29631296181373534,0.8225139999995008
825b9ff9d05c,var2,"{""alpha"": 0.001, ""basis"": ""monomial"", ""degree"": 11, ""l1_ratio"": 0.75, ""method"": ""elastic_net""}",0.14651670361013508,0.27868757836347646,0.04804111128828471,0.993000154852062,True,187.4,0.31165338608336235,0.23680819466598943,1.6033772097423116,0.20781201238390148,0.2570929226224706,0.3323649816377226,0.2907214648537557,0.30544651031953196,1.1054442079985165
26d5343f6467,var2,"{""alpha"": 0.003, ""basis"": ""monomial"", ""degree"": 11, ""l1_ratio"": 0.25, ""method"": ""elastic_net""}",0.15699868060516403,0.28072818215803313,0.053408458806359575,0.9929682501394511,True,250.8,0.31741274565929717,0.23411486567227782,1.7020848949230702,0.20689161641727888,0.24707469544252553,0.34164615319218206,0.30788589569046093,0.30014255004771834,0.3226760830002604
69822d4934b4,var2,"{""alpha"": 0.003, ""basis"": ""monomial"", ""degree"": 11, ""l1_ratio"": 0.5, ""method"": ""elastic_net""}",0.1655789906046418,0.3004048825584008,0.06369387292760077,0.9925047824449177,True,207.2,0.35053332956768923,0.2367755194723183,2.463377782915782,0.22360046764848027,0.25239387162565674,0.38497186824270074,0.3261022049294315,0.3149560003457345,0.3796987079986138
108c69daad1f,var2,"{""alpha"": 0.003, ""basis"": ""monomial"", ""degree"": 11, ""l1_ratio"": 0.75, ""method"": ""elastic_net""}",0.17293276859457313,0.31441369371612515,0.06569493223853744,0.992158808229297,True,171.2,0.37294741121019503,0.2401100451246717,2.683685900734078,0.23905840666415462,0.2573278615058877,0.3980085111419129,0.3473518566568084,0.33032183261186215,0.5002641669998411
a7725bcef477,var2,"{""alpha"": 0.01, ""basis"": ""monomial"", ""degree"": 11, ""l1_ratio"": 0.25, ""method"": ""elastic_net""}",0.19871665167455893,0.3277171750121843,0.05859575808827809,0.9918233978333962,True,229.6,0.38886430849932446,0.250154188630945,2.399398928937403,0.26739328563345194,0.27517566344233446,0.41003290502908135,0.33621894652195716,0.34976507443409643,0.13971749999473104
19b64cab2b79,var2,"{""alpha"": 0.01, ""basis"": ""monomial"", ""degree"": 11, ""l1_ratio"": 0.5, ""method"": ""elastic_net""}",0.21805943362865232,0.35691226293881384,0.05917261690269353,0.9910947090050465,True,190.2,0.4313675803892911,0.262467104475558,2.485530909366604,0.3040024269250984,0.2931797245311153,0.4359304412069783,0.36590996850606344,0.38553875352481404,0.16174279199913144
4cd3455d1791,var2,"{""alpha"": 0.01, ""basis"": ""monomial"", ""degree"": 11, ""l1_ratio"": 0.75, ""method"": ""elastic_net""}",0.23778752480932588,0.3791193910112628,0.049056406619586886,0.9905278538997198,True,153.0,0.45772326185717815,0.27939172739654694,2.003521780340808,0.34419082805196294,0.3136668468425792,0.43268930303754516,0.3936733049589407,0.4113766721652859,0.2103087499999674
1de85cd96d5d,var2,"{""basis"": ""monomial"", ""degree"": 9, ""method"": ""sparse_refit"", ""refit_alpha"": 0, ""selection_alpha"": 0.001}",0.1551111188627801,0.29318105256642246,0.05771112572477033,0.9925923703464787,True,119.8,0.32492622030913115,0.25267271917700185,0.5898725786026711,0.21005027348002164,0.27224260551398,0.29666173887727093,0.36471218646315634,0.3222384584976834,0.9461353750011767
c3fb3b4d7d67,var2,"{""basis"": ""monomial"", ""degree"": 9, ""method"": ""sparse_refit"", ""refit_alpha"": 1, ""selection_alpha"": 0.001}",0.16441593840395036,0.29061272460202064,0.055671281058739,0.9926707579623064,True,119.8,0.33106326263638575,0.23910037579247004,1.1189888532359578,0.20970581625285595,0.25816277558240314,0.31256276433579305,0.34464775179455814,0.3279845150444932,0.9354055000003427
953d169af836,var2,"{""basis"": ""monomial"", ""degree"": 9, ""method"": ""sparse_refit"", ""refit_alpha"": 10, ""selection_alpha"": 0.001}",0.24157881374009155,0.39215173652874424,0.06698959650432969,0.990263772186642,True,119.8,0.49482289247917005,0.26200139587039656,2.6459292895649598,0.34145091459972454,0.32232815663076664,0.4910917805073013,0.41847523785095425,0.38741259305497444,0.9353895409949473
0ea0aff67609,var2,"{""basis"": ""monomial"", ""degree"": 9, ""method"": ""sparse_refit"", ""refit_alpha"": 0, ""selection_alpha"": 0.003}",0.1786690278254615,0.3344894394438232,0.06609847000585181,0.9915933204501257,True,98.2,0.39274037869755146,0.2603415976024248,1.8372788032286305,0.2638080668571453,0.2724134945130975,0.34712533595176154,0.4195752154375087,0.369525084459603,0.4633546249970095
ebd15959a9fa,var2,"{""basis"": ""monomial"", ""degree"": 9, ""method"": ""sparse_refit"", ""refit_alpha"": 1, ""selection_alpha"": 0.003}",0.1836863492054507,0.320301097563368,0.05866287917095288,0.9919566231062358,True,98.2,0.3781493425429124,0.24670860819880802,1.4594097144484262,0.25788993004776584,0.26381867683486204,0.33495569035913825,0.3951392518547903,0.3497019387202836,0.4620652500016149
6cddc517b67d,var2,"{""basis"": ""monomial"", ""degree"": 9, ""method"": ""sparse_refit"", ""refit_alpha"": 10, ""selection_alpha"": 0.003}",0.2342047585345696,0.3666753108423848,0.047446597460394487,0.9908300610566684,True,98.2,0.4492618590453164,0.26184408409688537,1.1268495692294227,0.3234839026554796,0.309552039313861,0.3999986746495261,0.4163231787382121,0.38401875885484515,0.45822933300223667
8e0c1de594a0,var2,"{""basis"": ""monomial"", ""degree"": 9, ""method"": ""sparse_refit"", ""refit_alpha"": 0, ""selection_alpha"": 0.01}",0.2157255295910355,0.35935199709390914,0.08235579791974779,0.9909197359643318,True,80.0,0.44027069031999194,0.2563459094430373,0.23675924563415865,0.2779255056517746,0.29674534203906094,0.33497946931695977,0.4736030235622938,0.41350664489945654,0.27254479200200876
7bd84036e5fc,var2,"{""basis"": ""monomial"", ""degree"": 9, ""method"": ""sparse_refit"", ""refit_alpha"": 1, ""selection_alpha"": 0.01}",0.22034737422437845,0.3519439385013601,0.06434257584307974,0.9911373357563689,True,80.0,0.4261944017625094,0.2575058892117045,0.4831845439523932,0.28748374745287836,0.2983584528824562,0.3435028796825792,0.44223031980167765,0.38814429268720896,0.26935499999672174
3e575606f0ee,var2,"{""basis"": ""monomial"", ""degree"": 9, ""method"": ""sparse_refit"", ""refit_alpha"": 10, ""selection_alpha"": 0.01}",0.26864802350541994,0.4156846248107004,0.052397171266144356,0.9896172515914448,True,80.0,0.5164856806118078,0.2877541586578029,1.4723336683562644,0.3789699967688452,0.34944313665394827,0.44438754248325624,0.4816671535571929,0.42395529459025943,0.2702546660002554
6299c8c5174d,var2,"{""basis"": ""monomial"", ""degree"": 11, ""method"": ""sparse_refit"", ""refit_alpha"": 0, ""selection_alpha"": 0.001}",0.13996119467037205,0.28194485559247606,0.04025454964275495,0.992894087109905,True,140.6,0.3071240995902387,0.24998650685920462,0.7009430190315773,0.22153121941279075,0.28247495862151223,0.32243245763369544,0.2692343447237224,0.31405129757065947,2.226102125001489
887773cfb01a,var2,"{""basis"": ""monomial"", ""degree"": 11, ""method"": ""sparse_refit"", ""refit_alpha"": 1, ""selection_alpha"": 0.001}",0.14771810976254454,0.2719807936167099,0.04239396023094454,0.9931604444648915,True,140.6,0.2983302581708668,0.23850056824595353,1.3218077093494822,0.20737457400411463,0.2580356820404028,0.3173539854533004,0.2782878230317035,0.29885190355402824,2.220479374998831
80557df8697c,var2,"{""basis"": ""monomial"", ""degree"": 11, ""method"": ""sparse_refit"", ""refit_alpha"": 10, ""selection_alpha"": 0.001}",0.20296372088732081,0.34685630038251297,0.05441861782363352,0.9913688400829214,True,140.6,0.41282639934368914,0.263264512763918,3.47034831519035,0.302286871419586,0.3015653209169361,0.43507160375018133,0.34417570356372473,0.35118200226213653,2.2104184579948196
fe440a64411d,var2,"{""basis"": ""monomial"", ""degree"": 11, ""method"": ""sparse_refit"", ""refit_alpha"": 0, ""selection_alpha"": 0.003}",0.15823604144917142,0.35235760984026027,0.13628810352792828,0.9913297699294279,True,122.4,0.43509426010608426,0.24757062994976903,5.6704623213037,0.22700658532972184,0.26718649881687195,0.5784088424787568,0.35204473721799223,0.3371413853579586,1.8069194580020849
de2fc87a2e8b,var2,"{""basis"": ""monomial"", ""degree"": 11, ""method"": ""sparse_refit"", ""refit_alpha"": 1, ""selection_alpha"": 0.003}",0.16568453830597757,0.31639692662732866,0.08201458814333104,0.9921368654273162,True,122.4,0.37583659451339646,0.24099002020827892,3.3998021884550993,0.2290996529296922,0.2506248608639735,0.4363270837690652,0.33660291360051064,0.32933012197340167,1.7913564589980524
346736233c1a,var2,"{""basis"": ""monomial"", ""degree"": 11, ""method"": ""sparse_refit"", ""refit_alpha"": 10, ""selection_alpha"": 0.003}",0.20637803352549403,0.3288018541692904,0.04820697810583531,0.9917045973561184,True,122.4,0.3847248803170708,0.25774458419908863,1.4932783706069335,0.27155210569105276,0.2919562186501695,0.3524078705656539,0.335595730316427,0.3924973456231488,1.7928125000034925
b817020fbce0,var2,"{""basis"": ""monomial"", ""degree"": 11, ""method"": ""sparse_refit"", ""refit_alpha"": 0, ""selection_alpha"": 0.01}",0.2034472754025789,0.361457695688546,0.06704333613639363,0.9909763256786672,True,97.4,0.43310183665290564,0.2703986433096762,0.8506965072654694,0.30960085036323626,0.2876017198409725,0.38767094960368215,0.4570233143673263,0.36539164426751286,1.2260302089998731
8f5b2a395b49,var2,"{""basis"": ""monomial"", ""degree"": 11, ""method"": ""sparse_refit"", ""refit_alpha"": 1, ""selection_alpha"": 0.01}",0.21137068668792774,0.3540336677150985,0.05594876244969667,0.9911441291994084,True,97.4,0.4163635581145168,0.27481347698634817,1.1029798582633332,0.3031999140909963,0.29063731191641784,0.3818877587583883,0.4237888462981618,0.3706545075115282,1.2194067079981323
34dd678f0efe,var2,"{""basis"": ""monomial"", ""degree"": 11, ""method"": ""sparse_refit"", ""refit_alpha"": 10, ""selection_alpha"": 0.01}",0.24657760607093349,0.38795620324692387,0.04275256659971959,0.9903124352610639,True,97.4,0.45418391565151095,0.3039018898686219,1.7396570585928857,0.3574835972928807,0.32997591128626025,0.4268505244451539,0.42456848255054697,0.40090250065977745,1.2203622500019264
