problem,degree,alpha,polynomial_terms,train_mse,validation_mse,validation_mse_std,validation_r2,pooled_validation_mse,pooled_validation_r2,fit_seconds
var1,3,0.0,83,0.7138642776408417,0.9704393733604424,0.0477190820550396,0.9019569698316078,0.9704393733604424,0.9032104260215188,
var1,3,0.001,83,0.7138642779135981,0.970437107059656,0.0477212039873589,0.9019572098703076,0.970437107059656,0.903210652057574,
var1,3,0.01,83,0.7138643048891431,0.9704167550215668,0.0477403100179649,0.9019593657304836,0.9704167550215668,0.9032126819268788,
var1,3,0.1,83,0.7138669754376082,0.9702176068851814,0.0479322050590883,0.901980485018252,0.9702176068851815,0.9032325445414928,
var1,3,1.0,83,0.7141097309621498,0.9686185890120164,0.0499165659772101,0.9021522329470366,0.9686185890120164,0.903392027207774,
var1,3,10.0,83,0.7270434747466163,0.9714835733682,0.0696124757533577,0.9019695305326376,0.9714835733682002,0.903106279717614,
var1,3,100.0,83,1.0119523284875604,1.2636644071898866,0.1823010029090455,0.8732402050097028,1.2636644071898866,0.8739647803034363,
var1,4,0.0,209,0.3254512675758627,0.8987142882423489,0.1678698537270401,0.9081442893669844,0.898714288242349,0.91036413456089,
var1,4,0.001,209,0.3254512702710497,0.8986371216035444,0.1678510440164775,0.9081522574359172,0.8986371216035445,0.910371830998504,
var1,4,0.01,209,0.3254515358435862,0.8979453463505109,0.1676822876559284,0.9082236921155252,0.897945346350511,0.9104408272015312,
var1,4,0.1,209,0.3254768991634057,0.8912866097271518,0.1660438405823834,0.9089116193667652,0.8912866097271518,0.9111049555321636,
var1,4,1.0,209,0.3272019347448464,0.8431028118527054,0.1525920628656555,0.913915156100178,0.8431028118527054,0.9159107057901972,
var1,4,10.0,209,0.3608949785395451,0.7430992067445704,0.0988578665256673,0.924797879208507,0.7430992067445704,0.92588485420218,
var1,4,100.0,209,0.5849950297790626,0.8962834944731078,0.1555762051652207,0.9104950099644584,0.8962834944731078,0.9106065767987186,
var1,5,0.0,461,0.0732910589434801,4.566710209982847,1.2135902251582822,0.5397341401370401,4.566710209982847,0.5445259664425759,
var1,5,0.001,461,0.0732932880361994,4.514801465150205,1.183915282588732,0.5449137585847571,4.514801465150205,0.5497032350448496,
var1,5,0.01,461,0.0734521041773929,4.132107950140239,0.9743197635339172,0.5832425701151859,4.132107950140239,0.5878722781596988,
var1,5,0.1,461,0.0770117512416073,2.7163516786795947,0.3992191984771615,0.7264571809999503,2.7163516786795943,0.7290768192507399,
var1,5,1.0,461,0.0972317036833125,1.1742213224178149,0.1280896457249061,0.8821427448414451,1.174221322417815,0.8828856447160496,
var1,5,10.0,461,0.1498244047079839,0.5412039933386255,0.0358843070322579,0.9452724763201136,0.5412039933386255,0.9460214564776916,
var1,5,100.0,461,0.3175801968189275,0.5919904136484713,0.0749899031175648,0.9405638419996126,0.5919904136484712,0.94095612615349,
var2,6,0.0,83,0.3737358622463703,0.5743275473217139,0.0595345585320459,0.985665298185868,0.5742304233677236,0.9858953639557884,
var2,6,0.001,83,0.3737360624217429,0.5742396062875595,0.0594842548729701,0.9856675715714632,0.5741427152148673,0.985897518302761,
var2,6,0.01,83,0.3737553065917127,0.5734848300474289,0.0590446563107271,0.9856871262378752,0.5733900249767743,0.9859160063894772,
var2,6,0.1,83,0.375245671632174,0.5687849627550882,0.0559197265084526,0.985812325458468,0.5687096739895826,0.9860309683360184,
var2,6,1.0,83,0.4170588785274696,0.5976278225221066,0.0678761897690998,0.9851704432247844,0.5976396873256754,0.9853203697814056,
var2,6,10.0,83,0.703062159177992,0.9273402558892118,0.1664617070345506,0.9771849934385456,0.9273921701138748,0.9772207662683672,
var2,6,100.0,83,2.061962995106549,2.4676961001316906,0.4776808509077079,0.938946113695444,2.4677526613814695,0.9393853900464086,
var2,7,0.0,119,0.1916952375237124,0.3607101886975299,0.0934149659099122,0.9909149237028004,0.3604784005966692,0.9911456857120235,
var2,7,0.001,119,0.1916967845013326,0.3603404779621664,0.0931340602771833,0.9909240426098044,0.3601092976304328,0.991154751868726,
var2,7,0.01,119,0.1918116147467873,0.3575001803753744,0.0908292405447821,0.9909939791276444,0.3572740049272058,0.9912243942457764,
var2,7,0.1,119,0.1953258624407384,0.3463765387995031,0.0759794655948971,0.9912713848516888,0.3461866515347246,0.9914967293188248,
var2,7,1.0,119,0.2359392856014531,0.3773822266599768,0.0494907875644351,0.9905362641771628,0.3772931861399977,0.9907326695766904,
var2,7,10.0,119,0.4222436379319212,0.6097442064394974,0.0884430379582379,0.9848915750311736,0.6096821894654137,0.9850245736988044,
var2,7,100.0,119,1.2911005576086356,1.5966142945493305,0.3704321640373254,0.9606063456894692,1.5965894788013648,0.9607834893553002,
var2,8,0.0,164,0.1396101278659808,0.3760063069898434,0.1292416098378142,0.9906886591251836,0.375928213466765,0.9907661969587008,
var2,8,0.001,164,0.1396269817210808,0.3716230683716481,0.1254157669699843,0.9907930786210756,0.3715467489694771,0.9908738174531226,
var2,8,0.01,164,0.1404660686366175,0.3484439111432667,0.1040723104275562,0.99134138108982,0.3483718397268722,0.9914430552484792,
var2,8,0.1,164,0.1499813995256433,0.3186613879962374,0.0731329977486077,0.9920472950463604,0.3185990574056537,0.9921743544649184,
var2,8,1.0,164,0.1812399140677014,0.317914790487749,0.0573156734639435,0.9920712885656472,0.317891602347024,0.9921917314545616,
var2,8,10.0,164,0.289222352040527,0.4415679981441437,0.0723072088852027,0.9890774897177704,0.4415854545099539,0.9891534793963848,
var2,8,100.0,164,0.9672327834115274,1.2209376921873014,0.2321803491747615,0.9698777448070992,1.220868365327875,0.9700122054664908,
var2,9,0.0,219,0.120920102297287,0.3814620754638066,0.0764003268309446,0.990504453332754,0.3814168693009533,0.990631380881804,
var2,9,0.001,219,0.1211762893604273,0.3768892900072485,0.085294988645704,0.9906195919980528,0.3768190504860287,0.9907443156173088,
var2,9,0.01,219,0.1241109718590436,0.3605434121032841,0.1096665230622565,0.9910131874642174,0.3603984432408123,0.991147649678678,
var2,9,0.1,219,0.1360782786770538,0.3207122296185709,0.0930789869163474,0.9919530920016658,0.3205433925620944,0.9921265963897388,
var2,9,1.0,219,0.159417659277352,0.286721354252488,0.0580652818281004,0.9927779501362524,0.2865982251356019,0.9929603805511606,
var2,9,10.0,219,0.2345337035222484,0.364520397405413,0.0504251963893108,0.990887850652034,0.3644532510159559,0.9910480527476024,
var2,9,100.0,219,0.6867527945295737,0.9259242322237444,0.1652737401130572,0.9771570267073476,0.9258649008761702,0.9772582800883648,
var2,10,0.0,285,0.1039089771167214,0.966043246532958,0.6251394010343697,0.9772720065379886,0.9662244991459982,0.9762669403381162,
var2,10,0.001,285,0.1063826353045005,0.6034568197915368,0.3023846261821844,0.9854851187278308,0.6034291410137813,0.985178165304174,
var2,10,0.01,285,0.113381482985944,0.4346672054423188,0.1902528559866138,0.9894282308584412,0.4346507470688648,0.9893238143708992,
var2,10,0.1,285,0.1259683650019149,0.3622621513067215,0.1395265897541732,0.9911014964310498,0.3622561009328251,0.9911020206340048,
var2,10,1.0,285,0.1463391929805113,0.311423992612658,0.0966231558696454,0.9922942254488116,0.3114260385905431,0.9923505430045853,
var2,10,10.0,285,0.2027485725527306,0.3453630250618747,0.0844777591570355,0.9914472823338843,0.3454035555469198,0.9915159642521306,
var2,10,100.0,285,0.5808464354492537,0.8248376233251082,0.1410692105464939,0.9796628788929436,0.8248569528424221,0.9797393056255234,
var1,1,0.001,6,8.788814342014868,8.937393245309755,1.2032110286851836,0.10607562606494476,8.937393245309755,0.10860326936633002,0.03262254100263817
var1,1,0.01,6,8.788814342536247,8.937390363315924,1.2032134603290552,0.10607597513827323,8.937390363315924,0.10860355681030931,0.01907175000087591
var1,1,0.1,6,8.788814394648742,8.937361598928355,1.2032377623634645,0.10607945999318176,8.937361598928357,0.10860642570958812,0.01941679100127658
var1,1,1.0,6,8.788819580602674,8.937079482181238,1.2034793477532975,0.10611372363204859,8.93707948218124,0.10863456343824518,0.01851354199607158
var1,1,10.0,6,8.789313931214604,8.93478423108537,1.2057570182859092,0.10640067655890065,8.93478423108537,0.1088634869360352,0.01865529199858429
var1,1,100.0,6,8.821961804520665,8.945806244433026,1.2187258744242675,0.10565583731284008,8.945806244433026,0.1077641745981498,0.018249917004141025
var1,1,1000.0,6,9.26900276841653,9.331069223349923,1.202084986222875,0.06712436276974718,9.331069223349923,0.06933885857874633,0.01858583300054306
var1,2,0.001,27,2.5363792000521466,2.765828735851753,0.3467034086360378,0.7222347162408514,2.765828735851752,0.7241420820411199,0.021082792001834605
var1,2,0.01,27,2.5363792031099806,2.765824735311542,0.34670720882428363,0.7222352413750318,2.765824735311542,0.7241424810465531,0.021242332994006574
var1,2,0.1,27,2.5363795086893504,2.7657850572724536,0.34674527937009975,0.7222404593120502,2.765785057272454,0.72414643845039,0.021342708001611754
var1,2,1.0,27,2.53640986394853,2.7654207648248534,0.34713278934723063,0.7222893234012987,2.765420764824853,0.7241827722098961,0.020730834003188647
var1,2,10.0,27,2.5392556259678107,2.764794669055374,0.35162990436707775,0.722469973151751,2.764794669055374,0.7242452176799183,0.02127616600046167
var1,2,100.0,27,2.7105388843391043,2.9245055115048695,0.42320202367106463,0.707263173741392,2.9245055115048695,0.7083159954896626,0.020987333002267405
var1,2,1000.0,27,4.978436235196728,5.165552789403167,0.7717754989338514,0.4839761369159671,5.165552789403166,0.48479867205059624,0.02074841700232355
var1,3,1000.0,83,3.3547574607697412,3.659795934197362,0.652057530540985,0.6350026247025842,3.659795934197362,0.6349796813246456,0.027371291995223146
var1,4,1000.0,209,1.7226483772976622,2.0347421567719186,0.2971879344982234,0.7967677304531993,2.0347421567719186,0.7970591137207895,0.02885916599916527
var1,5,1000.0,461,1.1612686437935509,1.528189940935961,0.22146716325476326,0.8470629926219877,1.5281899409359614,0.8475815621235581,0.05635870900005102
var1,6,0.001,923,9.894620570526021e-06,14.065525177458658,4.989961788202891,-0.42550756888169694,14.065525177458658,-0.4028657812961294,0.09084204199461965
var1,6,0.01,923,0.0004621552947683779,10.448831631768902,2.874007322748743,-0.05735310225488353,10.448831631768904,-0.042144403838153544,0.08722025000315625
var1,6,0.1,923,0.007236878817503227,4.406848328161167,0.6180723460937867,0.5516763243160832,4.406848328161167,0.5604702529808878,0.09010033300000941
var1,6,1.0,923,0.03525495521284906,1.571663942949939,0.24197413915422608,0.8404308252791299,1.5716639429499388,0.8432455569597304,0.0875586670008488
var1,6,10.0,923,0.0954048533727064,0.7101263514439244,0.08739502029045869,0.9284709225603333,0.7101263514439244,0.9291734971663997,0.08986745800211793
var1,6,100.0,923,0.25290380090916836,0.6552455784488265,0.07889496589910182,0.9343067588687873,0.6552455784488265,0.9346471895820436,0.09071279100317042
var1,6,1000.0,923,0.8643275626343151,1.2693391287562927,0.21072040826957497,0.8734881079019938,1.2693391287562925,0.8733987955567983,0.08662912499858066
var1,7,0.001,1715,1.3135961255966696e-07,4.678674163732975,0.8928740261350182,0.5314410481400411,4.678674163732975,0.5333589181117822,0.14027345799695468
var1,7,0.01,1715,1.1974494572829336e-05,4.5573137755706234,0.8972243669206594,0.544015923479208,4.557313775570623,0.5454631469699144,0.13520445800531888
var1,7,0.1,1715,0.0006869351382007749,3.7795739282625695,0.8121530080035078,0.6226393964513057,3.7795739282625687,0.623033277112476,0.1402267910016235
var1,7,1.0,1715,0.012470797784175728,1.922455684154174,0.2873136622210324,0.8070626241966435,1.922455684154174,0.8082583294024283,0.13837841699569253
var1,7,10.0,1715,0.06360031704923548,0.8381074845788143,0.07079178829118583,0.9155606535586672,0.8381074845788146,0.9164089291846672,0.1351931249955669
var1,7,100.0,1715,0.20095186564479092,0.6417806046545019,0.04833242090348654,0.9352494843767218,0.6417806046545018,0.9359901576364736,0.13833320800040383
var1,7,1000.0,1715,0.6901631875772649,1.109481941527633,0.16962117921930953,0.8892013034778765,1.109481941527633,0.8893426138663151,0.13971629200386815
var1,8,0.001,3002,2.5662093351326127e-08,3.936431551270899,0.5908338653284055,0.603425415778012,3.9364315512708994,0.6073886290045982,0.2189215830003377
var1,8,0.01,3002,2.501674602036388e-06,3.900633222200427,0.5882555076992608,0.6070831504126396,3.9006332222004265,0.6109590787565228,0.2117846670007566
var1,8,0.1,3002,0.00019963474592650136,3.6003244454169625,0.5655039637899115,0.6376660829409099,3.600324445416963,0.6409112420392404,0.2145280000040657
var1,8,1.0,3002,0.006048490130294749,2.4115412075668337,0.4173990086701947,0.7576819241760746,2.4115412075668337,0.7594779720203589,0.23506170800101245
var1,8,10.0,3002,0.04366881049537706,1.1704175787616196,0.153104896999126,0.8828820365840251,1.1704175787616196,0.8832650220765659,0.22774404200026765
var1,8,100.0,3002,0.16699587559807635,0.777647758882121,0.10188852146326478,0.9218883540429017,0.7776477588821209,0.9224390545625927,0.20760575000167591
var1,8,1000.0,3002,0.5964324195894568,1.108584036669954,0.18645195579485915,0.8894172039999733,1.108584036669954,0.889432169000859,0.20774470800097333
var1,9,0.001,5004,1.0397407793688845e-08,3.7018397590414955,0.8244666336547835,0.6296120359678705,3.7018397590414964,0.6307863190118634,0.32802483400155324
var1,9,0.01,5004,1.0217861055254321e-06,3.679815813589687,0.817685960167451,0.6318047411144601,3.679815813589687,0.6329829408268093,0.34131437500036554
var1,9,0.1,5004,8.700986193999704e-05,3.4848668865801202,0.7576885018781296,0.6512121882834595,3.48486688658012,0.6524267351645001,0.29592591599794105
var1,9,1.0,5004,0.0032785328242581568,2.5684488631068794,0.4720331135753843,0.7424757292543799,2.56844886310688,0.7438283337734135,0.29642341600265354
var1,9,10.0,5004,0.030518320417407617,1.3802285437227677,0.14770085265383712,0.8615783061330852,1.3802285437227682,0.8623389194553556,0.29330741600279
var1,9,100.0,5004,0.1419559367990288,0.8959682221281307,0.11555686507362932,0.9098724724037641,0.8959682221281305,0.9106380213966967,0.2962976249982603
var1,9,1000.0,5004,0.5301931984076494,1.0996269353735795,0.15777910915436644,0.8899204610542091,1.0996269353735795,0.8903255313708915,0.29406870900129434
var1,10,0.001,8007,6.681017237296915e-09,4.230684303565437,0.9938605959164108,0.5762870377515709,4.230684303565436,0.5780404808168749,0.4629902500018943
var1,10,0.01,8007,6.581619811045538e-07,4.210916039343879,0.9875848229961381,0.5782562778391612,4.210916039343879,0.580012125748874,0.45070041599683464
var1,10,0.1,8007,5.722222575652797e-05,4.033323978110358,0.9316771379524296,0.5959686493668922,4.033323978110357,0.5977247829437593,0.45939104200078873
var1,10,1.0,8007,0.0023377547319515263,3.143739633091547,0.66578119511321,0.6852639015488764,3.1437396330915472,0.6864500471239838,0.44896733300265623
var1,10,10.0,8007,0.023722738474391564,1.8380496567358104,0.392861776745063,0.8173265899414572,1.8380496567358109,0.8166768083505253,0.46304324999800883
var1,10,100.0,8007,0.12068556534805812,1.1230006218398867,0.20564298528288924,0.8879875867636967,1.1230006218398867,0.8879942892371904,0.4482151249976596
var1,10,1000.0,8007,0.47175378830798753,1.1723075824892626,0.19441970607370115,0.8826509271138265,1.1723075824892624,0.8830765170955872,0.4612882500005071
var2,1,0.001,3,30.057798008045477,30.832459255916667,2.8639370188142137,0.23402714840263755,30.83744983724043,0.2425496999357405,0.018326040997635573
var2,1,0.01,3,30.057798010609453,30.832448613239297,2.863973036780654,0.23402760421349605,30.83743927848375,0.24254995928706358,0.018807417000061832
var2,1,0.1,3,30.05779826693432,30.832342434593052,2.8643332149862473,0.23403215575087807,30.837333938861516,0.24255254671011217,0.017901583996717818
var2,1,1.0,3,30.057823826932292,30.83130538621761,2.8679348301652228,0.23407701594092228,30.836305262473807,0.24257781375530085,0.017994958005147055
var2,1,10.0,3,30.060308985636986,30.82333574503743,2.9039142671108515,0.2344619923262475,30.828417552882858,0.24277155701319075,0.017794833998777904
var2,1,100.0,3,30.25159567349017,30.92476159291723,3.2471703923554833,0.2334811194964773,30.93051469135132,0.24026377804389187,0.017980041993723717
var2,1,1000.0,3,34.00986139132299,34.33798099800477,4.810605073510018,0.1534103675962301,34.34576256848155,0.1563761497549241,0.01776275000156602
var2,2,0.001,9,17.870712239561538,18.937078233162577,1.5445513169234224,0.5273474477289296,18.938665720900406,0.534815683241451,0.019428708001214545
var2,2,0.01,9,17.870712245128534,18.937070604972817,1.5445734631550023,0.5273478465640238,18.93865821385756,0.5348158676345147,0.019789582998782862
var2,2,0.1,9,17.870712801664475,18.9369948443672,1.5447950556103538,0.527351821601779,18.938583664474272,0.5348176987668892,0.019452624997938983
var2,2,1.0,9,17.870768292258447,18.93628919811254,1.5470239241415316,0.5273902449229906,18.937890105812784,0.5348347344238268,0.020038667003973387
var2,2,10.0,9,17.876158259888214,18.93426348469557,1.5705389417708806,0.5276459305657168,18.93598286095115,0.534881581462099,0.019799499998043757
var2,2,100.0,9,18.287934570046254,19.285718830507523,1.8770523988758832,0.5206588703458473,19.28842664518373,0.526224618855536,0.01941149999765912
var2,2,1000.0,9,26.273424950182395,26.951679548880424,4.001514145786699,0.336144905645118,26.957897361954036,0.3378418918008408,0.019652083006803878
var2,3,0.001,19,7.746189435872108,8.847315200877219,2.0779295824327777,0.7782329414331535,8.847622809185667,0.7826787043985741,0.020602208001946565
var2,3,0.01,19,7.7461896337133656,8.84730452652942,2.0778617899647647,0.778233558025179,8.84761276606427,0.7826789510845147,0.02015295799355954
var2,3,0.1,19,7.746209319170285,8.847216419147912,2.07718839893342,0.7782392461140717,8.847530949673642,0.7826809607140384,0.020314207999035716
var2,3,1.0,19,7.748083321999806,8.84809962174566,2.070888203618189,0.7782508653895541,8.848475009611706,0.782657772075317,0.020396749998326413
var2,3,10.0,19,7.870365794215661,8.965406026412605,2.0374352893212615,0.7755688969673169,8.96623970077008,0.7797651560799709,0.02005795799777843
var2,3,100.0,19,9.694057583658102,10.763459000399774,2.1383715520385373,0.7313691776392043,10.765634428422272,0.7355672057440048,0.02040412499627564
var2,3,1000.0,19,18.86698015882498,19.789415028609817,2.8297198490046,0.5103524496710385,19.79432373588183,0.5137984323461654,0.02040191600099206
var2,4,0.001,34,2.6204961162446727,3.0692635239383477,0.3647915426615369,0.9238267967449574,3.069414200640786,0.9246069723804076,0.020807291999517474
var2,4,0.01,34,2.620496526023616,3.0693141112994655,0.3649033504135665,0.92382581640462,3.069465166246947,0.924605720528718,0.02186562499991851
var2,4,0.1,34,2.620537156204515,3.069860347311329,0.36601990591277656,0.9238150021617881,3.070015179359335,0.9245922107346457,0.0223461670029792
var2,4,1.0,34,2.6242801914572977,3.078993311572855,0.3770402846679587,0.9236148477251038,3.0791853033728964,0.9243669679463361,0.022074125001381617
var2,4,10.0,34,2.82726513258112,3.3454982503434407,0.47518968588876737,0.9171846670890849,3.345982082960434,0.9178137249959183,0.022724874994310085
var2,4,100.0,34,5.336031209520364,6.160860321700207,0.9447845093838442,0.8471625935019855,6.1618423998628105,0.8486486593619562,0.022015875001670793
var2,4,1000.0,34,13.77134132984022,14.845531263795348,2.1909306422838153,0.6327107250034414,14.848314457587785,0.6352856575135395,0.020925958000589162
var2,5,0.001,55,0.9248552505215943,1.2045160797603536,0.11958945989852625,0.9699634113604401,1.2043862521400206,0.9704170502784233,0.024138832995959092
var2,5,0.01,55,0.9248581977589616,1.2043893075799819,0.11975527268841119,0.9699676907049009,1.2042601771127646,0.9704201470185146,0.02375620800012257
var2,5,0.1,55,0.9251245848786777,1.2035278855672753,0.12152802283056244,0.969999840867731,1.2034051221222541,0.970441149457515,0.023828541998227593
var2,5,1.0,55,0.9385758732439257,1.2140402036749187,0.14180365885666008,0.9698146948360856,1.2139529724316886,0.9701820660240896,0.02402299999812385
var2,5,10.0,55,1.1882317903833486,1.5083429212707968,0.26957330763918214,0.9627440722449692,1.508404847989213,0.9629495399017062,0.02315029199962737
var2,5,100.0,55,3.139697503451625,3.775513598712128,0.886508458715102,0.9063165356140293,3.77586210538675,0.9072547211322064,0.022772917000111192
var2,5,1000.0,55,9.718299550043128,10.748682359308416,2.23232546341467,0.7328226430351756,10.750411710637913,0.7359411164342342,0.02312533400254324
var2,6,1000.0,83,7.382621750066167,8.239598106699146,1.6451916665334452,0.7953160337219701,8.240056072360039,0.7976021695212276,0.02575349999824539
var2,7,1000.0,119,5.625866457949053,6.373180669107727,1.6852611397412445,0.8414967550890411,6.373271302360769,0.8434553996571302,0.026735542000096757
var2,8,1000.0,164,4.501592790668677,5.074080410457833,1.2373502457536663,0.8738779276815387,5.073615135681531,0.8753784334562067,0.026811625000846107
var2,9,1000.0,219,3.677350787661795,4.194453078865832,1.1531345693226414,0.8959008595760054,4.194047992203347,0.8969829565367649,0.02963083299982827
var2,10,1000.0,285,3.1109941916088713,3.5566658851309088,0.866100527478382,0.9117120990328742,3.5560592468041734,0.9126536676101766,0.03645141699962551
var2,11,0.001,363,0.0926854662710257,0.7962161124278192,0.4750047052789115,0.9804353847469922,0.7955675506804848,0.9804587317315521,0.04435612500674324
var2,11,0.01,363,0.10618601704404965,0.4255666934800898,0.13766105860999672,0.989479134021724,0.4254137025692649,0.989550700905449,0.043649083003401756
var2,11,0.1,363,0.12089782400123442,0.3533586917997463,0.12091990042834667,0.9912152828814731,0.3532152706395191,0.9913240876225087,0.04435550000198418
var2,11,1.0,363,0.14011428206998539,0.2921623935791622,0.07165115657589631,0.9926740966208254,0.29205299944682866,0.9928263966951469,0.043517249992873985
var2,11,10.0,363,0.18989182979727728,0.3074447923027876,0.04568211781810401,0.9922946471491685,0.30738656631349864,0.9924497632547842,0.046670999996422324
var2,11,100.0,363,0.4887490085011265,0.719405435946141,0.1261843581094315,0.982202266135265,0.7193993908467374,0.9823296255903478,0.04453379200276686
var2,11,1000.0,363,2.6551282520899058,3.102360385757237,0.7534497792620489,0.9231736949994351,3.101970117406796,0.9238073119333398,0.04324545800045598
var2,12,0.001,454,0.08108139278715217,1.0820185981282369,0.8129800307242828,0.9745175086963627,1.0831591437221169,0.9733947125083323,0.05470458300260361
var2,12,0.01,454,0.09956008180747303,0.52770861947149,0.19847028333833322,0.9871293887443103,0.5276231605871126,0.9870401630674099,0.054394459002651274
var2,12,0.1,454,0.11586578019826363,0.41910602398678753,0.19523135959203533,0.989811565674936,0.41911059084502694,0.989705522198781,0.0527742499980377
var2,12,1.0,454,0.13431741848020812,0.33829188225660106,0.13974202196115174,0.9916975853016397,0.33832424847133985,0.9916898509806684,0.05216908399597742
var2,12,10.0,454,0.1794112785065298,0.3434519919798044,0.12708806314916316,0.9915621174494852,0.34353580879010165,0.9915618411112375,0.05290854100167053
var2,12,100.0,454,0.4568031454048683,0.719003866974653,0.19731727293459572,0.9822967716262774,0.7191343552288648,0.982336135574453,0.05261700000119163
var2,12,1000.0,454,2.3627997688536224,2.8192739632359958,0.5914632671765115,0.9301824481648749,2.818862248884095,0.9307611988823217,0.05148116700001992
var2,13,0.001,559,0.07390926325120417,2.875307661719895,2.279801514675783,0.9335562761406557,2.8773359319959657,0.9293249287285731,0.06294558299850905
var2,13,0.01,559,0.09388980903645754,0.7109927225606214,0.4218247827705922,0.9825816907400462,0.7104751468683139,0.9825488289069314,0.06505345900222892
var2,13,0.1,559,0.11186602809709141,0.4036501536531418,0.16728722035827406,0.9900087338093666,0.40344956951480926,0.990090198797154,0.0645197920021019
var2,13,1.0,559,0.1309824951113004,0.3212973775643265,0.09772791000146318,0.9920027347794752,0.32120693376545706,0.9921102980419104,0.06441241699940292
var2,13,10.0,559,0.17444483540267894,0.30410704215447104,0.05741364849803088,0.9924050073282211,0.304074776254025,0.9925311096821814,0.06575866699859034
var2,13,100.0,559,0.4277276511546635,0.6618821347644658,0.15464535802488674,0.9836059944998397,0.6619252953890555,0.9837413431960549,0.06376820800505811
var2,13,1000.0,559,2.0871850485022327,2.5659187613029912,0.5173385703949588,0.9365966661231695,2.56573043763041,0.9369787936381101,0.0648020419976092
var2,14,0.001,679,0.06757275508327573,4.471021790835159,5.682926498531213,0.899008875101362,4.479025305077463,0.8899831510312094,0.07824866599548841
var2,14,0.01,679,0.08849253941251752,0.8089465498234063,0.3851070106904393,0.9805450650851567,0.8090779699693411,0.9801268796750964,0.07684429200162413
var2,14,0.1,679,0.10809531715227014,0.4670253557704701,0.19801841987121743,0.988598680129595,0.46690082011529327,0.9885316662641315,0.07942699999694014
var2,14,1.0,679,0.12721982379042293,0.37141363177493636,0.17014847190570911,0.990932246115465,0.3714539107235508,0.990876097808911,0.07745245899423026
var2,14,10.0,679,0.16958396212745522,0.36356002602063675,0.17655192241070713,0.9911435140073271,0.3636887962239352,0.9910668298032493,0.07665850000194041
var2,14,100.0,679,0.41618952226649475,0.7060947387553227,0.27054172968655216,0.9826738817468265,0.7063138368025492,0.9826510418193029,0.0763556659949245
var2,14,1000.0,679,1.9352348794452134,2.469323304505362,0.48677932499139376,0.9390709584743726,2.4692229777483172,0.9393492751413456,0.07762720800383249
var2,15,0.001,815,0.06236117102674972,7.44141774888205,7.680012906819555,0.8309292099404295,7.452055141006093,0.8169575813680321,0.08672225000191247
var2,15,0.01,815,0.08419063703718019,1.7060878330150928,1.3764527360456542,0.9599769932947613,1.7061998440514217,0.9580911654281594,0.08448833299917169
var2,15,0.1,815,0.10460302352341407,0.5081977492139075,0.2773155785323887,0.9874823156981367,0.5078394852534301,0.9875261030818069,0.08465662499656901
var2,15,1.0,815,0.12462091500897805,0.3569471067726668,0.12870283145637196,0.991157092767209,0.3568412571867117,0.9912350236884708,0.08429608299775282
var2,15,10.0,815,0.1669144947968694,0.3205578467150473,0.08569992232895116,0.9920476145849826,0.32056675760102415,0.9921260224818496,0.08398387500346871
var2,15,100.0,815,0.4038350512100333,0.6514774898744234,0.1848578543428489,0.9838769820536163,0.6515585270820845,0.9839959787708594,0.08437979099835502
var2,15,1000.0,815,1.7639677162469567,2.3120104169258973,0.48880561687907637,0.9430428131547357,2.3120746774515584,0.9432092579817756,0.0827355420042295
var2,16,0.001,968,0.05789445599357666,9.071850402250655,10.922772546403799,0.7933549695703029,9.087894816389074,0.7767769808477025,0.09196545899612829
var2,16,0.01,968,0.08016969545308779,2.068307694076752,2.304605225534986,0.9526081848544015,2.070572661163828,0.949141193847703,0.09127325000008568
var2,16,0.1,968,0.10144530751085849,0.5629801546825284,0.2714753326121937,0.986252820874004,0.5627131647475316,0.9861782586518099,0.09147066700097639
var2,16,1.0,968,0.12182484186648779,0.40188754179213937,0.16943930304972427,0.9901900665883577,0.4018890398755609,0.9901285295816302,0.09155108299455605
var2,16,10.0,968,0.16384733609709543,0.385411027313545,0.21798156916857123,0.9906634905764458,0.38557939395398144,0.9905291381359188,0.09109237499797018
var2,16,100.0,968,0.3968452464097679,0.7203505889895782,0.33912034281840087,0.9824037242347432,0.7206376074413088,0.982299211676874,0.09099775000504451
var2,16,1000.0,968,1.68558973042806,2.3163762665346224,0.5797339340790906,0.9431183592692809,2.316604293321331,0.9430979984931394,0.0901154579987633
var2,17,0.001,1139,0.054138131777555755,9.108497055978978,6.966143643344836,0.7864714831202113,9.119589337963118,0.7759984785719514,0.10028650000458583
var2,17,0.01,1139,0.07681567243171879,3.924765898403083,4.3827631728682945,0.9108830162413947,3.928295600934723,0.9035105465149129,0.10016033399733715
var2,17,0.1,1139,0.09855043947920451,0.7873165677801016,0.517825287619585,0.9810866721549566,0.7869852775554833,0.9806695353287391,0.10110858299594838
var2,17,1.0,1139,0.11962957956851235,0.3937825808189511,0.16000150711356909,0.9902557541271081,0.3936171758605997,0.9903317087003087,0.10011379099887563
var2,17,10.0,1139,0.16210288084910845,0.3444720655870822,0.12168712251269259,0.9915099006466533,0.34452696522122833,0.9915374956565993,0.10072616599791218
var2,17,100.0,1139,0.38843096954813794,0.6583688326989916,0.21748733347260757,0.9837483132885347,0.658488531319688,0.9838257593196102,0.10068725000019185
var2,17,1000.0,1139,1.5780025629909313,2.2034940363561133,0.609544314692528,0.9459282047861255,2.2038059116925663,0.945868628634815,0.10013262499705888
var2,18,0.001,1329,0.051102837443415386,11.010000989674602,11.071026571479274,0.7404252232849613,11.025419656901763,0.7291861852542229,0.11843954199866857
var2,18,0.01,1329,0.07373278619150217,4.41948621544066,6.051404486016688,0.9006893554632265,4.426010713820391,0.8912853312785189,0.11411045799468411
var2,18,0.1,1329,0.09593306855948332,0.8815242605765125,0.5366855001828129,0.9790513107079775,0.8814748385232052,0.9783486188234609,0.117654166999273
var2,18,1.0,1329,0.11742578246692306,0.43607033973181436,0.1594166683022944,0.9893335693315934,0.436000802480498,0.9892906533967575,0.11483374999806983
var2,18,10.0,1329,0.15980217473548142,0.4029101133602585,0.24257229165614155,0.9902577545256992,0.4031017354272279,0.9900987425332736,0.10878129100456135
var2,18,100.0,1329,0.3828359837063295,0.7433583801618384,0.40323039202452593,0.9819326261857937,0.743707078647981,0.9817325637218698,0.11729370799730532
var2,18,1000.0,1329,1.5374851882253844,2.264379073528737,0.7606678300241433,0.9446853951976116,2.264908747537838,0.9443677794533797,0.1133725420004339
var2,19,0.001,1539,0.04841922158230051,8.96783122659166,4.015744041683371,0.7765921274513763,8.972054686595273,0.7796223244651191,0.12637529199855635
var2,19,0.01,1539,0.07105330933055451,6.459989119563664,7.610591800577496,0.8544986262996904,6.46774307854339,0.8411349199937725,0.12572424999962095
var2,19,0.1,1539,0.0935536666926889,1.4794080883303216,1.432223014654045,0.9658013684055261,1.4799180800838538,0.9636492511622566,0.1306615409994265
var2,19,1.0,1539,0.11553713615345891,0.4431486030159822,0.2041491551193323,0.9890605130055384,0.44291375210217965,0.9891208528525196,0.1266868339953362
var2,19,10.0,1539,0.15851810422754942,0.3691555110267803,0.15301489768924534,0.9909389192066371,0.3692455829033518,0.9909303402504513,0.12730783299775794
var2,19,100.0,1539,0.37586140889923225,0.6755609237554634,0.2564242648788176,0.9833927542427029,0.6757334836000715,0.9834021771379347,0.1275977920013247
var2,19,1000.0,1539,1.4680666725107683,2.170218167852048,0.7719438005288268,0.9469691293346159,2.1707513972247914,0.9466805359758643,0.12895391599886352
var2,20,0.001,1770,0.04626693477755275,13.613787295050159,8.552947935950487,0.669071812838385,13.628101662580189,0.6652573494854417,0.14504854199913098
var2,20,0.01,1770,0.06867782966080052,6.517680854525198,8.621885009164497,0.8531891839170248,6.527256798083916,0.8396731037618261,0.1402293749997625
var2,20,0.1,1770,0.09139192589620629,1.6625790483843708,1.6511023712073947,0.961881683350627,1.6636470060429613,0.959136377016284,0.13698379099514568
var2,20,1.0,1770,0.11372961544071351,0.4965517994952521,0.19024623314578212,0.987886520071204,0.49643868826524723,0.9878061371684531,0.1483296669975971
var2,20,10.0,1770,0.1566747936979696,0.41456673273196964,0.24494017037702137,0.9899586643862002,0.41475753220640676,0.9898124449692898,0.13779279200389283
var2,20,100.0,1770,0.37127458207505004,0.7702166371866784,0.46202946475312495,0.9813734432043321,0.7706318182275076,0.9810712200575491,0.13755458400555653
var2,20,1000.0,1770,1.4458167046051698,2.2624175422821744,0.9514359500168292,0.9450053804707752,2.263204633534764,0.9444096370541146,0.1380500419982127
