problem,degree,alpha,fold,validation_mse,validation_r2
var1,3,0.0,0,0.9954038209938632,0.9148747098559789
var1,3,0.0,1,0.9454492020587126,0.8878197090298217
var1,3,0.0,2,1.0036633221552502,0.9005459167933938
var1,3,0.0,3,0.8981364951611251,0.9109268172541384
var1,3,0.0,4,1.009544026433261,0.8956176962247063
var1,3,0.001,0,0.9954047734183014,0.9148746284062146
var1,3,0.001,1,0.9454467644427612,0.8878199982600269
var1,3,0.001,2,1.003663583493419,0.9005458908971122
var1,3,0.001,3,0.8981301500055207,0.9109274465384486
var1,3,0.001,4,1.0095402639382776,0.8956180852497354
var1,3,0.01,0,0.9954133820153244,0.9148738922132204
var1,3,0.01,1,0.945424851861468,0.887822598251375
var1,3,0.01,2,1.0036659784748057,0.9005456535758185
var1,3,0.01,3,0.8980730924398225,0.9109331052540268
var1,3,0.01,4,1.009506470316413,0.8956215793579771
var1,3,0.1,0,0.99550306402959,0.914866222755535
var1,3,0.1,1,0.9452082669661908,0.8878482966776035
var1,3,0.1,2,1.0036941169291935,0.9005428653059653
var1,3,0.1,3,0.8975073114266736,0.9109892168983592
var1,3,0.1,4,1.0091752750742593,0.8956558234537969
var1,3,1.0,0,0.9967195848156722,0.9147621879078708
var1,3,1.0,1,0.9432705350896302,0.8880782141869329
var1,3,1.0,2,1.0043393270481498,0.9004789307380281
var1,3,1.0,3,0.8922924274424393,0.9115064058965
var1,3,1.0,4,1.0064710706641904,0.8959354260058515
var1,3,10.0,0,1.023561467435394,0.9124667144549616
var1,3,10.0,1,0.935704086275894,0.8889759952921341
var1,3,10.0,2,1.0242181615466357,0.8985091155454021
var1,3,10.0,3,0.8654562571180108,0.9141678979039904
var1,3,10.0,4,1.008477894465066,0.8957279294666995
var1,3,100.0,0,1.5083028012119268,0.8710124364903391
var1,3,100.0,1,1.1467707820278534,0.8639323194478781
var1,3,100.0,2,1.3166251802328062,0.8695341880725502
var1,3,100.0,3,1.0313777268036943,0.8977125445469003
var1,3,100.0,4,1.315245545673152,0.8640095364908459
var1,4,0.0,0,0.8707731217494825,0.925532921337865
var1,4,0.0,1,1.1376534856983915,0.8650141131104813
var1,4,0.0,2,0.9757122219741527,0.9033156215158477
var1,4,0.0,3,0.6936876951611703,0.9312031398651032
var1,4,0.0,4,0.8157449166285472,0.9156556510056258
var1,4,0.001,0,0.8707203783173167,0.92553743186904
var1,4,0.001,1,1.1375592522867144,0.8650252941781875
var1,4,0.001,2,0.9756164101755656,0.9033251156105092
var1,4,0.001,3,0.6936555831067505,0.9312063245958284
var1,4,0.001,4,0.8156339841313749,0.9156671209260208
var1,4,0.01,0,0.8702473952476382,0.9255778805996864
var1,4,0.01,1,1.136713411144806,0.865125655683816
var1,4,0.01,2,0.9747582874178036,0.9034101479219108
var1,4,0.01,3,0.6933676969431893,0.9312348758650344
var1,4,0.01,4,0.814639940999118,0.9157699005071784
var1,4,0.1,0,0.8656822349022946,0.925968285569765
var1,4,0.1,1,1.1284702841801362,0.8661037266149535
var1,4,0.1,2,0.966571577068078,0.9042213778974784
var1,4,0.1,3,0.6905955537727149,0.9315098046943956
var1,4,0.1,4,0.8051133987125356,0.916754902057234
var1,4,1.0,0,0.8329213654784196,0.9287699409946892
var1,4,1.0,1,1.061792248650704,0.874015268991555
var1,4,1.0,2,0.9110718980155866,0.9097209010708204
var1,4,1.0,3,0.6704474508680657,0.933508003923218
var1,4,1.0,4,0.7392810962507514,0.9235616655206076
var1,4,10.0,0,0.8091188231820983,0.9308054950848036
var1,4,10.0,1,0.8177070481578834,0.9029766862238884
var1,4,10.0,2,0.8184854573197236,0.9188953915334156
var1,4,10.0,3,0.6263589840130862,0.937880501963679
var1,4,10.0,4,0.6438257210500609,0.9334313212367488
var1,4,100.0,0,1.086427340546959,0.907090528854794
var1,4,100.0,1,0.7373555930746546,0.9125106195028908
var1,4,100.0,2,1.0283682969729768,0.8980978741411395
var1,4,100.0,3,0.7665545375747065,0.9239765305408152
var1,4,100.0,4,0.8627117041962421,0.910799496782653
var1,5,0.0,0,6.218881787779416,0.4681715044779245
var1,5,0.0,1,5.502975976580776,0.3470559339301272
var1,5,0.0,2,3.75973565142329,0.6274437313216313
var1,5,0.0,3,3.829157900815607,0.6202411512061771
var1,5,0.0,4,3.522799733315145,0.6357583797493409
var1,5,0.001,0,6.120423297633403,0.476591511879999
var1,5,0.001,1,5.434319904321603,0.3552021761038294
var1,5,0.001,2,3.726626816390276,0.6307245215642958
var1,5,0.001,3,3.8096310720288344,0.6221777352313695
var1,5,0.001,4,3.483006235376905,0.6398728481442916
var1,5,0.01,0,5.420566127370753,0.536442140761952
var1,5,0.01,1,4.909522280411294,0.4174709368394914
var1,5,0.01,2,3.484351561660334,0.654731838371561
var1,5,0.01,3,3.6549803637642655,0.6375153046022206
var1,5,0.01,4,3.1911194174945483,0.6700526300007039
var1,5,0.1,0,3.238833526868988,0.7230203080518358
var1,5,0.1,1,2.87182768955676,0.6592493122537051
var1,5,0.1,2,2.4790378087174547,0.7543494645484604
var1,5,0.1,3,2.8017602572158253,0.7221338797102262
var1,5,0.1,4,2.190299111038944,0.7735329404355235
var1,5,1.0,0,1.3289193038204183,0.8863530168060294
var1,5,1.0,1,1.063477130457413,0.8738153528766379
var1,5,1.0,2,1.104501413595092,0.8905537613413865
var1,5,1.0,3,1.2971936089300289,0.8713501076868508
var1,5,1.0,4,1.0770151552861222,0.8886414854963206
var1,5,10.0,0,0.5663237162582716,0.9515689314776872
var1,5,10.0,1,0.562898770748065,0.933210427644581
var1,5,10.0,2,0.5125102438337367,0.9492148060915252
var1,5,10.0,3,0.571268789187947,0.943344102449354
var1,5,10.0,4,0.4930184466651072,0.9490241139374196
var1,5,100.0,0,0.7057927339451282,0.939641771518786
var1,5,100.0,1,0.5678909443241691,0.9326180917653802
var1,5,100.0,2,0.6265386881445993,0.9379156043193017
var1,5,100.0,3,0.5248931615152952,0.9479434309265908
var1,5,100.0,4,0.5348365403131641,0.9447003114680046
var2,6,0.0,0,0.5564944372602377,0.9878417547109962
var2,6,0.0,1,0.4810051754269814,0.9864507590937552
var2,6,0.0,2,0.6079781139936188,0.987147678897252
var2,6,0.0,3,0.6356022511212217,0.9843541381762626
var2,6,0.0,4,0.5905577588065098,0.982532160051074
var2,6,0.001,0,0.5564371520743714,0.9878430062730866
var2,6,0.001,1,0.4809605650046281,0.9864520157067612
var2,6,0.001,2,0.6080020257752984,0.9871471734154112
var2,6,0.001,3,0.635333255210544,0.9843607597274642
var2,6,0.001,4,0.5904650333729557,0.982534902734594
var2,6,0.01,0,0.5559647300892055,0.9878533277102672
var2,6,0.01,1,0.4805861482334947,0.9864625625018698
var2,6,0.01,2,0.6082491654372293,0.9871419490196324
var2,6,0.01,3,0.6329639599247383,0.9844190818410122
var2,6,0.01,4,0.5896601465524762,0.982558710116594
var2,6,0.1,0,0.5545232885272307,0.987884820208497
var2,6,0.1,1,0.4787819073235697,0.98651338543682
var2,6,0.1,2,0.6129692575410101,0.9870421688828872
var2,6,0.1,3,0.6137757099367629,0.9848914160837272
var2,6,0.1,4,0.5838746504468673,0.9827298366804076
var2,6,1.0,0,0.6171161383452017,0.986517296706966
var2,6,1.0,1,0.4979744832863733,0.9859727575005396
var2,6,1.0,2,0.687260959182695,0.985471683395348
var2,6,1.0,3,0.5973211976580155,0.9852964571688336
var2,6,1.0,4,0.588466334138247,0.9825940213522352
var2,6,10.0,0,1.115132232515712,0.9756366815105104
var2,6,10.0,1,0.7090365081158896,0.98002743639659
var2,6,10.0,2,0.9992795783171846,0.978875782340932
var2,6,10.0,3,1.0112263362339289,0.975107848499072
var2,6,10.0,4,0.8020266242633435,0.9762772184456228
var2,6,100.0,0,3.0110776673433324,0.9342142195633816
var2,6,100.0,1,2.2242719456635056,0.9373453801073048
var2,6,100.0,2,2.212874564711143,0.9532210554768924
var2,6,100.0,3,2.9412352548012923,0.9275991230261555
var2,6,100.0,4,1.9490210681391815,0.942350790303486
var2,7,0.0,0,0.280728830357999,0.9938666593039248
var2,7,0.0,1,0.265905981871516,0.9925098015762708
var2,7,0.0,2,0.3505288493762192,0.9925900139753924
var2,7,0.0,3,0.4871828345321107,0.988007601768968
var2,7,0.0,4,0.4192044473498048,0.9876005418894456
var2,7,0.001,0,0.2805019658879291,0.99387161582045
var2,7,0.001,1,0.2658101785889092,0.9925125002203228
var2,7,0.001,2,0.3502273846861873,0.9925963867722224
var2,7,0.001,3,0.4862458476233398,0.9880306664571112
var2,7,0.001,4,0.4189170130244669,0.9876090437789152
var2,7,0.01,0,0.2788322275153515,0.9939080961288648
var2,7,0.01,1,0.2653548874839636,0.9925253251319424
var2,7,0.01,2,0.3478254184883011,0.9926471630092984
var2,7,0.01,3,0.4788796982766733,0.9882119901617514
var2,7,0.01,4,0.416608670112582,0.9876773212063652
var2,7,0.1,0,0.2749136245988403,0.993993709447272
var2,7,0.1,1,0.2702448177526526,0.9923875826572042
var2,7,0.1,2,0.3424411367538528,0.9927609837475224
var2,7,0.1,3,0.4407475540929081,0.9891506436323608
var2,7,0.1,4,0.4035355607992618,0.9880640047740852
var2,7,1.0,0,0.3184871676928935,0.9930417182150564
var2,7,1.0,1,0.3283726199409993,0.9907502040271274
var2,7,1.0,2,0.4142325574026383,0.9912433528174552
var2,7,1.0,3,0.4176251422451359,0.989719820440913
var2,7,1.0,4,0.4081936460182172,0.987926225385262
var2,7,10.0,0,0.6056588921322082,0.9867676136921274
var2,7,10.0,1,0.5016208052941515,0.9858700457256376
var2,7,10.0,2,0.6724633765732803,0.9857844961082785
var2,7,10.0,3,0.7194095959557825,0.9822911528190164
var2,7,10.0,4,0.549568362242065,0.9837445668108088
var2,7,100.0,0,1.9238236078297677,0.9579684579922724
var2,7,100.0,1,1.404208708038215,0.9604454109023516
var2,7,100.0,2,1.4420076009033316,0.9695167567831112
var2,7,100.0,3,2.042803985326955,0.949714733025214
var2,7,100.0,4,1.1702275706483831,0.9653863697443968
var2,8,0.0,0,0.2210061334597325,0.9951714759374654
var2,8,0.0,1,0.3134663952561264,0.991170091461974
var2,8,0.0,2,0.5312277608370718,0.98877013891812
var2,8,0.0,3,0.4872960627773895,0.9880048145644276
var2,8,0.0,4,0.3270351826188969,0.990326774743931
var2,8,0.001,0,0.2201870275014838,0.995189371697946
var2,8,0.001,1,0.3117648347249612,0.9912180220347226
var2,8,0.001,2,0.5220144599560844,0.9889649030035584
var2,8,0.001,3,0.4793028225589791,0.9882015746164264
var2,8,0.001,4,0.324846197116732,0.9903915217527242
var2,8,0.01,0,0.2168461273556235,0.9952623634131184
var2,8,0.01,1,0.301588282523536,0.9915046812317878
var2,8,0.01,2,0.4693843332678364,0.990077474775974
var2,8,0.01,3,0.4385612196366975,0.9892044620175884
var2,8,0.01,4,0.3158395929326401,0.990657924010632
var2,8,0.1,0,0.2196191312475,0.9952017790492012
var2,8,0.1,1,0.2857232065851186,0.991951578161108
var2,8,0.1,2,0.4009020148702596,0.9915251531144668
var2,8,0.1,3,0.378878881252947,0.9906735908918528
var2,8,0.1,4,0.3081837060253619,0.9908843740151728
var2,8,1.0,0,0.2490524538026913,0.9945587222074148
var2,8,1.0,1,0.2844988933986327,0.9919860653457704
var2,8,1.0,2,0.4016888879633771,0.9915085190524388
var2,8,1.0,3,0.3339639598048481,0.9917792078929905
var2,8,1.0,4,0.320369757469196,0.9905239283296224
var2,8,10.0,0,0.425977019133447,0.990693288666817
var2,8,10.0,1,0.3564047009395271,0.989960579636464
var2,8,10.0,2,0.5562524542759644,0.988241130738102
var2,8,10.0,3,0.4437657291296529,0.9890763488206268
var2,8,10.0,4,0.4254400872421275,0.9874161007268428
var2,8,100.0,0,1.4350191196592483,0.9686478187686388
var2,8,100.0,1,0.9668317387752332,0.972765706454529
var2,8,100.0,2,1.2056393843051596,0.9745134501644712
var2,8,100.0,3,1.4760478053231578,0.9636658933057924
var2,8,100.0,4,1.021150412873708,0.9697958553420654
var2,9,0.0,0,0.2903523025663057,0.9936564064643518
var2,9,0.0,1,0.3512576640717627,0.9901055644433588
var2,9,0.0,2,0.4667017417964209,0.9901341832761396
var2,9,0.0,3,0.4552588916280975,0.9887934353601234
var2,9,0.0,4,0.3437397772564461,0.9898326771197968
var2,9,0.001,0,0.2786516811776406,0.993912040690594
var2,9,0.001,1,0.3429466621510824,0.9903396737065192
var2,9,0.001,2,0.4530183887596345,0.9904234417921014
var2,9,0.001,3,0.4788462659309236,0.9882128131258948
var2,9,0.001,4,0.3309834520169613,0.990209990675155
var2,9,0.01,0,0.2444174725784861,0.994659986900933
var2,9,0.01,1,0.313721023397545,0.9911629189444922
var2,9,0.01,2,0.407806588081325,0.9913791942551864
var2,9,0.01,3,0.5267928149939397,0.987032570166966
var2,9,0.01,4,0.3099791614651248,0.9908312670535092
var2,9,0.1,0,0.2178702721319933,0.9952399879811844
var2,9,0.1,1,0.2788486556204703,0.9921452246162832
var2,9,0.1,2,0.3306857900349814,0.9930094852761592
var2,9,0.1,3,0.4691644046444387,0.9884511399468237
var2,9,0.1,4,0.3069920256609708,0.9909196221878792
var2,9,1.0,0,0.208382092603417,0.9954472849572736
var2,9,1.0,1,0.2520314268815097,0.9929006283233212
var2,9,1.0,2,0.3014935079973939,0.9936265939743728
var2,9,1.0,3,0.3593066174186709,0.9911553779449802
var2,9,1.0,4,0.3123931263614486,0.9907598654813132
var2,9,10.0,0,0.3129247513321535,0.9931632454361486
var2,9,10.0,1,0.3086033661392277,0.9913070761690106
var2,9,10.0,2,0.418450255958089,0.9911541930024856
var2,9,10.0,3,0.3956700040282803,0.9902602638680028
var2,9,10.0,4,0.3869536095693146,0.9885544747845224
var2,9,100.0,0,0.9945828223009776,0.9782704352386724
var2,9,100.0,1,0.7438487215625365,0.9790468251878862
var2,9,100.0,2,0.9919947374435988,0.9790297798483004
var2,9,100.0,3,1.1311325466014208,0.9721562604644036
var2,9,100.0,4,0.7680623332101882,0.977281832797476
var2,10,0.0,0,0.8411853343602438,0.9816218511023824
var2,10,0.0,1,0.3793419197955244,0.9893144703638908
var2,10,0.0,2,1.8222420706489828,0.9614788103718438
var2,10,0.0,3,1.3732296617380733,0.9661968448004854
var2,10,0.0,4,0.4142172461219659,0.9877480560513404
var2,10,0.001,0,0.4586948533650007,0.9899784720805622
var2,10,0.001,1,0.3392876962835016,0.9904427416412116
var2,10,0.001,2,0.9903002450771324,0.979065600479831
var2,10,0.001,3,0.8646133544275642,0.9787168452432812
var2,10,0.001,4,0.3643879498044852,0.9892219341942684
var2,10,0.01,0,0.2908446285468195,0.9936456501662968
var2,10,0.01,1,0.2945262244168008,0.9917036095000692
var2,10,0.01,2,0.705496981347045,0.9850861839717692
var2,10,0.01,3,0.5657835906785955,0.9860727807897474
var2,10,0.01,4,0.3166846022223332,0.9906329298643228
var2,10,0.1,0,0.2211270788499132,0.995168833532399
var2,10,0.1,1,0.2903435417192674,0.9918214298030482
var2,10,0.1,2,0.5704876349817495,0.987940206890392
var2,10,0.1,3,0.4332684297463038,0.9893347483077032
var2,10,0.1,4,0.2960840712363732,0.9912422636217064
var2,10,1.0,0,0.2042912968012264,0.9955366603318688
var2,10,1.0,1,0.2692013560399163,0.9924169755095986
var2,10,1.0,2,0.4624120153491908,0.9902248657209082
var2,10,1.0,3,0.3359577519833981,0.991730129091152
var2,10,1.0,4,0.2852575428895582,0.9915624965905304
var2,10,10.0,0,0.2834601319792441,0.9938069860478312
var2,10,10.0,1,0.2940951918557316,0.9917157510825444
var2,10,10.0,2,0.490877078416703,0.9896231300295516
var2,10,10.0,3,0.3152589685448478,0.9922396463325208
var2,10,10.0,4,0.343123754512847,0.9898508981769746
var2,10,100.0,0,0.8232137861079479,0.9820144920296672
var2,10,100.0,1,0.6500345292395786,0.9816894393574328
var2,10,100.0,2,1.0166895094440325,0.9785077460250368
var2,10,100.0,3,0.8949622170487204,0.9779697835230928
var2,10,100.0,4,0.7392880747852626,0.978132933529488
var1,1,0.001,0,10.997265038999654,0.0595320637800556
var1,1,0.001,1,7.819014007995847,0.07225130170197824
var1,1,0.001,2,8.595607245778984,0.14825198912591553
var1,1,0.001,3,8.651352038920853,0.1419973853491695
var1,1,0.001,4,8.623727894853436,0.10834539036760493
var1,1,0.01,0,10.997262639945856,0.05953226894317287
var1,1,0.01,1,7.8189982448608735,0.07225317204367843
var1,1,0.01,2,8.595610551094794,0.14825166159860004
var1,1,0.01,3,8.6513623701,0.1419963607487741
var1,1,0.01,4,8.623718010578099,0.10834641235714071
var1,1,0.1,0,10.997238680773682,0.05953431789199115
var1,1,0.1,1,7.818840709979616,0.07227186401441443
var1,1,0.1,2,8.595643654094427,0.14824838138659335
var1,1,0.1,3,8.651465687387326,0.1419861141997647
var1,1,0.1,4,8.623619262406725,0.10835662247314515
var1,1,1.0,0,10.99700221045657,0.05955454044280928
var1,1,1.0,1,7.817274966925103,0.07245764397071186
var1,1,1.0,2,8.595979638429611,0.1482150883357367
var1,1,1.0,3,8.652499400905036,0.14188359509095894
var1,1,1.0,4,8.622641194189871,0.10845775032002614
var1,1,10.0,0,10.99493510016301,0.05973131629979089
var1,1,10.0,1,7.802538581083806,0.07420615890723703
var1,1,10.0,2,8.599806418359533,0.1478358885770502
var1,1,10.0,3,8.662882120436871,0.14085388314935454
var1,1,10.0,4,8.613758935383627,0.10937613586107053
var1,1,100.0,0,10.993929993246827,0.059817271382603954
var1,1,100.0,1,7.719027751458205,0.08411496114236672
var1,1,100.0,2,8.665504993337311,0.14132574578497892
var1,1,100.0,3,8.765952780662104,0.1306317935188338
var1,1,100.0,4,8.584615703460688,0.11238941473541697
var1,1,1000.0,0,11.201937543519133,0.04202880935781694
var1,1,1000.0,1,7.868665449353111,0.06636001412521775
var1,1,1000.0,2,9.266668765207825,0.08175577797942113
var1,1,1000.0,3,9.356423500355186,0.07207153390944487
var1,1,1000.0,4,8.96165085831436,0.07340567847683521
var1,2,0.001,0,3.1298553222403696,0.7323399440555666
var1,2,0.001,1,2.5826733512130504,0.693558313456577
var1,2,0.001,2,3.135073883108947,0.689342140988046
var1,2,0.001,3,2.607165978405841,0.7414328747417458
var1,2,0.001,4,2.3743751442905534,0.7545003079623216
var1,2,0.01,0,3.1298779270511923,0.7323380109294932
var1,2,0.01,1,2.58265630489861,0.6935603360512439
var1,2,0.01,2,3.135054388217188,0.6893440727579376
var1,2,0.01,3,2.607160576375237,0.7414334104911132
var1,2,0.01,4,2.374374480015484,0.754500376645371
var1,2,0.1,0,3.1301042663533813,0.7323186547663325
var1,2,0.1,1,2.5824862434705738,0.6935805143331002
var1,2,0.1,2,3.13485982181287,0.6893633525532008
var1,2,0.1,3,2.6071069097027912,0.741438732912981
var1,2,0.1,4,2.3743680450226514,0.7545010419946365
var1,2,1.0,0,3.1323965092929447,0.7321226259374336
var1,2,1.0,1,2.5808254967388478,0.6937775667513444
var1,2,1.0,2,3.132952151529429,0.6895523856631213
var1,2,1.0,3,2.606605340723136,0.7414884762934417
var1,2,1.0,4,2.374324325839909,0.7545055623611528
var1,2,10.0,0,3.15795328145216,0.7299370530078204
var1,2,10.0,1,2.5679208717594597,0.6953087379468952
var1,2,10.0,2,3.1174333321237073,0.691090162248531
var1,2,10.0,3,2.604851166256552,0.7416624475146002
var1,2,10.0,4,2.375814693684991,0.7543514650409083
var1,2,100.0,0,3.5360661570405143,0.6976014646136431
var1,2,100.0,1,2.643270105001989,0.6863683328028419
var1,2,100.0,2,3.1721202365916907,0.685671177787097
var1,2,100.0,3,2.7677846904541843,0.7255034253008561
var1,2,100.0,4,2.503286368435968,0.7411714682025222
var1,2,1000.0,0,6.379795626308013,0.4544104188722269
var1,2,1000.0,1,4.472932712415726,0.4692735558121879
var1,2,1000.0,2,5.2974729513877445,0.47506768050395454
var1,2,1000.0,3,5.153010019436489,0.4889473864769541
var1,2,1000.0,4,4.524552637467858,0.5321816429145123
var1,3,1000.0,0,4.782231075771384,0.5910314997039747
var1,3,1000.0,1,3.1297426166213476,0.6286469578377762
var1,3,1000.0,2,3.575739493398193,0.6456761094567898
var1,3,1000.0,3,3.2969224032459046,0.6730259005112987
var1,3,1000.0,4,3.5143440819499823,0.6366326560030817
var1,4,1000.0,0,2.498369133438848,0.7863435995669543
var1,4,1000.0,1,1.688612154636516,0.7996412684780705
var1,4,1000.0,2,2.053075384191107,0.7965585415133931
var1,4,1000.0,3,1.8998729944368478,0.8115790469052914
var1,4,1000.0,4,2.0337811171562743,0.7897161958022871
var1,5,1000.0,0,1.9017076236207977,0.8373691060697512
var1,5,1000.0,1,1.358487026546798,0.838811572757805
var1,5,1000.0,2,1.4556740140335571,0.8557556888673533
var1,5,1000.0,3,1.37888041433484,0.8632487736636264
var1,5,1000.0,4,1.5462006261438126,0.8401298217514019
var1,6,0.001,0,19.53692041010315,-0.6707651541563975
var1,6,0.001,1,19.468634107249596,-1.3100099235237073
var1,6,0.001,2,11.223822996869455,-0.11218074984532334
var1,6,0.001,3,10.304953787018698,-0.021999480929793203
var1,6,0.001,4,9.793294586052388,-0.012582535953263418
var1,6,0.01,0,13.84676929898672,-0.18415283252246573
var1,6,0.01,1,13.31439388722182,-0.5797914653772727
var1,6,0.01,2,8.576619921997622,0.1501334635581656
var1,6,0.01,3,7.993031645028159,0.20728667385538002
var1,6,0.01,4,8.513343405610197,0.11975864921177515
var1,6,0.1,0,4.527368008250927,0.6128269681481409
var1,6,0.1,1,5.126567708528509,0.39171786705327993
var1,6,0.1,2,4.5269790470823965,0.551416754120011
var1,6,0.1,3,3.4167878291033547,0.6611381807272411
var1,6,0.1,4,4.436539047840648,0.5412818515317428
var1,6,1.0,0,1.4454834877842255,0.8763846403832697
var1,6,1.0,1,1.6249606822797478,0.8071937003529024
var1,6,1.0,2,1.9214498775874929,0.8096014552045667
var1,6,1.0,3,1.2677494434445453,0.8742702490542466
var1,6,1.0,4,1.5986762236536831,0.8347040814006641
var1,6,10.0,0,0.83302698747409,0.9287609083761303
var1,6,10.0,1,0.7413407947828148,0.9120377637574706
var1,6,10.0,2,0.6821115231687969,0.9324088320416666
var1,6,10.0,3,0.7006354604435913,0.930514091407535
var1,6,10.0,4,0.5935169913503298,0.9386330172188642
var1,6,100.0,0,0.7893161183810483,0.9324989896809392
var1,6,100.0,1,0.6110531011266689,0.9274967766291873
var1,6,100.0,2,0.6511969176141027,0.9354721937141184
var1,6,100.0,3,0.6375305113698435,0.9367725595705572
var1,6,100.0,4,0.5871312437524694,0.9392932747491347
var1,6,1000.0,0,1.6051942054194175,0.8627264436885542
var1,6,1000.0,1,1.021026992980378,0.878852184853997
var1,6,1000.0,2,1.2527166292142808,0.8758669554561
var1,6,1000.0,3,1.2203946476317336,0.8789666870723574
var1,6,1000.0,4,1.2473631685356534,0.8710282684389605
var1,7,0.001,0,5.252624620042911,0.550804220992097
var1,7,0.001,1,4.073251553012742,0.5166968850185523
var1,7,0.001,2,5.903266509033625,0.41503894222271254
var1,7,0.001,3,4.45731143980876,0.5579436771889799
var1,7,0.001,4,3.706916696766836,0.616721515277864
var1,7,0.01,0,5.134426782489754,0.5609123047706608
var1,7,0.01,1,3.864381769389196,0.5414798908646057
var1,7,0.01,2,5.795905872560354,0.42567742371070627
var1,7,0.01,3,4.344073728357579,0.5691740897378037
var1,7,0.01,4,3.647780725056232,0.6228359083122639
var1,7,0.1,0,4.240989867420716,0.6373175535918826
var1,7,0.1,1,2.947907197943308,0.6502222578449786
var1,7,0.1,2,4.943325890820667,0.5101604954464986
var1,7,0.1,3,3.562622021015065,0.6466749942330585
var1,7,0.1,4,3.2030246641130917,0.6688216811401109
var1,7,1.0,0,1.935412874733578,0.8344866886831194
var1,7,1.0,1,1.5268977284696306,0.8188291543443595
var1,7,1.0,2,2.3321702706780236,0.7689027276059935
var1,7,1.0,3,1.8572801971566855,0.8158032110899487
var1,7,1.0,4,1.9605173497329536,0.7972913392597966
var1,7,10.0,0,0.8443936182916614,0.927788852888801
var1,7,10.0,1,0.7531055131460062,0.9106418457892802
var1,7,10.0,2,0.8091967482544182,0.9198158197525909
var1,7,10.0,3,0.9473891776455832,0.9060421552775924
var1,7,10.0,4,0.8364523655564037,0.9135145940850719
var1,7,100.0,0,0.677496575488884,0.942061612238449
var1,7,100.0,1,0.6378869785980059,0.9243128592108448
var1,7,100.0,2,0.636978416883292,0.9368811203168347
var1,7,100.0,3,0.6901785034050452,0.9315511658948522
var1,7,100.0,4,0.5663625488972823,0.9414406642226277
var1,7,1000.0,0,1.395889478523402,0.880625838114978
var1,7,1000.0,1,0.9545282551197218,0.8867424530419803
var1,7,1000.0,2,1.0451450013561785,0.896435452373971
var1,7,1000.0,3,1.112350631946459,0.8896820119762905
var1,7,1000.0,4,1.0394963406924036,0.8925207618821627
var1,8,0.001,0,4.4165171215342784,0.6223067528299548
var1,8,0.001,1,3.687539761975187,0.5624627081373437
var1,8,0.001,2,3.6911370210655754,0.6342412437352614
var1,8,0.001,3,3.2211106480801446,0.6805445731835998
var1,8,0.001,4,4.665853203699311,0.5175718010039003
var1,8,0.01,0,4.37477548616516,0.6258764285203038
var1,8,0.01,1,3.637761343020871,0.5683690619744098
var1,8,0.01,2,3.6629050596935158,0.6370387792966417
var1,8,0.01,3,3.1950432980899137,0.6831298170100002
var1,8,0.01,4,4.632680924032674,0.521001665261842
var1,8,0.1,0,4.016759737181275,0.656493343852167
var1,8,0.1,1,3.2432266677138997,0.6151817459106668
var1,8,0.1,2,3.4289067837200733,0.6602259213343631
var1,8,0.1,3,2.969860053592909,0.7054624896009178
var1,8,0.1,4,4.342868984876657,0.5509669140064347
var1,8,1.0,0,2.5701292289224775,0.7802067947647511
var1,8,1.0,1,1.9771452125551074,0.7654059840002347
var1,8,1.0,2,2.5123825924192102,0.7510452938972311
var1,8,1.0,3,2.0207139071362215,0.7995945826751445
var1,8,1.0,4,2.9773350968011503,0.6921569655430115
var1,8,10.0,0,1.3607767984595562,0.8836286165001208
var1,8,10.0,1,0.9800546555064381,0.8837136715732692
var1,8,10.0,2,1.2854364314405142,0.8726247148946699
var1,8,10.0,3,1.08601963296052,0.8922934033373942
var1,8,10.0,4,1.1398003754410695,0.8821497766146718
var1,8,100.0,0,0.8828296919552197,0.9245018633739922
var1,8,100.0,1,0.7295076420063424,0.9134418016673538
var1,8,100.0,2,0.7095511603497038,0.929689808740617
var1,8,100.0,3,0.8914482364750362,0.9115901290017485
var1,8,100.0,4,0.6749020636243028,0.9302181674307973
var1,8,1000.0,0,1.401515497633986,0.8801447102560693
var1,8,1000.0,1,0.9327376854123163,0.8893279673613745
var1,8,1000.0,2,1.023142085494386,0.8986157450842871
var1,8,1000.0,3,1.1779844482407502,0.8831727420105479
var1,8,1000.0,4,1.0075404665683307,0.8958248552875874
var1,9,0.001,0,3.9456185954495107,0.6625772167521593
var1,9,0.001,1,2.8536785542252074,0.6614027598190712
var1,9,0.001,2,4.981868976748115,0.5063412194101518
var1,9,0.001,3,3.1723770391808097,0.6853777557507741
var1,9,0.001,4,3.555655629603838,0.6323612281071955
var1,9,0.01,0,3.919582047224606,0.6648038193382142
var1,9,0.01,1,2.837291862972107,0.6633470882809371
var1,9,0.01,2,4.949616529832377,0.5095371492288149
var1,9,0.01,3,3.156241922153123,0.6869779648897817
var1,9,0.01,4,3.536346705766224,0.6343576838345526
var1,9,0.1,0,3.6883752112913037,0.6845762459423761
var1,9,0.1,1,2.691800358111248,0.6806100774647461
var1,9,0.1,2,4.6637581136435715,0.5378631686034199
var1,9,0.1,3,3.0133443949854346,0.7011499060367181
var1,9,0.1,4,3.3670563548690433,0.6518615433700374
var1,9,1.0,0,2.620445898146504,0.7759037963469838
var1,9,1.0,1,2.007930001237675,0.7617532795034241
var1,9,1.0,2,3.2883401979498097,0.674154816222386
var1,9,1.0,3,2.332775866089947,0.7686456656144587
var1,9,1.0,4,2.5927523521104625,0.7319210885846463
var1,9,10.0,0,1.4672756990390097,0.8745210064823157
var1,9,10.0,1,1.1233389555272197,0.8667125736477653
var1,9,10.0,2,1.4888150037773102,0.8524717123796535
var1,9,10.0,3,1.4072834840801058,0.8604318835410291
var1,9,10.0,4,1.4144295761901944,0.8537543546146622
var1,9,100.0,0,0.933870287586456,0.9201369559659671
var1,9,100.0,1,0.8129124760484252,0.9035455761157464
var1,9,100.0,2,0.8634634998725417,0.9144384686910899
var1,9,100.0,3,1.0779874406804182,0.8930900004411417
var1,9,100.0,4,0.7916074064528121,0.9181513608048749
var1,9,1000.0,0,1.3096576177754546,0.8880002443720272
var1,9,1000.0,1,0.974527094912734,0.884369532675491
var1,9,1000.0,2,1.0129478991516485,0.899625898025392
var1,9,1000.0,3,1.227582400339276,0.8782538377294119
var1,9,1000.0,4,0.9734196646887842,0.8993527924687232
var1,10,0.001,0,4.847434467294919,0.585455413391313
var1,10,0.001,1,3.3616115508626834,0.6011350360407098
var1,10,0.001,2,4.814218474575182,0.5229538888428971
var1,10,0.001,3,2.9650774585165616,0.7059368061079634
var1,10,0.001,4,5.165079566577836,0.46595404437497134
var1,10,0.01,0,4.820012193453107,0.5878005209426005
var1,10,0.01,1,3.345469127634496,0.6030503813926956
var1,10,0.01,2,4.794146770537383,0.5249428156865991
var1,10,0.01,3,2.9548381198049385,0.7069522981775664
var1,10,0.01,4,5.140113985289473,0.4685353729963446
var1,10,0.1,0,4.5780976041413535,0.6084886569241095
var1,10,0.1,1,3.198640960279235,0.6204719694596855
var1,10,0.1,2,4.61301370980446,0.5428914864170542
var1,10,0.1,3,2.863595136485682,0.7160013714211781
var1,10,0.1,4,4.913272479841059,0.491989762612434
var1,10,1.0,0,3.49813418665038,0.7008453440493989
var1,10,1.0,1,2.4250808151640113,0.7122571251010461
var1,10,1.0,2,3.6796182543853435,0.6353826507734235
var1,10,1.0,3,2.414076584741499,0.7605826219581373
var1,10,1.0,4,3.701788324516502,0.6172517658623764
var1,10,10.0,0,2.314918790547231,0.8020319697904852
var1,10,10.0,1,1.3450679544134068,0.8404037846008059
var1,10,10.0,2,2.1400587525919925,0.787939265539498
var1,10,10.0,3,1.6089374018937235,0.8404327449138776
var1,10,10.0,4,1.781265384232699,0.8158251848626192
var1,10,100.0,0,1.344050380446975,0.8850590321328131
var1,10,100.0,1,0.9071641042210861,0.8923623469694325
var1,10,100.0,2,1.0997750133480673,0.8910221054494744
var1,10,100.0,3,1.3230645192344355,0.8687843458747414
var1,10,100.0,4,0.94094909194887,0.9027101033920221
var1,10,1000.0,0,1.3661137999847819,0.8831722049475911
var1,10,1000.0,1,1.0140016098635645,0.8796857669443992
var1,10,1000.0,2,1.031639370654082,0.8977737399151753
var1,10,1000.0,3,1.4027352628964154,0.8608829558878786
var1,10,1000.0,4,1.0470478690474683,0.8917399678740886
var2,1,0.001,0,31.258542841701853,0.31706589356522363
var2,1,0.001,1,30.998672518212505,0.1268108885726319
var2,1,0.001,2,34.22264630420035,0.27655218310709173
var2,1,0.001,3,31.40791846929819,0.22686876631572994
var2,1,0.001,4,26.274516146170445,0.2228380104525105
var2,1,0.01,0,31.258621042811008,0.31706418503373923
var2,1,0.01,1,30.998584202748134,0.12681337629535017
var2,1,0.01,2,34.22269145923436,0.27655122855464453
var2,1,0.01,3,31.407887032742643,0.22686954015188832
var2,1,0.01,4,26.27445932866033,0.22283969103185808
var2,1,0.1,0,31.25940313345575,0.3170470979808231
var2,1,0.1,1,30.997701423280766,0.12683824295434154
var2,1,0.1,2,34.22314315327334,0.2765416799924586
var2,1,0.1,3,31.40757296612914,0.22687727115477507
var2,1,0.1,4,26.273891496826273,0.2228564866719921
var2,1,1.0,0,31.267231952224922,0.3168760545838982
var2,1,1.0,1,30.988911050773446,0.12708585541433548
var2,1,1.0,2,34.227674408099304,0.27644589177133494
var2,1,1.0,3,31.404462108697754,0.22695384741837232
var2,1,1.0,4,26.268247411292627,0.22302343051667028
var2,1,10.0,0,31.346269490889448,0.3151492488554286
var2,1,10.0,1,30.90465610282276,0.12945919908223602
var2,1,10.0,2,34.274364302052675,0.27545889323383765
var2,1,10.0,3,31.376250822692672,0.22764829096687578
var2,1,10.0,4,26.215138006729596,0.22459432949285962
var2,1,100.0,0,32.178832333815954,0.2969594834506809
var2,1,100.0,1,30.35042276713836,0.14507117451845353
var2,1,100.0,2,34.836002228198474,0.2635861780749118
var2,1,100.0,3,31.316056471033935,0.229130023460681
var2,1,100.0,4,25.942494164399434,0.23265873797765924
var2,1,1000.0,0,38.121433670971086,0.1671260118573139
var2,1,1000.0,1,31.258329632873973,0.11949671197059086
var2,1,1000.0,2,39.843872930651614,0.15772256090258874
var2,1,1000.0,3,34.32941658303501,0.15495373498095544
var2,1,1000.0,4,28.136852172492112,0.16775281826970168
var2,2,0.001,0,20.721385695707845,0.547280847483736
var2,2,0.001,1,19.386011525280473,0.4539232553285968
var2,2,0.001,2,17.970652693283476,0.6201103402836231
var2,2,0.001,3,19.79042415989081,0.5128427545802509
var2,2,0.001,4,16.81691709165029,0.5025800409684418
var2,2,0.01,0,20.72145135300024,0.5472794130085417
var2,2,0.01,1,19.38594338290164,0.4539251748037997
var2,2,0.01,2,17.97072896904274,0.6201087278562547
var2,2,0.01,3,19.79038604147022,0.5128436928959041
var2,2,0.01,4,16.816843278449237,0.5025822242556188
var2,2,0.1,0,20.72210824405811,0.5472650613060359
var2,2,0.1,1,19.3852625416541,0.45394435314647275
var2,2,0.1,2,17.97149219283329,0.6200925937274042
var2,2,0.1,3,19.790005525111443,0.5128530596128418
var2,2,0.1,4,16.816105718179063,0.5026040402161407
var2,2,1.0,0,20.728708855881813,0.5471208516747499
var2,2,1.0,1,19.378512211819924,0.4541345004666938
var2,2,1.0,2,17.97917087143196,0.6199302707083294
var2,2,1.0,3,19.786266920224907,0.5129450883861273
var2,2,1.0,4,16.808787131204088,0.5028205133790529
var2,2,10.0,0,20.797775622700204,0.5456118865601467
var2,2,10.0,1,19.316649759690915,0.45587707894561125
var2,2,10.0,2,18.060427323648526,0.6182125542453181
var2,2,10.0,3,19.755316707836503,0.513706952815635
var2,2,10.0,4,16.741148009601698,0.5048211802618727
var2,2,100.0,0,21.70698423700483,0.525747570564439
var2,2,100.0,1,19.127569177989457,0.4612032136382198
var2,2,100.0,2,19.183439188145115,0.594472704483461
var2,2,100.0,3,19.917126974308047,0.5097238626575843
var2,2,100.0,4,16.493474575090158,0.5121470003855328
var2,2,1000.0,0,31.031817002764445,0.32201938128870844
var2,2,1000.0,1,24.320766231935732,0.31491813906483745
var2,2,1000.0,2,30.464270244682485,0.3560021745294982
var2,2,1000.0,3,27.284234296678527,0.32837657667311504
var2,2,1000.0,4,21.657309968340936,0.35940825666943066
var2,3,0.001,0,9.338556783072075,0.7959719695081435
var2,3,0.001,1,10.570982093980126,0.7022302662756286
var2,3,0.001,2,6.877878155722263,0.8546054594263803
var2,3,0.001,3,10.977356567698719,0.7297835183164663
var2,3,0.001,4,6.471802403912907,0.808573493639149
var2,3,0.01,0,9.338798846476632,0.7959666809265314
var2,3,0.01,1,10.57104313744882,0.7022285467667639
var2,3,0.01,2,6.8780467444721065,0.8546018955534425
var2,3,0.01,3,10.976978589872264,0.7297928225453841
var2,3,0.01,4,6.471655314377281,0.8085778443337731
var2,3,0.1,0,9.341231101735133,0.7959135412110945
var2,3,0.1,1,10.571669388638403,0.7022109061494297
var2,3,0.1,2,6.8797441266032395,0.854566013833885
var2,3,0.1,3,10.973230617084178,0.7298850819171186
var2,3,0.1,4,6.470206861678603,0.8086206874588304
var2,3,1.0,0,9.366635111506692,0.7953585164679047
var2,3,1.0,1,10.579428883247378,0.7019923320734349
var2,3,1.0,2,6.897794387586603,0.8541844412989417
var2,3,1.0,3,10.938785582986707,0.7307329742004646
var2,3,1.0,4,6.4578541434009225,0.8089860629070249
var2,3,10.0,0,9.67570757142401,0.7886059264541554
var2,3,10.0,1,10.748516633093834,0.6972293674027725
var2,3,10.0,2,7.137266011982892,0.8491221435929917
var2,3,10.0,3,10.795773551341906,0.7342533306534182
var2,3,10.0,4,6.46976636422039,0.8086337167332464
var2,3,100.0,0,12.025094019213807,0.7372767220662024
var2,3,100.0,1,12.744576386195055,0.6410031647761159
var2,3,100.0,2,9.25669815774183,0.8043185201305428
var2,3,100.0,3,12.016408877936131,0.7042064080325865
var2,3,100.0,4,7.77451756091205,0.7700410731905736
var2,3,1000.0,0,22.052746425837753,0.5181933863318162
var2,3,1000.0,1,20.379625344500525,0.42593454815421805
var2,3,1000.0,2,20.853021718555386,0.5591786531114138
var2,3,1000.0,3,20.810350473649578,0.4877364461187661
var2,3,1000.0,4,14.85133118050584,0.5607192146389788
var2,4,0.001,0,3.4417885639079855,0.9248040828603782
var2,4,0.001,1,2.8770127533376844,0.9189585873983419
var2,4,0.001,2,3.00922926311488,0.9363865575566692
var2,4,0.001,3,3.424909843391118,0.9156930830972848
var2,4,0.001,4,2.5933771959400698,0.9232916728121126
var2,4,0.01,0,3.442042637579047,0.9247985318794385
var2,4,0.01,1,2.877169537449803,0.9189541710098832
var2,4,0.01,2,3.009272006959317,0.9363856539754363
var2,4,0.01,3,3.424916669305147,0.9156929150719081
var2,4,0.01,4,2.5931697052040144,0.9232978100864337
var2,4,0.1,0,3.444620730392651,0.9247422059169367
var2,4,0.1,1,2.8787685706201094,0.9189091284890364
var2,4,0.1,2,3.0097477152295795,0.9363755977656815
var2,4,0.1,3,3.4250201890488747,0.9156903668499602
var2,4,0.1,4,2.59114453126543,0.9233577117873265
var2,4,1.0,0,3.4737639759669676,0.9241054866534797
var2,4,1.0,1,2.897575443034441,0.9183793652805459
var2,4,1.0,2,3.0188499721503734,0.9361831810881512
var2,4,1.0,3,3.429312109594624,0.9155847177656488
var2,4,1.0,4,2.575465057117868,0.9238214878376936
var2,4,10.0,0,3.9084206388673612,0.9146091431678907
var2,4,10.0,1,3.2148728445761763,0.9094415426706369
var2,4,10.0,2,3.2992996959479273,0.9302546290227706
var2,4,10.0,3,3.6487382832492905,0.9101833656032607
var2,4,10.0,4,2.6561597890764466,0.9214346549808659
var2,4,100.0,0,7.266871418607025,0.8412339831714111
var2,4,100.0,1,6.246358828967413,0.824048835887471
var2,4,100.0,2,5.753049091282996,0.8783837237900687
var2,4,100.0,3,6.735059520072718,0.8342110802159389
var2,4,100.0,4,4.802962749570884,0.8579353444450382
var2,4,1000.0,0,17.347289874581286,0.6209978190743708
var2,4,1000.0,1,14.609433603998676,0.5884727534820147
var2,4,1000.0,2,14.800858959167545,0.6871180268477546
var2,4,1000.0,3,16.017336128621707,0.6057203582732796
var2,4,1000.0,4,11.452737752607531,0.6612446673397868
var2,5,0.001,0,1.205438790823902,0.973663671155686
var2,5,0.001,1,1.1043513974932249,0.9688919706186088
var2,5,0.001,2,1.2001556099382356,0.9746293741219239
var2,5,0.001,3,1.4008631305755537,0.9655166246873893
var2,5,0.001,4,1.1117714699708523,0.9671154162185925
var2,5,0.01,0,1.2056837352402927,0.9736583196299613
var2,5,0.01,1,1.104114159990429,0.9688986532662008
var2,5,0.01,2,1.2003239146697795,0.9746258162529757
var2,5,0.01,3,1.4007963563426375,0.9655182683889648
var2,5,0.01,4,1.1110283716567706,0.9671373959864021
var2,5,0.1,0,1.2084480740472523,0.9735979245801161
var2,5,0.1,1,1.102062890005895,0.9689564346635829
var2,5,0.1,2,1.2021074635217648,0.9745881130165918
var2,5,0.1,3,1.4007607566157412,0.9655191447049424
var2,5,0.1,4,1.1042602436457243,0.9673375873734219
var2,5,1.0,0,1.2511051551484949,0.972665956135121
var2,5,1.0,1,1.0984295733885858,0.9690587800948829
var2,5,1.0,2,1.2229753503901848,0.9741469774286559
var2,5,1.0,3,1.4265964644625557,0.9648831779279577
var2,5,1.0,4,1.0710944749847717,0.9683185825938105
var2,5,10.0,0,1.746793238338983,0.9618362031335689
var2,5,10.0,1,1.356863775575705,0.9617790512214085
var2,5,10.0,2,1.470789271193795,0.9689083281901533
var2,5,10.0,3,1.8063129987389583,0.9555361493153357
var2,5,10.0,4,1.1609553225065419,0.9656606293643799
var2,5,100.0,0,4.429173250829779,0.9032317823764697
var2,5,100.0,1,4.006157712116407,0.8871521581827227
var2,5,100.0,2,3.169318159538632,0.933002366819428
var2,5,100.0,3,4.698762666864113,0.8843361688876857
var2,5,100.0,4,2.57415620421171,0.9238602018038392
var2,5,1000.0,0,12.250493781472091,0.7323522063583521
var2,5,1000.0,1,11.966740729836179,0.6629137038552808
var2,5,1000.0,2,9.408834927556429,0.8011024329520946
var2,5,1000.0,3,12.651602161140888,0.6885706132838163
var2,5,1000.0,4,7.465740196536503,0.7791742587263348
var2,6,1000.0,0,9.670076950857624,0.7887289437951956
var2,6,1000.0,1,8.403058054486044,0.7632976447117754
var2,6,1000.0,2,7.011115912144321,0.851788886939424
var2,6,1000.0,3,9.951293973256016,0.7550408762739577
var2,6,1000.0,4,6.162445642751736,0.8177238168894984
var2,7,1000.0,0,7.361331520495038,0.8391702265336395
var2,7,1000.0,1,6.8578131581056825,0.8068250253509077
var2,7,1000.0,2,4.972722664651531,0.8948793929090606
var2,7,1000.0,3,8.36003698061965,0.7942109499936875
var2,7,1000.0,4,4.3139990216667305,0.8723981806579111
var2,8,1000.0,0,5.85278420541428,0.8721288458095459
var2,8,1000.0,1,4.953066307149997,0.8604790716428223
var2,8,1000.0,2,4.045101447319044,0.9144887924457751
var2,8,1000.0,3,6.7388114096455105,0.8341187244293911
var2,8,1000.0,4,3.780638682760338,0.888174204080159
var2,9,1000.0,0,4.78048354911226,0.895556383498989
var2,9,1000.0,1,4.133331349282693,0.8835698552576872
var2,9,1000.0,2,3.346285181539198,0.9292613818415177
var2,9,1000.0,3,5.805232880387693,0.8570995125631795
var2,9,1000.0,4,2.906932434007319,0.9140171647186535
var2,10,1000.0,0,3.9076802259302568,0.9146253196496338
var2,10,1000.0,1,3.257230893364833,0.908248375867709
var2,10,1000.0,2,3.0209891513626763,0.9361379600226226
var2,10,1000.0,3,4.890392966722605,0.8796190345673802
var2,10,1000.0,4,2.7070361882741727,0.9199298050570252
var2,11,0.001,0,0.6490384511089057,0.9858198606091602
var2,11,0.001,1,0.49292590753024346,0.9861149687960676
var2,11,0.001,2,0.7291317042714602,0.984586558999739
var2,11,0.001,3,1.6252733958913936,0.9599925850906663
var2,11,0.001,4,0.48471110333709294,0.9856629502393285
var2,11,0.01,0,0.33258226839896277,0.9927337695990716
var2,11,0.01,1,0.33524838498233667,0.9905565233731155
var2,11,0.01,2,0.4867826802207489,0.9897096833431097
var2,11,0.01,3,0.6412043490760232,0.9842162380187832
var2,11,0.01,4,0.33201578472237725,0.9901794557745406
var2,11,0.1,0,0.22401634173048243,0.995105709151535
var2,11,0.1,1,0.29974667177009584,0.9915565568227973
var2,11,0.1,2,0.4218629760373206,0.99108204998733
var2,11,0.1,3,0.5281433983688621,0.9869993244683736
var2,11,0.1,4,0.2930240710919706,0.9913327739773304
var2,11,1.0,0,0.1943285024969122,0.9957543266530491
var2,11,1.0,1,0.26366002108939063,0.9925730671402556
var2,11,1.0,2,0.33120213954900346,0.9929985699329867
var2,11,1.0,3,0.38488842084363895,0.990525661230033
var2,11,1.0,4,0.2867328839168657,0.9915188581478027
var2,11,10.0,0,0.24867804679112746,0.994566902221409
var2,11,10.0,1,0.270443634614265,0.9923819822651672
var2,11,10.0,2,0.35674835605039146,0.992458537043843
var2,11,10.0,3,0.3279845015865522,0.9919263970775776
var2,11,10.0,4,0.33336942247160195,0.9901394171378456
var2,11,100.0,0,0.6522366816880849,0.9857499859270988
var2,11,100.0,1,0.5895993638475502,0.9833918131715573
var2,11,100.0,2,0.9115562729786539,0.9807302045026102
var2,11,100.0,3,0.7737555255622892,0.9809533839489313
var2,11,100.0,4,0.6698793356541272,0.9801859431261272
var2,11,1000.0,0,3.3443935059238457,0.926931962180678
var2,11,1000.0,1,2.845928046110832,0.9198341999867987
var2,11,1000.0,2,2.805325461584936,0.9406969711571189
var2,11,1000.0,3,4.260495370509777,0.8951244717115457
var2,11,1000.0,4,2.255659544656795,0.933280869961034
var2,12,0.001,0,0.9426083907346687,0.979405968400245
var2,12,0.001,1,0.6959488782327419,0.9803960965674938
var2,12,0.001,2,2.517653909333649,0.94677818868216
var2,12,0.001,3,0.62370604417146,0.9846469729008631
var2,12,0.001,4,0.6301757681686637,0.981360316931052
var2,12,0.01,0,0.4287197402275392,0.9906333659190076
var2,12,0.01,1,0.37010525147516854,0.9895746543507522
var2,12,0.01,2,0.7161046769785334,0.9848619431524401
var2,12,0.01,3,0.7680902074059858,0.9810928403226378
var2,12,0.01,4,0.35552322127022334,0.9894841399767139
var2,12,0.1,0,0.2576871201100032,0.9943700727188953
var2,12,0.1,1,0.29751667574938345,0.9916193726818529
var2,12,0.1,2,0.7057586289760204,0.9850806528855903
var2,12,0.1,3,0.5386196343930219,0.9867414434728646
var2,12,0.1,4,0.2959480607055086,0.9912462866154764
var2,12,1.0,0,0.19854321740810196,0.9956622439038203
var2,12,1.0,1,0.2786237983178598,0.9921515585310065
var2,12,1.0,2,0.5635368704053993,0.9880871422095897
var2,12,1.0,3,0.3698328386577164,0.9908962665231096
var2,12,1.0,4,0.2809226864939279,0.9916907153406718
var2,12,10.0,0,0.2492808723240308,0.9945537317381035
var2,12,10.0,1,0.28180981723179627,0.992061812848419
var2,12,10.0,2,0.566151101000804,0.9880318788205377
var2,12,10.0,3,0.30273596849292533,0.9925479100746415
var2,12,10.0,4,0.3172822008494655,0.9906152537657248
var2,12,100.0,0,0.6100425672896701,0.9866718395131542
var2,12,100.0,1,0.5850547539934976,0.9835198284547252
var2,12,100.0,2,1.0660439065018772,0.9774644213654479
var2,12,100.0,3,0.6613169335822028,0.983721150536719
var2,12,100.0,4,0.6725611735060171,0.9801066182613409
var2,12,1000.0,0,2.8733871713885675,0.937222470341277
var2,12,1000.0,1,2.474167059585119,0.9303061853693027
var2,12,1000.0,2,2.7817196059178264,0.9411959858912939
var2,12,1000.0,3,3.7651827925330448,0.9073169901315365
var2,12,1000.0,4,2.2019131867554194,0.9348706090909646
var2,13,0.001,0,2.5898097628595353,0.9434180465419851
var2,13,0.001,1,1.123809304248169,0.9683438686861919
var2,13,0.001,2,6.530863598356037,0.8619411552613878
var2,13,0.001,3,3.2841754549775914,0.9191573735259011
var2,13,0.001,4,0.8478801881581456,0.9749209366878131
var2,13,0.01,0,0.5072161536835603,0.988918382650165
var2,13,0.01,1,0.4505099878777454,0.9873097657400328
var2,13,0.01,2,0.762226623659289,0.983886950706197
var2,13,0.01,3,1.4246782445268102,0.9649303964581144
var2,13,0.01,4,0.4103326030557017,0.9878629581457221
var2,13,0.1,0,0.2668058945994324,0.994170846474113
var2,13,0.1,1,0.3232490159124457,0.9908945287638196
var2,13,0.1,2,0.46082940805819206,0.9902583211638186
var2,13,0.1,3,0.6716583696021349,0.9834665877519878
var2,13,0.1,4,0.2957080800935038,0.9912533848930941
var2,13,1.0,0,0.198391539994784,0.9956655577396333
var2,13,1.0,1,0.2855874005660003,0.9919554036261209
var2,13,1.0,2,0.40773904063433103,0.9913806221708602
var2,13,1.0,3,0.43401739342584367,0.9893163119629287
var2,13,1.0,4,0.2807515132006737,0.9916957783978334
var2,13,10.0,0,0.23095191770973242,0.9949541812505708
var2,13,10.0,1,0.2714401085108309,0.9923539129936269
var2,13,10.0,2,0.3841809116869649,0.9918786279885741
var2,13,10.0,3,0.3203868786684793,0.9921134186907883
var2,13,10.0,4,0.31357539419634745,0.9907248957175453
var2,13,100.0,0,0.5382393481022796,0.9882405904169699
var2,13,100.0,1,0.5575974979914389,0.9842932608317595
var2,13,100.0,2,0.9242517366223464,0.9804618294220909
var2,13,100.0,3,0.6388738585077565,0.9842736049229254
var2,13,100.0,4,0.6504482325985069,0.980760686905453
var2,13,1000.0,0,2.535196329221722,0.9446112364065817
var2,13,1000.0,1,2.267377233336027,0.9361311646334495
var2,13,1000.0,2,2.7449004306312488,0.941974322894929
var2,13,1000.0,3,3.3255885958031097,0.9181379556778679
var2,13,1000.0,4,1.9565312175228498,0.9421286510030195
var2,14,0.001,0,3.120378832151938,0.9318262165877195
var2,14,0.001,1,2.1337612189722805,0.93989494028501
var2,14,0.001,2,14.545729686740168,0.6925113185740116
var2,14,0.001,3,1.288030653083802,0.968294087084591
var2,14,0.001,4,1.2672085632276062,0.9625178129754781
var2,14,0.01,0,0.6308841534834787,0.9862164942299133
var2,14,0.01,1,0.5337731802454888,0.9849643584353981
var2,14,0.01,2,1.367055592197319,0.9711012007968242
var2,14,0.01,3,1.047042296347641,0.9742262097666178
var2,14,0.01,4,0.4659775268431039,0.9862170621970298
var2,14,0.1,0,0.34293259974569446,0.9925076364000488
var2,14,0.1,1,0.3259207980223281,0.9908192684104904
var2,14,0.1,2,0.6328432167122958,0.9866220443768019
var2,14,0.1,3,0.7277861238855177,0.9820849578310028
var2,14,0.1,4,0.30564404048651445,0.9909594936296304
var2,14,1.0,0,0.2116368159672261,0.9953761760254398
var2,14,1.0,1,0.2934386299174722,0.9917342455111404
var2,14,1.0,2,0.6413080504343637,0.9864431024731818
var2,14,1.0,3,0.42894160967176204,0.9894412564720512
var2,14,1.0,4,0.2817430528838578,0.9916664500955115
var2,14,10.0,0,0.23721875586444532,0.994817263879309
var2,14,10.0,1,0.2816609973218293,0.9920660048964776
var2,14,10.0,2,0.6745589471077625,0.9857401969060823
var2,14,10.0,3,0.3147067436354873,0.9922532397938595
var2,14,10.0,4,0.30965468617365927,0.9908408645609065
var2,14,100.0,0,0.5345731220858132,0.9883206898253531
var2,14,100.0,1,0.5753662856136617,0.9837927390153536
var2,14,100.0,2,1.1831850502532373,0.9749881223685215
var2,14,100.0,3,0.5776746412063749,0.985780072994631
var2,14,100.0,4,0.6596745946175268,0.9804877845302733
var2,14,1000.0,0,2.312507238188279,0.9494765295895642
var2,14,1000.0,1,2.1083891938754675,0.9406096346331754
var2,14,1000.0,2,2.9070127293306043,0.9385473585525734
var2,14,1000.0,3,3.0562425355751577,0.9247681260928731
var2,14,1000.0,4,1.9624648255573036,0.9419531435036769
var2,15,0.001,0,6.894375752244995,0.849372238250864
var2,15,0.001,1,3.1376524112310316,0.9116167339320391
var2,15,0.001,2,20.78086399815637,0.5607040274156279
var2,15,0.001,3,4.449979055113187,0.8904601780563112
var2,15,0.001,4,1.9442175276646638,0.9424928720473051
var2,15,0.01,0,0.945067688973281,0.9793522378519738
var2,15,0.01,1,0.6820938196237117,0.980786374128847
var2,15,0.01,2,3.5804867974389394,0.9243104892007384
var2,15,0.01,3,2.7644382300216086,0.9319511243220466
var2,15,0.01,4,0.5583526290179233,0.983484740970201
var2,15,0.1,0,0.35821629215754053,0.992173719528966
var2,15,0.1,1,0.35729790320307175,0.9899354193819283
var2,15,0.1,2,0.5231844118202362,0.988940170868163
var2,15,0.1,3,0.9837544849920458,0.975784090264759
var2,15,0.1,4,0.318535653896643,0.9905781784468671
var2,15,1.0,0,0.2135463585389618,0.9953344564943493
var2,15,1.0,1,0.30844901563293503,0.9913114240062078
var2,15,1.0,2,0.4643779765539532,0.9901833063882652
var2,15,1.0,3,0.5179940225482677,0.9872491595364623
var2,15,1.0,4,0.28036816058921643,0.9917071174107599
var2,15,10.0,0,0.2273630814863054,0.9950325898530383
var2,15,10.0,1,0.28277970430005694,0.9920344924905288
var2,15,10.0,2,0.45864164136825175,0.9903045693417544
var2,15,10.0,3,0.32630395511110627,0.9919677650839004
var2,15,10.0,4,0.30770085130951635,0.9908986561556905
var2,15,100.0,0,0.4976453665263792,0.9891274844310178
var2,15,100.0,1,0.5538118742869422,0.9843998965400075
var2,15,100.0,2,0.9676429205234378,0.97954456379083
var2,15,100.0,3,0.5923548787058351,0.9854187071136086
var2,15,100.0,4,0.6459324093295232,0.9808942583926173
var2,15,1000.0,0,2.078893330700792,0.9545805072755572
var2,15,1000.0,1,1.9930339235196264,0.9438590307471961
var2,15,1000.0,2,2.915383896034613,0.9383703967179149
var2,15,1000.0,3,2.752342449068829,0.9322488717216248
var2,15,1000.0,4,1.820398485305626,0.9461552593113858
var2,16,0.001,0,6.009196599426625,0.8687115605227334
var2,16,0.001,1,5.604979160368875,0.8421156012491844
var2,16,0.001,2,28.404817929412978,0.3995378575457442
var2,16,0.001,3,2.8949543943167577,0.9287383637178734
var2,16,0.001,4,2.445303927728043,0.9276714648159791
var2,16,0.01,0,0.9836287513757371,0.9785097588909947
var2,16,0.01,1,0.8930483147651467,0.9748440819853388
var2,16,0.01,2,6.135689751575728,0.8702949118413195
var2,16,0.01,3,1.6695782692051113,0.9589019849161675
var2,16,0.01,4,0.6595933834620389,0.9804901866381873
var2,16,0.1,0,0.4962531475825315,0.9891579015174826
var2,16,0.1,1,0.36560981943117554,0.9897012843640106
var2,16,0.1,2,0.6140195289064907,0.9870199667270473
var2,16,0.1,3,1.005727829140875,0.9752431986839762
var2,16,0.1,4,0.33329044835156885,0.9901417530775031
var2,16,1.0,0,0.2537902483412191,0.9944552112569515
var2,16,1.0,1,0.31196473049614426,0.9912123912513169
var2,16,1.0,2,0.6411031171094158,0.9864474346503379
var2,16,1.0,3,0.5187525310278132,0.9872304882387409
var2,16,1.0,4,0.2838270819861045,0.9916048075444416
var2,16,10.0,0,0.23162588867421424,0.9949394563876518
var2,16,10.0,1,0.28892268657067727,0.99186145329902
var2,16,10.0,2,0.7700410857640823,0.9837217572988943
var2,16,10.0,3,0.3265352130128035,0.9919620724842138
var2,16,10.0,4,0.3099302625459476,0.9908327134124488
var2,16,100.0,0,0.4995311989471771,0.9890862829173802
var2,16,100.0,1,0.5719319491188137,0.9838894794557874
var2,16,100.0,2,1.318629343383793,0.9721249049158174
var2,16,100.0,3,0.5555617610951372,0.98632439936562
var2,16,100.0,4,0.6560986924029697,0.9805935545191109
var2,16,1000.0,0,2.00369954858363,0.9562233349230164
var2,16,1000.0,1,1.9233853731323776,0.9458209326895815
var2,16,1000.0,2,3.204009253681839,0.9322690162742818
var2,16,1000.0,3,2.6046752326757394,0.9358838193000933
var2,16,1000.0,4,1.8461119245995248,0.9453946931594314
var2,17,0.001,0,7.987933690527745,0.8254802731903735
var2,17,0.001,1,6.97295826463696,0.8035815492569497
var2,17,0.001,2,21.216240236115972,0.5515004145190922
var2,17,0.001,3,5.805000368858635,0.8571052360219145
var2,17,0.001,4,3.56035271975558,0.8946899426127262
var2,17,0.01,0,2.1044600984134028,0.9540219266100841
var2,17,0.01,1,1.0921845847895368,0.9692346926615412
var2,17,0.01,2,11.39435563225498,0.7591296232972919
var2,17,0.01,3,4.209893905626614,0.896370067563738
var2,17,0.01,4,0.8229352709308795,0.9756587710743186
var2,17,0.1,0,0.49022260434355125,0.9892896563366079
var2,17,0.1,1,0.40111007405855464,0.9887012920006178
var2,17,0.1,2,1.2062474256928055,0.9745005965057985
var2,17,0.1,3,1.4783855812056375,0.9636083470677677
var2,17,0.1,4,0.3606171535999592,0.9893334688639911
var2,17,1.0,0,0.2472736564464017,0.994597585227652
var2,17,1.0,1,0.33003693106424686,0.990703322717936
var2,17,1.0,2,0.4720439981817174,0.9900212509305556
var2,17,1.0,3,0.6359007225701457,0.9843467910609244
var2,17,1.0,4,0.28365759583224387,0.9916098206984727
var2,17,10.0,0,0.22766335971832116,0.9950260293986019
var2,17,10.0,1,0.2996257753024091,0.9915599623066654
var2,17,10.0,2,0.5499369697890707,0.9883746365875343
var2,17,10.0,3,0.33671063909840654,0.9917115961678505
var2,17,10.0,4,0.3084235840272037,0.9908772787726147
var2,17,100.0,0,0.48295052669558974,0.9894485360987127
var2,17,100.0,1,0.5539326169665095,0.984396495388135
var2,17,100.0,2,1.0337428537505449,0.9781472477573224
var2,17,100.0,3,0.5785403085766866,0.9857587638944235
var2,17,100.0,4,0.6426778575056276,0.9809905233040803
var2,17,1000.0,0,1.820321054553731,0.9602297733739025
var2,17,1000.0,1,1.8482953797538855,0.9479361124462865
var2,17,1000.0,2,3.1907421932504314,0.9325494745947861
var2,17,1000.0,3,2.40120541830427,0.9408923928149634
var2,17,1000.0,4,1.7569061359182483,0.9480332707006889
var2,18,0.001,0,4.270481914452914,0.9066988578110575
var2,18,0.001,1,10.861240534368171,0.694054093263774
var2,18,0.001,2,30.202376967477313,0.36153845357609427
var2,18,0.001,3,5.484283342492034,0.8649999441828753
var2,18,0.001,4,4.231622189582571,0.8748347675910058
var2,18,0.01,0,1.7389508086423855,0.9620075439009312
var2,18,0.01,1,1.5379470607653456,0.9566781891507442
var2,18,0.01,2,15.188110483940301,0.6789317437738207
var2,18,0.01,3,2.6741444841812014,0.9341737776692848
var2,18,0.01,4,0.9582782396740668,0.9716555228213514
var2,18,0.1,0,0.7088487351678113,0.9845131303784442
var2,18,0.1,1,0.41469333688554605,0.9883186705450953
var2,18,0.1,2,1.4815919111369542,0.9686799663558845
var2,18,0.1,3,1.4225489741161488,0.9649828101658566
var2,18,0.1,4,0.37993834557610245,0.9887619760946067
var2,18,1.0,0,0.34325118353375855,0.9925006760073098
var2,18,1.0,1,0.3324749578343157,0.9906346469245536
var2,18,1.0,2,0.5769941512769619,0.9878026627341773
var2,18,1.0,3,0.6383266863227522,0.9842870740073808
var2,18,1.0,4,0.28930471969128335,0.9914427869845464
var2,18,10.0,0,0.22735080471894173,0.995032858074855
var2,18,10.0,1,0.3039082157083835,0.9914393319690071
var2,18,10.0,2,0.8303857290951442,0.9824461049109702
var2,18,10.0,3,0.3390229080942375,0.9916546778024038
var2,18,10.0,4,0.3138829091845853,0.9907157998712603
var2,18,100.0,0,0.4856483066901414,0.9893895952203978
var2,18,100.0,1,0.5659366509707253,0.9840583585927761
var2,18,100.0,2,1.4567515747663635,0.9692050773294325
var2,18,100.0,3,0.5550266017824645,0.9863375727435384
var2,18,100.0,4,0.6534287665994974,0.9806725270428227
var2,18,1000.0,0,1.8279731546883489,0.9600625909113594
var2,18,1000.0,1,1.8212981839769142,0.9486965855722784
var2,18,1000.0,2,3.5665457411834582,0.9246051954202271
var2,18,1000.0,3,2.3201760262120636,0.9428869966259155
var2,18,1000.0,4,1.7859022615829003,0.9471756074582777
var2,19,0.001,0,4.394033422445102,0.9039995144943644
var2,19,0.001,1,12.496631123406331,0.6479874349434886
var2,19,0.001,2,13.383150216805703,0.7170876056329517
var2,19,0.001,3,9.008673564939917,0.7782442375501842
var2,19,0.001,4,5.556667805361248,0.8356418446358926
var2,19,0.01,0,4.110502444482103,0.9101940762838351
var2,19,0.01,1,1.7418712720387621,0.9509339302397943
var2,19,0.01,2,19.71525290799028,0.5832304565521997
var2,19,0.01,3,5.494318886796344,0.8647529111693291
var2,19,0.01,4,1.2380000865108343,0.9633817572532937
var2,19,0.1,0,0.6830049778552226,0.9850777626902116
var2,19,0.1,1,0.45451515910062384,0.9871969456862333
var2,19,0.1,2,3.707677547354001,0.9216217470871945
var2,19,0.1,3,2.1339391990061296,0.9474713662687466
var2,19,0.1,4,0.41790355833563003,0.9876390202952441
var2,19,1.0,0,0.3059958994489745,0.9933146264296077
var2,19,1.0,1,0.34976960852130834,0.9901474808803641
var2,19,1.0,2,0.4862692718632145,0.9897205365118603
var2,19,1.0,3,0.7815541078333933,0.9807614155592355
var2,19,1.0,4,0.2921541274130203,0.9913585056466242
var2,19,10.0,0,0.22838373919024085,0.9950102906063798
var2,19,10.0,1,0.3208545824655643,0.9909619765944525
var2,19,10.0,2,0.6301055689285684,0.9866799167369623
var2,19,10.0,3,0.353544820784435,0.9912972092142004
var2,19,10.0,4,0.31288884376509285,0.9907452028811905
var2,19,100.0,0,0.48675322514249764,0.9893654550517481
var2,19,100.0,1,0.5538647142146986,0.984398408113381
var2,19,100.0,2,1.1237675879062399,0.9762441746631968
var2,19,100.0,3,0.5736560912574794,0.9858789928413139
var2,19,100.0,4,0.6397630002564018,0.9810767405438747
var2,19,1000.0,0,1.6696191594811922,0.9635222961434567
var2,19,1000.0,1,1.7653095611222014,0.9502737065219521
var2,19,1000.0,2,3.5012428224016636,0.9259856630091297
var2,19,1000.0,3,2.188630116899187,0.9461251052338641
var2,19,1000.0,4,1.7262891793559951,0.9489388757646771
var2,20,0.001,0,7.924855189390638,0.8268584071624999
var2,20,0.001,1,17.417618332835694,0.5093701297597748
var2,20,0.001,2,26.921753651888586,0.4308890162010348
var2,20,0.001,3,9.213022467720071,0.7732140245654274
var2,20,0.001,4,6.591686833415801,0.8050274865031882
var2,20,0.01,0,2.8631108098691946,0.9374469874535165
var2,20,0.01,1,2.480168850617331,0.9301371233368781
var2,20,0.01,2,21.851365862946913,0.5380742100082156
var2,20,0.01,3,3.9952004474580485,0.9016549201189961
var2,20,0.01,4,1.3985583017344938,0.9586326786675173
var2,20,0.1,0,0.975148403690811,0.9786950368387798
var2,20,0.1,1,0.47954393124718564,0.9864919202920673
var2,20,0.1,2,4.38527502177037,0.9072977112063543
var2,20,0.1,3,2.028992065434898,0.9500547245683063
var2,20,0.1,4,0.4439358197785896,0.9868690238476262
var2,20,1.0,0,0.4962179502888787,0.989158670505097
var2,20,1.0,1,0.3524888201507352,0.9900708845040165
var2,20,1.0,2,0.5506858665023374,0.9883588053251744
var2,20,1.0,3,0.7835675360657894,0.9807118534001014
var2,20,1.0,4,0.2997988244685192,0.9911323866216311
var2,20,10.0,0,0.2265590771562766,0.9950501556743716
var2,20,10.0,1,0.3254110557899751,0.99083362713397
var2,20,10.0,2,0.8439880458504699,0.9821585594571833
var2,20,10.0,3,0.35705526754243033,0.9912107967371862
var2,20,10.0,4,0.31982021732069627,0.99054018292829
var2,20,100.0,0,0.49168132705973455,0.9892577862811239
var2,20,100.0,1,0.5598954710658436,0.9842285301544783
var2,20,100.0,2,1.5903875840160406,0.9663800859979441
var2,20,100.0,3,0.5571095754317889,0.9862862986679001
var2,20,100.0,4,0.652009228359985,0.9807145149202139
var2,20,1000.0,0,1.718755819627208,0.9624487623815041
var2,20,1000.0,1,1.7607645688856564,0.9504017325762982
var2,20,1000.0,2,3.93583105790037,0.9167987080488321
var2,20,1000.0,3,2.143471740507198,0.9472367150747151
var2,20,1000.0,4,1.7532645244904392,0.948140984272526
