row_position,validation_fold,boundary_feature_count,actual_y,predicted_y,residual
0,2,0,-2.479273795670093,1.6164447299280793,-4.095718525598173
1,1,0,1.339229277791529,0.9637036493262374,0.37552562846529147
2,0,0,0.4237952183988955,2.199453614703655,-1.7756583963047596
3,4,0,-0.240400378633584,2.1187832580964305,-2.3591836367300143
4,3,1,-3.769200676895984,1.93803458700597,-5.7072352639019535
5,2,0,6.372031401599552,3.0732693061858787,3.298762095413673
6,1,1,8.511707959740301,3.6913094614055773,4.820398498334724
7,0,1,-1.7664496533381628,2.14124226316337,-3.9076919165015327
8,4,1,-0.1614642423660577,3.1995345465299874,-3.360998788896045
9,3,1,2.222747226507266,2.7528280746432294,-0.5300808481359636
11,2,1,5.193267464797071,3.367343190894921,1.8259242739021495
12,1,1,-6.474459271332885,-0.37267723254319574,-6.101782038789689
13,0,1,3.0287990330025627,0.8239112600745193,2.2048877729280436
14,4,0,1.3647811056068897,1.7207290927751777,-0.355947987168288
15,3,0,-0.1247463602497496,1.6561390696685094,-1.780885429918259
16,2,0,-1.505077298238537,0.35526088883189333,-1.8603381870704303
17,1,0,6.946530981982227,2.785120346713698,4.161410635268529
18,0,2,16.814414134923002,4.815468507011449,11.998945627911553
19,4,0,9.042736248586523,1.511675897538546,7.531060351047977
20,3,1,6.992713799472355,2.817876794254672,4.174837005217683
21,2,2,10.060133034918396,4.642936453688668,5.417196581229728
22,1,2,-7.01515695406294,1.177984843165945,-8.193141797228884
24,0,2,7.613613315144753,4.002641524538262,3.6109717906064907
26,4,0,-0.6001781947655462,0.8903463247106935,-1.4905245194762398
27,3,0,0.8242437157266418,2.6537342010122975,-1.8294904852856557
28,2,2,2.215243498530526,2.0002257643391275,0.21501773419139836
31,1,1,-10.080729262070848,-0.2948849438863088,-9.78584431818454
32,0,0,-0.6470269677813049,1.8251505456152128,-2.4721775133965176
33,4,0,2.0013896441032615,1.9722285733753073,0.029161070727954153
34,3,1,19.763190505681568,3.7719333279012766,15.991257177780291
35,2,1,-1.4175852618709244,2.1813143759602207,-3.598899637831145
36,1,0,-1.9982654357257943,2.8094562231288984,-4.8077216588546925
37,0,1,-7.78135917861753,0.5991939025951827,-8.380553081212712
38,4,1,1.1263206804853214,0.9211113120766423,0.2052093684086791
40,3,0,0.1585577414927452,2.2860341356070757,-2.1274763941143306
41,2,0,1.4613355450350198,0.876225263762064,0.5851102812729558
42,1,0,1.875416770691969,1.3923180354957867,0.4830987351961824
43,0,0,6.46634699281531,4.445191063196732,2.021155929618578
45,4,1,3.966943041132877,1.967480554120629,1.9994624870122482
46,3,0,6.439292628313776,2.7706872911259977,3.6686053371877785
47,2,0,3.1783365677324893,3.8642025028138542,-0.685865935081365
48,1,0,0.6407741895668085,1.6814825728187248,-1.0407083832519164
49,0,1,4.548707441021164,3.415272210748612,1.1334352302725517
50,4,1,-3.5550937713387487,-0.13852014241790567,-3.416573628920843
51,3,2,11.968871350958654,2.4826294820501387,9.486241868908515
52,2,0,0.1070992620015271,2.5312196944933962,-2.4241204324918693
53,1,1,-4.550138545257684,0.5856608834609949,-5.135799428718679
54,0,0,3.142147541796439,0.7267741237860086,2.4153734180104305
56,4,1,2.59990690785052,3.3735976934035925,-0.7736907855530726
57,3,2,-5.39505803944405,1.7545368435523685,-7.149594882996419
58,2,1,3.815431240575404,1.6161271675075033,2.1993040730679008
61,1,1,-2.791236644164252,1.041360477513934,-3.8325971216781864
62,0,0,-8.21497609340351,0.533823352634774,-8.748799446038285
64,4,1,0.2010425523560848,2.9185179059979562,-2.7174753536418716
68,3,1,0.386842558339159,0.7578883099848095,-0.3710457516456505
69,2,1,9.716705317770389,1.93805357373805,7.778651744032339
71,1,0,-2.105415705620985,3.1671202790489197,-5.272535984669904
73,0,0,1.504499473037625,1.0424973301913327,0.4620021428462924
74,4,0,0.093346827662283,2.1950627331413877,-2.1017159054791046
75,3,0,1.6896362655129908,0.6299574689760583,1.0596787965369325
77,2,0,-5.390539477550989,0.32378614621405166,-5.714325623765041
79,1,0,2.7651855757456767,2.58476434793547,0.18042122781020664
80,0,0,1.7477724124016591,1.557211446205982,0.19056096619567708
81,4,0,-0.0754937838411037,2.3749926625352744,-2.4504864463763782
82,3,1,8.549932755469715,4.394271773746238,4.155660981723478
83,2,0,2.095054113359934,1.1857036995308188,0.9093504138291153
84,1,1,-3.708029143988912,2.7482954632388052,-6.456324607227717
85,0,0,1.359638077270546,1.3528091319982447,0.006828945272301379
87,4,0,4.256719713159901,1.0607643824576058,3.1959553307022954
89,3,2,13.302389291057638,1.632577050915887,11.669812240141752
90,2,0,0.2846075283979752,2.8521225511800674,-2.567515022782092
91,1,0,2.289920130892286,1.4366925218319186,0.8532276090603672
92,0,0,1.6966262154494651,1.8221445918029748,-0.1255183763535097
93,4,1,-3.0830608293118154,1.7655451403019387,-4.848605969613754
94,3,0,0.534623149693247,1.232246428546145,-0.697623278852898
95,2,0,0.1567323375205604,2.944636426421408,-2.7879040889008477
97,1,2,11.426637067323837,1.9060455619426024,9.520591505381233
98,0,1,-2.1537134000940825,2.924777142317814,-5.078490542411897
99,4,0,0.6323972284249441,1.398469688524416,-0.766072460099472
100,3,1,1.013114139784279,2.7844918064490582,-1.7713776666647791
101,2,2,5.756507045882352,0.331045716275713,5.425461329606639
102,1,0,1.4097422266171622,1.83425286046582,-0.4245106338486577
103,0,0,0.4972506488804254,1.6338478499778208,-1.1365972010973955
104,4,1,6.307919673240183,4.316115500789844,1.9918041724503386
105,3,1,6.056044456342557,2.89067718366988,3.1653672726726767
106,2,0,1.1592941622389406,2.0201567710934136,-0.8608626088544731
108,1,2,1.6504544483793964,-0.4508934480755906,2.101347896454987
109,0,1,7.777114381419631,4.0934447625668735,3.6836696188527576
111,4,1,1.7605143917894486,0.9294051044450464,0.8311092873444021
112,3,0,-3.147754702820658,2.8407714975209206,-5.988526200341578
113,2,0,-0.5568081541217396,1.985927766396291,-2.5427359205180307
114,1,0,2.693447436572506,2.2005815639583073,0.4928658726141988
115,0,1,-11.98566578583566,0.06615310994253587,-12.051818895778197
116,4,0,1.1910512517994758,0.7061432317652188,0.48490802003425704
117,3,1,1.4673300758644117,0.6955807189048957,0.771749356959516
118,2,1,-11.337146793815428,-0.09509614056427296,-11.242050653251155
119,1,0,0.6350673057584271,1.116289912015828,-0.481222606257401
121,0,0,2.0821733603289294,1.783974763180284,0.2981985971486454
122,4,1,3.69454857665707,2.1579424549953345,1.5366061216617353
123,3,1,3.804348962387268,0.9470744790394332,2.857274483347835
124,2,1,-4.254434478357618,2.901160346774436,-7.155594825132054
125,1,2,3.1994910083828887,3.4606761286894487,-0.26118512030656005
126,0,0,1.9179127654946209,1.0858852006975832,0.8320275647970377
127,4,0,-3.32876842987269,3.051252066702892,-6.3800204965755825
128,3,2,5.005507122471053,4.336845116307695,0.6686620061633572
129,2,0,2.895531707198636,3.9087118553274864,-1.0131801481288503
130,1,1,8.507256966873252,4.445860728896035,4.061396237977217
131,0,0,0.4080673144496045,2.485772858022719,-2.0777055435731144
132,4,0,1.2901234427754846,0.806145963084818,0.4839774796906666
133,3,1,9.490072803117794,3.358617759974321,6.131455043143474
134,2,0,1.051378550908182,1.8386988040717487,-0.7873202531635666
135,1,0,2.228140463049104,1.9692633715545533,0.25887709149455085
138,0,0,1.4506164393933432,2.825270281064607,-1.3746538416712637
140,4,1,1.3075367661911288,2.265654855820681,-0.9581180896295522
142,3,0,1.1644903863899114,1.6908975229298904,-0.526407136539979
143,2,1,-0.0740547596916566,3.1404061881693894,-3.214460947861046
144,1,0,0.7800981943999761,2.467057627315599,-1.686959432915623
145,0,0,1.1539851452218337,1.7827480807575533,-0.6287629355357196
146,4,0,-1.41535273564454,2.010355102871267,-3.425707838515807
147,3,0,1.1983058617974651,1.8517707656352878,-0.6534649038378226
148,2,0,0.5561312569547096,3.3592085761151482,-2.8030773191604386
149,1,0,0.0999635308840696,2.378543623799032,-2.2785800929149627
150,0,0,-0.5406982016532068,1.3727480599206219,-1.9134462615738288
151,4,0,1.434848507643772,3.4778651402307252,-2.043016632586953
152,3,1,4.356574847919969,3.977224607680591,0.37935024023937824
153,2,1,-9.113102299572702,0.13158629825804313,-9.244688597830745
154,1,1,-3.097837207414123,0.9470580690384343,-4.044895276452557
155,0,0,-0.4958907269919729,1.8972716270657863,-2.3931623540577593
156,4,1,4.089510847394999,1.3727741367053619,2.7167367106896374
157,3,1,4.005081099187586,4.197011868194447,-0.191930769006861
159,2,1,-2.3967342451612343,1.1932316501245497,-3.589965895285784
160,1,1,-5.764608577759363,0.2277248491299224,-5.992333426889285
161,0,1,-6.633052133023302,0.5918405042049448,-7.224892637228247
162,4,0,-0.9999646826281342,2.983212524464947,-3.9831772070930813
163,3,0,1.1695034984985502,0.8186136765982561,0.35088982190029405
164,2,0,1.7827337896843138,1.2361865007900668,0.5465472888942471
166,1,2,11.35441972761476,1.3120792662282748,10.042340461386484
167,0,0,7.73580557301658,3.1889809647392005,4.5468246082773796
169,4,0,-0.101192988116165,2.2198388955709856,-2.3210318836871506
170,3,1,15.600328316638873,2.659148560810217,12.941179755828657
171,2,2,-23.093491711966973,-0.3521238118951562,-22.741367900071815
172,1,0,0.9857613572774347,3.5384927424472608,-2.552731385169826
173,0,2,11.751708617576714,3.1152569510028933,8.636451666573821
175,4,0,-0.9521380329444316,2.939152474318476,-3.891290507262908
176,3,1,3.90416056759342,4.202895770207595,-0.2987352026141754
177,2,0,2.021177202006166,0.7325596154986591,1.2886175865075067
178,2,3,25.50373015135853,4.583515268804575,20.920214882553953
179,1,1,-5.358581365866821,0.48451120003328074,-5.843092565900102
180,0,1,5.321059762484327,2.7054772000812166,2.6155825624031106
181,4,2,12.89308439049002,4.827378648915396,8.065705741574625
182,3,0,1.306354714993535,0.8035676029077041,0.5027871120858309
183,2,0,1.1750995317499382,2.305767340920898,-1.1306678091709599
185,1,1,4.043631158137349,0.13853430459797522,3.9050968535393737
186,0,2,14.462995731139744,3.939185821134019,10.523809910005724
187,4,0,1.6637296457388728,1.093851547653003,0.5698780980858698
188,3,0,1.4205978837794984,1.4589283354063278,-0.038330451626829465
189,2,0,1.865615026738864,2.1192658057700804,-0.25365077903121636
190,1,1,-2.524923460133671,1.136783661303412,-3.661707121437083
191,0,2,21.971210143848328,1.6704113526378814,20.300798791210447
192,4,1,3.7051788054698074,1.6870613853458416,2.018117420123966
193,3,0,0.2927267541508525,2.0506424159989742,-1.7579156618481218
194,2,0,3.8919999679039208,3.402266159416814,0.4897338084871068
195,1,2,1.103559290327391,0.14600271775568396,0.957556572571707
196,0,0,0.9294870676279692,1.6062830678868616,-0.6767960002588924
197,4,0,0.3928051035365128,2.5552011766626945,-2.1623960731261818
200,3,1,11.667213052944392,3.6455737732895357,8.021639279654856
201,2,0,1.8215776187857684,2.5154904596809926,-0.6939128408952242
202,1,2,10.759374501845937,1.252997670700313,9.506376831145623
203,0,0,7.099320819166512,4.319694968016266,2.7796258511502456
204,4,0,1.163398378612648,2.1014940988692534,-0.9380957202566054
205,3,1,2.5343151273287106,0.45667092743367443,2.077644199895036
206,2,2,3.978990930731191,-0.07692278013197562,4.055913710863166
207,1,1,4.622944722217606,0.4534810907407105,4.169463631476896
208,0,1,-3.594384751069086,2.1580420507470737,-5.75242680181616
211,4,0,4.142900580788383,3.0239681317256846,1.1189324490626982
212,3,1,8.295451159502734,4.5010772781073145,3.79437388139542
214,2,0,0.9150762604402644,2.2513120389836465,-1.336235778543382
215,1,2,3.1107599983160874,3.399436831540807,-0.2886768332247196
216,0,0,2.4993106751973655,1.3714051782547327,1.1279054969426328
217,4,2,7.466656817487563,0.5794834917240086,6.887173325763555
219,3,0,0.0517528139815897,1.602281954402903,-1.5505291404213133
220,2,1,-1.97781425093561,1.2400083993515394,-3.2178226502871494
222,1,0,-0.6926934142798741,2.5963916929776154,-3.2890851072574896
223,0,0,0.9248701362604234,1.1412726714147077,-0.21640253515428431
224,4,2,4.741297088217198,1.475067870816118,3.2662292174010803
225,3,0,2.42603009628402,3.0890427502918247,-0.6630126540078045
226,2,1,-4.3445494767368995,0.42754019906746255,-4.772089675804362
227,1,1,5.224705902067258,3.8471618553518994,1.377544046715359
228,0,0,3.9427073704920463,4.02309877062226,-0.08039140013021395
229,4,0,1.390297924686117,1.8042888192656648,-0.41399089457954785
230,3,0,1.3399084797312537,0.9600131553001101,0.3798953244311436
232,2,0,7.294595907939075,3.273954398902033,4.020641509037042
233,1,1,-3.75829550169327,1.9906430702930822,-5.748938571986352
234,0,0,3.233646911670693,2.5535379092856525,0.6801090023850405
235,4,1,-2.537442225690021,3.3628598162344248,-5.900302041924446
236,3,0,1.841734262698654,1.2177237752369034,0.6240104874617505
238,2,1,-1.688899227009698,0.9048104908867942,-2.593709717896492
239,1,0,1.0658773527672214,1.369869998899707,-0.30399264613248556
240,0,2,-8.832823183416666,1.5209428314103342,-10.353766014827
241,4,2,3.669713413422718,3.0581847956567243,0.6115286177659938
242,3,0,0.2978608953922442,1.678951315216171,-1.3810904198239269
243,2,1,5.81820351626277,2.1669873996833338,3.651216116579436
245,1,0,-1.6458544908029182,1.888764343407062,-3.5346188342099802
246,0,2,-6.5874860695919635,1.1523046019892371,-7.739790671581201
248,4,0,4.267001303900314,4.11818863129902,0.14881267260129416
249,3,1,1.808055515002608,1.231896907629889,0.5761586073727192
250,2,0,-0.4757990075616959,1.3182509940153988,-1.7940500015770948
251,1,0,2.700463519598435,2.339129901858137,0.36133361774029815
252,0,1,-5.697971304258949,1.2194988245366845,-6.9174701287956335
253,4,1,-1.256285612524796,2.6832488363843483,-3.9395344489091446
255,3,1,-1.4498072727353866,2.613090743621584,-4.062898016356971
256,2,0,0.6562440140439337,1.3773250817721925,-0.7210810677282588
257,1,0,0.628370489910677,1.3360875518756805,-0.7077170619650035
258,0,0,-1.1814825546318517,3.211470596025839,-4.392953150657691
259,4,0,-4.030661722955326,2.301321098752061,-6.331982821707387
262,3,1,-1.6037204469799633,2.8151400278962204,-4.418860474876183
263,2,1,11.08209203344955,2.871357771765932,8.210734261683617
264,1,0,1.6685293480469532,2.1893821954677066,-0.5208528474207534
267,0,0,-2.006937385365649,1.4757166470357164,-3.4826540324013653
268,4,0,1.8561203852086745,1.1052693734242802,0.7508510117843943
269,3,0,1.3335352914570962,3.920539153942596,-2.5870038624854996
270,2,1,4.045389569370626,3.9192628362495774,0.12612673312104894
271,1,2,5.125685283599477,2.525772758588044,2.599912525011433
272,0,0,-0.2688580318025054,3.15270377478258,-3.4215618065850855
274,4,2,-6.31529337799053,1.0411426038440363,-7.356435981834567
275,3,0,0.8676619608909125,4.348127845440466,-3.4804658845495533
276,2,0,1.758647565942343,3.0454854980218338,-1.2868379320794907
277,1,1,9.738557101414564,2.7745524402733994,6.964004661141164
278,0,0,-0.5873642223553701,2.5868866039762053,-3.1742508263315754
279,4,1,-2.019488508223704,1.4799928934969682,-3.499481401720672
280,3,0,0.8900372939994345,2.498957722193513,-1.6089204281940783
283,2,1,2.3839912807348256,1.147924998827525,1.2360662819073005
284,1,2,4.131657147137909,2.975777759472987,1.1558793876649216
285,0,2,12.732815555225487,1.2873060728069778,11.44550948241851
286,4,1,4.961476925862744,2.1812966433376744,2.7801802825250697
288,3,2,7.968977229614135,1.0462688663976747,6.92270836321646
289,2,2,7.858227026558466,0.8249434853862752,7.033283541172191
292,1,1,6.525737485523207,0.549811746824997,5.97592573869821
294,0,1,13.421582138812942,1.8927348318890962,11.528847306923847
295,4,0,0.0278706982100011,2.033303428081982,-2.005432729871981
296,3,1,-4.942470785433417,0.45041463451022,-5.392885419943637
297,2,0,2.292678147628719,1.0489820814743582,1.2436960661543608
298,1,0,0.0785225242586526,2.7411458970200195,-2.662623372761367
299,0,0,2.0518841855421446,2.61388932434302,-0.5620051388008753
301,4,0,1.4769822686149463,1.0873494973269344,0.3896327712880119
302,3,1,-1.016841445327724,1.4381633066032196,-2.4550047519309435
303,2,1,-14.145319291870086,-0.21522887760909315,-13.930090414260993
304,1,0,0.1944528329355201,2.2376941588740564,-2.0432413259385362
305,0,0,0.0018722509747644,2.319441349410359,-2.3175690984355946
307,4,0,0.4356297558646894,2.8471485774875553,-2.411518821622866
308,3,0,-1.8719912507593337,3.5904191630474056,-5.462410413806739
309,2,0,1.108690197586851,0.5651536946065507,0.5435365029803003
312,1,1,3.9409641129994304,0.46941191292099793,3.4715522000784325
313,0,2,13.17721996230889,1.7809780770871726,11.396241885221716
314,4,1,10.455228481295032,3.4075723185308417,7.0476561627641905
315,3,1,-1.095963156393802,1.152150641923759,-2.248113798317561
316,2,0,0.4209597699835307,2.278765992851183,-1.8578062228676524
317,1,1,10.121694120899315,3.329581883738896,6.792112237160419
318,0,0,-1.0608958495508272,3.4267445731923383,-4.487640422743166
321,4,1,-22.283484082508295,-0.45514784029636823,-21.828336242211925
323,3,1,5.6562007913037355,4.028215832346692,1.6279849589570432
324,2,1,3.879622308722945,0.46067373630710473,3.4189485724158404
325,1,2,7.695572630244915,1.2480250468408205,6.447547583404095
326,0,1,-2.5461024447188247,1.8138963927266096,-4.359998837445435
327,4,1,-0.9542924162023944,0.9885502779165898,-1.9428426941189842
328,3,1,1.3361368479553273,3.5297167907921008,-2.1935799428367737
330,2,0,-0.3688064999396155,3.747071349758568,-4.115877849698183
331,1,0,0.5432052583591729,1.5562289630732447,-1.0130237047140718
333,0,1,-4.207795397537565,2.131969485705628,-6.339764883243193
334,4,0,2.067697967535878,0.9043605953590153,1.1633373721768627
335,3,0,-0.2020462695937419,3.6310196714262792,-3.833065941020021
336,2,1,7.040097273714039,3.1204614496018497,3.9196358241121896
337,1,0,-2.100961611046931,3.0390550474520883,-5.14001665849902
338,0,1,4.811432427125262,3.1686749650159842,1.642757462109278
339,4,1,-2.515564532359795,1.7418662013737036,-4.257430733733498
340,3,1,2.8839177007860357,0.48379499075729493,2.400122710028741
341,2,1,-2.098871964809821,2.346635737416363,-4.445507702226184
342,1,1,8.250509519153216,3.7127154314494115,4.537794087703804
344,0,1,-0.3868512359527686,3.889755171757068,-4.276606407709837
346,4,0,1.348380156379583,-0.04239573899874438,1.3907758953783274
347,3,1,-0.7809099653421102,2.8921352424497027,-3.6730452077918128
348,2,0,8.310397112435396,3.5755915684165975,4.734805544018799
349,1,1,-3.7464571577020593,0.5847967075543821,-4.331253865256441
350,0,1,-22.932286329286818,-0.1270496037498683,-22.80523672553695
352,4,1,4.527306220124109,2.0675339713643908,2.4597722487597187
354,3,2,16.04051527228,4.924804701184681,11.11571057109532
355,2,2,4.596028046802882,2.894533283427972,1.7014947633749102
356,1,0,-2.17192748682631,0.4592392461068604,-2.6311667329331705
357,0,1,-1.8001477061764537,2.0451314217990553,-3.845279127975509
358,4,1,4.678950874621202,1.6520884904060948,3.026862384215107
359,3,2,10.098934806831013,2.5029036455260627,7.59603116130495
361,2,0,1.6531525962581792,2.5406372353080693,-0.8874846390498901
362,1,1,-1.5545875365857147,0.47058299814158655,-2.0251705347273012
365,0,0,1.324012252859735,3.6148714603662584,-2.2908592075065233
366,4,2,3.806421419040248,3.167569179368449,0.6388522396717993
367,3,1,19.731906638670363,3.804549480378908,15.927357158291455
368,2,1,6.341732762091091,0.6409312416681272,5.700801520422964
369,1,0,-0.7310896453406223,1.7662037308852736,-2.4972933762258958
370,0,1,6.822326132866702,4.205430169607826,2.6168959632588757
371,4,0,-0.2844020395885444,3.2757907878816104,-3.560192827470155
372,3,1,-0.945143599619505,2.483153776239865,-3.42829737585937
373,2,0,-3.0769241065632413,0.7153576066089185,-3.7922817131721596
374,1,1,9.047695987020251,4.3560672595726135,4.691628727447638
375,0,1,-6.996483907428094,0.5656128525768083,-7.562096760004902
376,4,2,6.6993711499239454,0.5378736574581453,6.1614974924658
377,3,0,1.1250915122242524,1.5846574980897385,-0.45956598586548614
378,2,0,1.0024800863041758,2.079765252600337,-1.0772851662961613
379,1,0,-0.1762107397885473,3.3890361304358296,-3.565246870224377
380,0,2,4.931216044857744,3.1114097590501686,1.8198062858075756
382,4,0,0.2084336263639827,2.895532896733955,-2.687099270369972
384,3,2,13.526723984097448,3.609116914209887,9.917607069887561
385,2,1,3.906790517315305,0.1717992771945256,3.734991240120779
386,1,1,-4.005734699334348,1.4120040803673966,-5.417738779701745
387,0,0,1.1691010178709351,3.077241016819909,-1.9081399989489738
388,4,1,-4.376283045608617,2.580518452241451,-6.956801497850068
390,3,1,5.871919658715586,3.7665518902923916,2.1053677684231946
391,2,0,0.5067074123150384,1.2504757391929053,-0.743768326877867
392,1,0,1.4206460666596237,2.0527293090260725,-0.6320832423664489
393,0,2,-26.540523090824777,-0.15787112815981885,-26.38265196266496
394,4,0,-1.2087085301255145,0.3589669560384925,-1.567675486164007
396,3,1,8.046210797919084,3.5260914587073957,4.520119339211688
397,2,0,1.7346322101266538,3.4257111950289234,-1.6910789849022696
398,1,2,15.389505098838097,1.8408609490877996,13.548644149750297
399,0,0,1.5200908707074516,1.5011549750071196,0.01893589570033205
400,4,1,4.300100722395043,0.8916051632731685,3.4084955591218744
401,3,0,1.6206786682537608,1.125736631769081,0.49494203648467994
402,2,2,13.466205752135082,2.9710262543916808,10.4951794977434
403,1,0,1.2226835635368816,0.8323434650307528,0.3903400985061287
404,0,0,1.3680802554386675,1.3933757586691131,-0.025295503230445604
405,4,2,6.686887870493389,0.5568259186909454,6.1300619518024435
406,3,2,-17.09315342230405,-0.3846860529421372,-16.708467369361912
407,2,1,5.014794967445642,2.633439079009778,2.381355888435864
408,1,0,-0.8066448646841696,0.20768536317064523,-1.0143302278548147
409,0,0,1.3141192998713185,2.269323378380588,-0.9552040785092697
410,4,0,0.9037181602112878,1.1139999497975421,-0.21028178958625432
411,3,0,0.7455345079002347,1.453789282280785,-0.7082547743805503
412,2,1,2.7849598028121907,0.5748464787071663,2.2101133241050244
413,1,0,2.2538454833546924,0.7235614943592854,1.530283988995407
414,0,1,0.7058608984748853,2.5887143990359633,-1.882853500561078
415,4,1,11.96438409324766,3.6825120038772727,8.281872089370387
416,3,1,8.693411085764101,4.034505336702788,4.658905749061313
417,2,1,10.352071477174349,3.2262726240169197,7.125798853157429
418,1,0,1.617553173810438,0.7512746998457969,0.8662784739646412
419,0,0,-0.3390453855004061,2.6241585350655687,-2.9632039205659746
420,4,0,7.4932406783516,3.979121419742099,3.514119258609501
422,3,0,3.836366781771823,2.16382946259735,1.6725373191744732
423,2,0,0.964213234494522,1.297737169900965,-0.333523935406443
427,1,0,0.6995520929619886,1.654144580602841,-0.9545924876408524
428,0,2,-11.72437733418025,0.24350286440248814,-11.967880198582739
429,4,0,0.9210734157778656,2.236683581583112,-1.3156101658052464
430,3,1,-4.227725970456204,2.24506750289879,-6.472793473354994
431,2,0,1.79654542508706,1.455059514243798,0.34148591084326196
432,1,0,0.8646879126833809,3.453074407978427,-2.588386495295046
433,0,1,2.6200486610043545,3.021865711431431,-0.4018170504270766
436,4,1,9.925304493519278,1.0480738524006323,8.877230641118645
437,3,2,8.192305145864482,1.1342185664847149,7.058086579379768
438,2,1,5.490232149364804,1.9656865032844795,3.524545646080324
439,1,2,-7.522946555176389,0.4485280241231504,-7.97147457929954
440,0,1,4.258168419207794,3.9947713043693835,0.26339711483841066
442,4,0,0.8628187827624425,2.978102012331995,-2.1152832295695525
443,3,0,2.9743832657876337,0.6934552278716888,2.280928037915945
445,2,0,-0.398243757448241,3.0443111636686555,-3.4425549211168964
446,1,0,-0.1051147274903042,0.36159511534163924,-0.46670984283194344
448,0,0,1.6828691011948775,2.419324306566608,-0.7364552053717306
449,4,1,-1.827449579703128,1.1648574811859804,-2.9923070608891083
454,3,1,6.066620139077452,3.0686532487988982,2.997966890278554
455,2,0,-3.1528363645692745,2.488982697557902,-5.641819062127176
456,1,0,0.3440197813098846,2.9723849786782086,-2.628365197368324
457,0,1,15.798897715425966,3.6435816608446343,12.15531605458133
458,4,0,0.83990731060085,1.1480152354626565,-0.3081079248618065
460,3,0,0.3657203759576327,3.349512832211255,-2.983792456253622
461,2,1,-5.178279480567546,-0.06171658720950601,-5.11656289335804
462,1,0,2.096825708202279,0.8765868462292516,1.2202388619730273
463,0,1,4.784408253900097,1.928695046315485,2.8557132075846123
464,4,0,-0.9332907181247776,3.3767161816059588,-4.310006899730737
465,3,0,-1.9327885537940503,2.218310982443175,-4.151099536237226
466,2,0,-2.3575964558980775,1.1827032131068278,-3.5402996690049053
467,1,1,11.102178556020858,4.667107132039876,6.4350714239809825
468,0,2,-6.495998092528705,1.204000127368571,-7.699998219897276
470,4,1,11.149690313927314,4.628415823849714,6.5212744900776
471,3,1,-14.284798210353983,-0.2922810682769299,-13.992517142077054
472,2,2,12.80587552651856,1.1624350539890176,11.643440472529543
473,1,1,9.810467181200847,4.4114620288723,5.399005152328547
474,0,0,2.217979216164358,1.943889875539441,0.2740893406249172
475,4,1,9.79901527199232,2.124706461086657,7.6743088109056625
476,3,1,-2.9587483017444645,1.8811647779068708,-4.839913079651335
477,2,1,7.634784883017882,4.382017312003834,3.252767571014048
478,1,2,9.78795245558348,2.669366949558156,7.118585506025323
479,0,1,8.315773580342297,3.932854943266575,4.382918637075722
481,4,0,1.8495645033865984,1.3095794489177035,0.5399850544688949
482,3,0,2.711884221015669,1.9681270862756586,0.7437571347400103
485,2,2,2.589392625114198,2.8887121494473478,-0.2993195243331499
486,1,0,3.794738345902529,4.226315071656551,-0.4315767257540224
488,0,0,0.2751481778791842,1.801068534658056,-1.5259203567788717
489,4,1,1.2987419537276572,3.3634283840163346,-2.0646864302886776
490,3,1,3.6992306470636422,2.3780135432941725,1.3212171037694698
491,2,0,0.7388117556612849,1.7776895810552038,-1.0388778253939188
492,1,1,-0.5495439259778372,1.08593715789338,-1.6354810838712173
493,0,2,16.51046871216874,3.424402120649021,13.086066591519721
494,4,1,15.9893406712132,2.7566153607755965,13.232725310437603
495,3,1,-2.9978764947415746,4.308408177275695,-7.306284672017269
496,2,1,4.384492337409419,1.490354578480279,2.8941377589291406
497,1,2,3.2781383499125365,3.538780976851254,-0.26064262693871765
498,0,1,11.553614291234773,3.28405335414647,8.269560937088302
500,4,2,13.511489545927292,3.3198473194152154,10.191642226512077
504,3,0,-2.19245174738026,4.184343698721529,-6.376795446101789
505,2,0,-0.4873542863353748,2.1276162422824463,-2.614970528617821
506,1,2,16.394943212976,4.811332941189791,11.583610271786208
507,0,1,2.2994996039855713,0.22182503276435028,2.077674571221221
509,4,2,15.0840661823025,1.1870483812178783,13.897017801084623
510,3,1,10.51408418622754,2.537756467938225,7.9763277182893155
511,2,0,2.8883516940842533,2.659199981839585,0.22915171224466846
512,1,0,0.3705892682066776,1.4903373818628962,-1.1197481136562186
513,0,2,5.585899487685075,3.034151589046698,2.551747898638377
514,4,1,0.0934425919862501,0.4257648400306462,-0.3323222480443961
516,3,0,-0.3445146336356475,1.9893004730377148,-2.333815106673362
517,2,1,2.1991990874618095,0.2834433990313501,1.9157556884304594
518,1,0,-0.7388511073636487,1.9727292380946753,-2.711580345458324
519,0,0,-2.387459567690144,2.1429266036950247,-4.530386171385169
521,4,1,9.585891360823512,3.6023019017742204,5.983589459049291
522,3,1,10.56135621269238,3.129167772697145,7.432188439995234
526,2,1,-0.5809215150881287,1.549625735284413,-2.130547250372542
528,1,2,10.040186967438464,2.5787722459916527,7.461414721446811
529,0,2,-9.589393786928346,-0.05602292462505609,-9.53337086230329
530,4,0,-2.553810718002591,1.2553963333468654,-3.8092070513494565
531,3,0,0.717400502007623,3.089558661482903,-2.37215815947528
532,2,1,7.1276173608471804,0.8607943317828046,6.266823029064376
533,1,1,6.539011311267024,3.160907879678585,3.378103431588439
534,0,0,-0.2801850391501541,2.58499740232255,-2.865182441472704
535,4,1,0.6540345522257444,0.9877630244445408,-0.3337284722187964
536,3,0,-0.0600783307870262,4.269379911025772,-4.329458241812798
539,2,0,1.8274167505569392,3.764813404350038,-1.9373966537930989
541,1,1,3.727376357424035,1.2476808713867127,2.479695486037322
542,0,1,1.5886409329035602,2.92284564276514,-1.3342047098615797
543,4,2,19.936904822717036,3.1129652910901706,16.823939531626866
544,3,0,1.1981496550611128,2.7395882135835796,-1.5414385585224668
545,2,0,1.8972265922525593,3.7981462909121904,-1.900919698659631
548,1,1,1.7480352421799965,2.99329097668238,-1.2452557345023834
549,0,1,6.076197049772484,3.0340928364641497,3.0421042133083347
551,4,1,6.715088073408859,0.8154565987148104,5.899631474694049
552,3,1,6.6893455412130525,2.669560760412268,4.0197847808007845
554,2,0,1.710297865624827,1.127768508220176,0.5825293574046511
555,1,0,1.3672087488338591,2.9377243580981895,-1.5705156092643304
556,0,1,-4.809267125733733,2.2189948869441714,-7.028262012677905
557,4,0,-0.8174374149579513,2.985182831184293,-3.8026202461422445
558,3,0,0.6496326858401873,3.0025134671699885,-2.352880781329801
560,2,0,0.8656104985597499,1.5554627679927302,-0.6898522694329803
561,1,0,1.0006132846349598,0.9454752005183042,0.05513808411665555
562,0,1,1.4521735782124008,2.100792752243185,-0.6486191740307841
563,4,0,3.0567838739758457,3.8955373236123862,-0.8387534496365405
564,3,0,0.5830553909789572,2.918745891294537,-2.33569050031558
565,2,1,5.8178018955598185,1.9428614511787714,3.874940444381047
566,1,1,-3.755263059669645,1.5496302502958783,-5.304893309965523
567,0,1,7.330264729154017,4.0145637774680605,3.3157009516859564
568,4,0,-0.7751985164373241,2.097774236986288,-2.8729727534236122
570,3,1,-1.63074509519206,1.7563027372114806,-3.3870478324035407
571,2,0,1.0165057404964923,1.2609809803433174,-0.24447523984682507
572,1,1,0.332478202673699,3.230686060001948,-2.8982078573282486
573,0,2,6.457855672273679,3.0315329361896497,3.426322736084029
574,4,1,-0.0507570295888854,-0.024193015623923397,-0.026564013964962004
575,3,2,6.473913174503046,0.5382164377670458,5.935696736736
576,2,1,4.2964719702708765,2.998349793165088,1.2981221771057885
577,1,1,6.555470204235635,4.127462084121984,2.4280081201136516
578,0,1,-0.1489328704942666,1.6910320980733742,-1.8399649685676407
579,4,2,16.331714855562005,4.4209388739671756,11.91077598159483
580,3,1,5.176080682672289,2.3011450399579867,2.8749356427143025
581,2,1,0.5398656979903829,2.3565787372304543,-1.8167130392400714
582,1,0,5.300614861677651,3.9876124707963747,1.3130023908812767
583,0,0,0.5012724693336539,2.471576063111352,-1.970303593777698
584,4,1,2.99223314695203,-0.016289380263546427,3.0085225272155762
586,3,1,-0.847498818002051,2.5221347568694963,-3.369633574871547
588,2,0,1.2899469778475192,2.083777630788239,-0.7938306529407197
589,1,0,1.6473863118177028,0.8666980929966499,0.7806882188210529
591,0,1,4.397626728505472,1.4976493668242967,2.899977361681175
592,4,2,12.870616105837437,4.097209074190859,8.773407031646578
594,3,0,0.4834968561957826,3.409879319927954,-2.9263824637321716
595,2,1,-2.600943542382947,1.6555477468149336,-4.25649128919788
596,1,0,0.7161394802034725,1.7857841937628498,-1.0696447135593772
597,0,1,-3.4887524109412578,1.9672643115229844,-5.456016722464242
600,4,0,1.055001563809881,3.419177538989129,-2.364175975179248
601,3,0,5.6694373717263655,2.307989312509509,3.3614480592168565
602,2,1,-1.2594017423100037,1.252277807740896,-2.5116795500509
603,1,1,0.7903986439014942,3.318455156933927,-2.528056513032433
604,0,0,1.4489736560169402,1.6078887069031031,-0.15891505088616298
606,4,0,-0.5868929201100204,3.1129658379591056,-3.699858758069126
607,3,2,-14.45643224135466,-0.44805898854283566,-14.008373252811825
608,2,2,16.531884012008117,3.4796998242605826,13.052184187747535
609,1,2,14.888134976523364,1.66419230774267,13.223942668780694
610,0,0,4.331904724449678,3.609090249256974,0.7228144751927039
611,4,1,5.080187920838214,3.9653744477439123,1.1148134730943018
612,3,1,-0.0538147419797857,2.7965295471754477,-2.8503442891552333
613,2,1,-2.775965353494375,1.1708769674468869,-3.9468423209412618
614,1,1,9.614542955042644,2.8512956564791767,6.763247298563467
615,0,0,0.4157013928741556,0.8179897030969696,-0.402288310222814
616,4,2,6.3085836780649025,2.3069467118375395,4.0016369662273625
617,3,1,3.426565103769029,3.40397276288855,0.0225923408804789
619,2,0,2.3179026731826444,1.7217230388694174,0.5961796343132271
621,1,0,-0.6869509587498591,0.4050132350001161,-1.091964193749975
622,0,1,2.2589756506065477,1.033257087783584,1.2257185628229637
624,4,0,0.6010429527339907,1.8268410181978512,-1.2257980654638605
625,3,0,0.1179793354255981,2.086515883162925,-1.968536547737327
626,2,2,11.671639113240811,2.2723683762156894,9.399270737025121
627,1,1,4.491487192288948,3.7402677169565246,0.7512194753324231
629,0,1,-2.7189318016648745,1.4586868532483273,-4.177618654913202
630,4,0,2.764363830247377,0.6876163720146935,2.0767474582326835
631,3,0,0.5260254570082612,1.1296705041776898,-0.6036450471694286
633,2,0,0.2294264997465323,3.4698428476746317,-3.2404163479280994
634,1,1,-1.3302019285763518,2.6921578270473243,-4.022359755623676
635,0,2,9.070389023076446,2.7452154519448495,6.325173571131597
636,4,1,-6.052443067055417,-0.03976820380958612,-6.012674863245831
637,3,1,5.051618256618787,1.1522373724532424,3.8993808841655446
638,2,0,0.487082767561199,1.810984682461935,-1.3239019149007358
639,1,0,0.6960323039849925,1.0700050184295626,-0.37397271444457014
641,0,1,12.49528667594882,3.227498465259389,9.267788210689432
642,4,0,-1.3197536033070276,2.9229794253081898,-4.242733028615217
643,3,1,-2.608946405633493,2.818890084748421,-5.427836490381914
644,2,0,0.0783945890984551,2.7232564188431034,-2.6448618297446482
647,1,1,3.3669892516832,-0.16924270716734435,3.536231958850544
648,0,0,2.106902198906298,1.3117304255072835,0.7951717733990145
649,4,1,-0.2090004488284635,1.0973857147145498,-1.3063861635430134
650,3,0,4.069812280233073,4.065240683907437,0.004571596325636307
651,2,1,3.1065917610238505,1.3330575345274727,1.7735342264963778
652,1,0,0.5982826126248048,2.142685220075661,-1.5444026074508561
653,0,1,-3.903301902510952,2.5973436136699535,-6.500645516180906
654,4,1,-10.971711278540438,-0.3625543064668757,-10.609156972073562
655,3,0,1.5703861434025217,2.2889761110712907,-0.718589967668769
656,2,1,2.1203804643362973,1.3382174939144016,0.7821629704218958
658,1,1,9.33498055264534,3.5109682845937336,5.824012268051607
659,0,2,8.960279183695583,3.8856539985838303,5.074625185111753
660,4,1,-5.360168680474862,-0.09305011481103209,-5.26711856566383
661,3,1,-4.594345880859099,3.43255982155911,-8.026905702418208
662,2,0,4.307226284184046,2.717503582521619,1.589722701662427
663,1,1,9.745605969461442,3.648924480484598,6.096681488976844
664,0,0,0.8944306801439813,3.2899105833745277,-2.3954799032305463
665,4,2,3.6118694230274255,3.0055211039192753,0.6063483191081502
666,3,0,-0.8439964707939269,2.823281380531709,-3.667277851325636
667,2,0,0.1992906644963946,2.736042558088041,-2.536751893591646
669,1,0,5.386087783147736,3.1197924269483126,2.2662953561994232
670,0,1,4.670775996466447,3.943807475915507,0.72696852055094
671,4,1,7.8758915109058,4.013482500908681,3.8624090099971182
672,3,1,3.971972799277294,1.0802665682946184,2.8917062309826758
673,0,3,2.806772680610201,-0.02653608361785631,2.8333087642280574
676,2,1,-0.6918773674865941,2.8369588455524517,-3.528836213039046
677,1,0,-2.8986768780792582,2.155154689099698,-5.053831567178957
678,0,2,-12.770932248831684,-0.06878612580564258,-12.702146123026042
679,4,0,0.9331903565922955,0.6427916664983411,0.29039869009395447
680,3,1,1.7088329592783018,0.4045768037209876,1.3042561555573142
681,2,1,-8.783447766343501,0.15606614837989596,-8.939513914723397
682,1,3,22.757660755376012,1.2617943005488306,21.49586645482718
683,1,0,0.4228523672635541,0.963548386022488,-0.540696018758934
684,0,0,1.7044531619938308,3.141616577189907,-1.4371634151960762
685,4,0,0.383051627845644,1.6866219203205164,-1.3035702924748724
687,3,0,1.3503345193931815,0.6013028830528504,0.7490316363403311
688,2,1,14.228506608877874,2.9228345679432217,11.305672040934653
689,1,0,-0.7314716103338866,1.4960681734916652,-2.2275397838255517
690,0,0,0.905574144277884,2.080365747427727,-1.1747916031498429
692,4,0,6.265249666218587,4.569990431212558,1.695259235006029
693,3,1,4.299278584840366,0.7721220828091879,3.5271565020311777
695,2,1,-0.0508373091377297,3.409070251653578,-3.4599075607913075
696,1,2,-17.95996480074815,-0.5866289563579952,-17.373335844390155
697,0,0,0.5799114285342911,1.7986361982654355,-1.2187247697311445
698,4,0,4.0414877867245025,4.037718980646172,0.0037688060783303
700,3,2,15.061604195471288,3.2432399952495468,11.81836420022174
701,2,1,-3.95941235545016,0.8046220208895369,-4.764034376339697
702,1,1,-2.278356059618149,0.5172463913994878,-2.795602451017637
703,0,0,-3.147181016272911,1.8274667709886003,-4.974647787261511
704,4,2,10.163385981598424,3.8624490958023165,6.300936885796107
705,3,1,-0.2840257227361739,1.702537224267175,-1.9865629470033488
706,2,1,-20.570097331544577,-0.3089874744411496,-20.261109857103428
708,1,0,0.5458260998393052,1.1153748880519705,-0.5695487882126653
709,0,2,3.4148488780794897,3.339470863254731,0.07537801482475848
710,4,1,-8.11310262931144,0.13705500620804267,-8.250157635519482
711,3,0,-1.312592742648399,0.7186796975592424,-2.0312724402076414
713,2,1,5.860740595120556,2.2300054581639746,3.6307351369565817
714,1,0,1.5197503976992794,1.0593478731328934,0.4604025245663861
715,0,1,0.6077820425480549,1.6289673455780223,-1.0211853030299674
716,4,1,-1.4937102224886205,0.5946677579824033,-2.088377980471024
718,3,2,13.650507383370424,3.427730597046345,10.22277678632408
719,2,0,4.550483780633092,1.485364614865253,3.065119165767839
720,1,0,-0.4257332847211276,2.6163472747651952,-3.042080559486323
721,0,1,2.1566167871903668,3.196939251767951,-1.0403224645775841
722,4,0,1.6663256277858665,1.6852899395971797,-0.018964311811313195
724,3,1,3.088815424859329,3.069893348543686,0.01892207631564302
725,2,3,26.129853091275,4.583515268804575,21.546337822470424
726,2,0,-0.461681556523551,2.634037415623513,-3.095718972147064
727,1,1,-1.057615264516771,1.102514754205849,-2.16013001872262
728,0,0,0.4403484952588766,1.9595742970715795,-1.519225801812703
729,4,0,0.635514626649855,2.164160527188329,-1.5286459005384738
730,3,0,-2.4504027222983917,3.088310554527058,-5.538713276825449
732,2,0,1.1019948840516227,1.6406368249673047,-0.538641940915682
735,1,0,0.6103699879062376,0.4526063892273273,0.15776359867891032
736,0,2,18.50280546627156,2.5297269975783174,15.973078468693243
738,4,1,-0.4273194407487601,2.437930099524427,-2.865249540273187
739,3,0,-0.6468783965928157,3.5237589379409586,-4.170637334533774
740,2,0,-0.955145432560908,2.7404271146459678,-3.6955725472068757
741,1,1,8.476121392745391,1.3834747209198026,7.092646671825588
742,0,1,5.523226388474309,1.0754443210313371,4.447782067442972
743,4,0,2.606075469912123,4.000315759064118,-1.3942402891519947
744,3,1,0.5693650642889898,2.849401253602144,-2.2800361893131544
745,2,2,26.865313655756527,4.330521893415739,22.534791762340788
746,0,3,3.2895715054266974,-0.02653608361785631,3.3161075890445537
747,1,1,1.5028684519430775,3.3503090950388543,-1.8474406430957768
748,0,0,-1.6283319836153345,3.04370596427578,-4.6720379478911145
749,4,0,1.8597774034937589,1.730084932276655,0.12969247121710392
751,3,0,-2.287383312813275,2.927131711524144,-5.21451502433742
752,2,1,-9.314437127284378,0.1257062704950873,-9.440143397779465
753,1,2,13.989225006997357,3.7651252183850934,10.224099788612264
755,0,0,2.3754457897031855,3.726701992749832,-1.3512562030466464
756,4,2,-15.936977352906435,-0.4233111919520378,-15.513666160954397
757,3,0,0.0852418697255208,3.1592330653585856,-3.0739911956330648
759,2,1,3.43264124846944,0.6017884895358727,2.8308527589335672
761,1,1,7.121235377247608,2.275036149360197,4.846199227887411
762,0,1,4.7272237818933,4.166037989733248,0.5611857921600523
764,4,0,-1.0618892272916214,0.47793466076477986,-1.5398238880564012
765,3,0,-0.3729990832661296,2.8034279530819273,-3.176427036348057
767,2,1,-3.274969611653803,1.8981587945764558,-5.1731284062302585
768,1,2,14.61668326809198,4.328421994287106,10.288261273804874
770,0,1,-3.2454893790470583,1.878518208991113,-5.124007588038172
772,4,2,13.091836702858194,4.086201751774831,9.005634951083362
773,3,2,17.544671789783653,2.2332787907672813,15.311392999016372
774,2,1,1.5742983670436643,0.9476487530591067,0.6266496139845577
775,1,1,7.246192869164236,0.21352231172494318,7.032670557439293
776,0,0,2.546820886698744,2.5954840077650823,-0.04866312106633819
777,4,2,-25.99238557237956,-0.5267058703918805,-25.465679701987682
778,3,1,-3.5858755168931773,2.157213912941839,-5.743089429835017
779,2,0,-0.7673401634236995,0.42433893836857317,-1.1916791017922725
780,1,1,1.716538856291156,0.21121926371414346,1.5053195925770126
781,0,1,7.811120302546574,2.602036240216846,5.209084062329728
782,4,1,-4.515720221734968,1.6630767211921882,-6.178796942927156
783,3,1,8.126521045415299,4.832045438819008,3.294475606596291
785,2,0,-1.0807381311925006,3.598728547079272,-4.679466678271773
786,1,0,3.118219561021605,0.5535848453750554,2.56463471564655
787,0,2,14.371732585859078,3.8596485175310873,10.51208406832799
788,4,1,7.525534721600305,2.8513193596760553,4.67421536192425
789,3,1,-3.3568743282338027,2.134086146880546,-5.490960475114349
790,2,0,1.1778607479870675,1.6230478970000628,-0.4451871490129953
791,1,1,7.951476000487669,3.7815480646200754,4.169927935867594
793,0,3,2.971598008675337,-0.02653608361785631,2.9981340922931934
794,0,3,3.426222632211853,-0.02653608361785631,3.4527587158297095
795,0,1,-4.115377306958154,0.9827622854287064,-5.09813959238686
797,4,0,0.7601145033285261,1.0123507464263448,-0.25223624309781867
798,3,2,18.80061906338077,4.219667901590702,14.580951161790066
799,2,1,11.420725983068486,2.944531898543099,8.476194084525387
800,1,0,0.9275377771284452,3.1860763561453442,-2.258538579016899
801,0,1,-0.6748561740843141,2.4058134405678544,-3.0806696146521686
803,4,0,1.0457607354963,1.379275732639465,-0.3335149971431648
804,3,0,3.759457728803704,2.215972643783287,1.543485085020417
805,2,0,4.703611230511554,3.3937919079026644,1.30981932260889
806,1,1,-0.4206075394507514,2.9296715465108485,-3.3502790859616
807,0,1,13.268464854579635,3.504297527037754,9.76416732754188
810,4,1,3.1952200257851375,3.146232667820512,0.04898735796462539
811,3,0,0.3436851792942252,0.6652950025749311,-0.3216098232807059
813,2,0,0.7300506220775151,1.0710513561827557,-0.34100073410524057
815,1,1,2.4651032642348323,2.6807223094403136,-0.21561904520548136
816,0,1,6.028361090969503,1.4503200189134455,4.578041072056058
818,4,1,5.49910021807276,-0.03176376525370639,5.530863983326467
820,3,2,-10.794292187665016,-0.13089603108781,-10.663396156577207
821,2,1,7.621461947411766,4.3547143939553195,3.2667475534564465
822,1,0,0.0585858401652603,1.924878485829655,-1.8662926456643947
824,0,0,-0.1311316309637975,3.506254850888758,-3.6373864818525554
825,4,2,3.86914277790119,3.0240272918322617,0.8451154860689285
826,3,0,4.003638428914972,1.2550624833237105,2.748575945591261
827,2,2,-26.886734772723916,-0.3834843381915305,-26.503250434532386
828,1,1,-3.025390886415799,-0.4180319793170022,-2.6073589070987966
829,0,0,1.469935266891329,2.877480294848454,-1.4075450279571249
830,4,0,1.9968559825000056,1.5841496521975817,0.4127063303024239
831,3,0,-0.658678729934401,3.1315549304790595,-3.7902336604134605
833,2,0,1.6853547120790329,1.6689333991570505,0.016421312921982345
834,1,0,-2.216722894210255,3.137173295322193,-5.353896189532448
835,0,1,-7.758954282918421,0.4801027363783592,-8.23905701929678
837,4,1,4.746253739418848,2.1081567017928737,2.6380970376259745
839,3,0,10.316439365625676,2.646877945991118,7.669561419634558
840,2,0,0.6709172864186387,1.5796413092871742,-0.9087240228685355
841,1,1,0.992572326327251,0.7191719810887123,0.27340034523853873
842,0,1,7.89303528290639,3.240289692824386,4.652745590082004
843,4,1,2.549382250608329,1.819076412201556,0.7303058384067729
844,3,0,4.418114427481759,1.739045953528168,2.6790684739535915
845,2,1,8.385309054369284,2.9530732213984896,5.432235832970794
846,1,0,-0.0149645900516815,2.897665454935453,-2.9126300449871345
847,0,0,-1.1715520607801464,1.44151007505357,-2.6130621358337165
848,4,1,5.020623760454271,3.8811168968443694,1.1395068636099013
849,3,1,14.83068934666258,3.877918247754722,10.95277109890786
850,2,0,-0.1040996318530439,1.2225070460492486,-1.3266066779022925
851,1,2,6.354085208077968,3.98721966925969,2.3668655388182778
852,0,0,-1.0676779690412197,2.0269797516267554,-3.094657720667975
853,4,1,-3.0173816522852572,1.1444083941174292,-4.161790046402686
854,3,0,-2.392965662664767,3.4252922663925784,-5.818257929057346
856,2,0,-2.027517290812415,3.6389770415342344,-5.66649433234665
858,1,1,-3.4223364718644436,1.648722734910591,-5.071059206775034
859,0,1,-4.092665584811442,1.1092081448259274,-5.20187372963737
861,4,0,0.2747188676105332,1.8222695244294869,-1.5475506568189537
862,3,0,3.243858947676044,2.406852983722096,0.8370059639539482
863,2,2,5.699758686696793,0.4780358166471328,5.2217228700496605
866,1,0,-0.4319421536138669,0.6428776045426638,-1.0748197581565306
867,0,2,10.047919151417847,4.765616280307032,5.282302871110815
869,4,1,6.16374257548077,0.5822351309197631,5.581507444561007
872,3,2,-3.2389673562551384,1.832360638940669,-5.071327995195808
874,2,1,1.3810006131214327,0.1447386682243561,1.2362619448970766
876,1,2,6.493326872092334,2.2494339447366065,4.243892927355727
878,0,1,-4.060902440893102,2.587314223267164,-6.648216664160266
879,4,1,-1.9261996966994297,0.5721240370665859,-2.4983237337660156
880,3,1,1.534699900033916,2.462164307804661,-0.9274644077707448
882,2,0,0.537457631909506,3.1384707868194353,-2.6010131549099293
883,1,1,-4.0185546348896874,0.6898274662505677,-4.708382101140256
884,0,1,3.0240459045520285,3.734762841171387,-0.7107169366193586
885,4,0,0.2591007033215177,1.5676259033911637,-1.3085252000696461
886,3,1,-2.8406506417527577,1.395523961190599,-4.236174602943357
887,2,0,0.9884624368089197,3.375076025212993,-2.3866135884040736
888,1,1,5.61801707681542,1.8951415760445327,3.722875500770887
889,0,2,6.687156206872883,4.066917434065918,2.6202387728069647
890,4,2,4.126648884363895,4.260482968904203,-0.13383408454030743
892,3,1,11.260070098065729,4.739687865472827,6.520382232592902
893,2,0,0.063596700549143,2.835342520943417,-2.771745820394274
894,1,1,8.779212606603801,4.473449961863576,4.305762644740225
895,0,2,-12.504574587402947,-0.0639153321065642,-12.440659255296383
896,4,2,12.988785223130956,4.129922587636871,8.858862635494084
898,3,1,-5.409063065475539,3.5945888353914057,-9.003651900866945
899,2,1,11.054811180604922,2.428970885419971,8.62584029518495
901,1,3,21.436515373868197,1.2617943005488306,20.174721073319365
902,1,0,1.1762015841888287,0.02490461221039242,1.1512969719784363
903,0,1,3.5658632969488795,1.0168250020646958,2.5490382948841837
904,1,3,21.850197363558244,1.2617943005488306,20.588403063009412
905,4,0,-2.7408952176440495,2.916147687736442,-5.657042905380491
906,3,1,0.3714918394448843,1.0672584701819825,-0.6957666307370982
909,2,0,1.068289093911576,3.2887353113875113,-2.2204462174759354
910,1,0,0.9193795651422814,2.82877372512241,-1.9093941599801287
911,0,1,6.1645762546973675,2.571399669524633,3.5931765851727344
912,4,1,3.999543689803323,1.7339657872239582,2.2655779025793645
913,3,1,3.51731036314872,3.126525826240003,0.39078453690871706
915,2,1,0.7354923391552284,3.3162943996456304,-2.5808020604904023
916,1,1,-18.87351350796365,-0.5590318574300239,-18.314481650533626
917,0,1,6.780255794187001,1.693851393632646,5.086404400554355
919,4,0,-2.3785343738287708,1.3940101509043321,-3.772544524733103
920,3,1,12.161506177636586,4.894483947944358,7.267022229692228
921,2,2,12.750187019389646,3.9516544293717972,8.79853259001785
922,1,2,3.8062285994827594,-0.3409581003534847,4.147186699836244
923,0,1,9.255849361918472,4.580032365619974,4.675816996298497
926,4,0,0.5067205870413218,3.5415610068633168,-3.034840419821995
927,3,0,6.182528506637501,3.8648066399178544,2.317721866719647
928,2,1,-3.1701278440210485,2.7372205630801094,-5.907348407101158
929,1,0,7.573015251272147,2.5827882826463617,4.990226968625786
930,0,2,2.3046139700887247,3.0676958183153697,-0.763081848226645
931,4,0,4.122939564865458,2.3433056924462643,1.7796338724191938
932,3,0,1.1649980530838404,1.6872921810725383,-0.5222941279886979
933,2,0,1.4964944782386889,2.442334714649233,-0.945840236410544
934,1,0,1.8634595020574252,2.4569051502013637,-0.5934456481439385
936,0,0,0.4539068569712794,1.8847686620911102,-1.4308618051198307
937,4,2,6.502314175863274,0.9256100252356589,5.576704150627616
939,3,1,7.393277431146005,2.395343578978744,4.997933852167261
944,2,1,5.838520975426656,1.3361985690672853,4.5023224063593705
945,1,0,1.1320018411481985,0.8195617827302493,0.3124400584179492
946,0,0,0.2061333470225153,3.083685437855142,-2.8775520908326264
947,4,1,0.6023115513080181,3.406613745293725,-2.804302193985707
950,3,1,-16.540352907452363,-0.45340710312907007,-16.086945804323292
951,2,2,21.10241666576716,2.920332518138972,18.18208414762819
952,1,0,-3.0965642621567246,3.1557590088890066,-6.252323271045731
953,0,1,-4.081127994817938,0.9421498219497237,-5.023277816767662
955,4,0,0.7259557926458544,1.01921266249194,-0.29325686984608557
956,3,1,3.617671201967517,4.046048115201652,-0.4283769132341346
957,2,0,4.803489034458557,4.169256234597352,0.6342327998612047
958,1,0,0.8346239801401599,1.3597554844821937,-0.5251315043420338
959,0,0,0.7751292596502243,2.601168366897888,-1.8260391072476638
960,4,0,1.3588245060665674,3.019092978598865,-1.6602684725322978
961,3,0,-0.7908432660578233,2.244451734492926,-3.0352950005507493
962,2,1,-1.6755798858605404,4.249850844527102,-5.925430730387642
963,1,2,6.624623148806171,0.9057243339709697,5.718898814835201
964,0,0,3.948767573538406,3.829610364302793,0.1191572092356128
965,4,0,5.145369545792032,0.9024264182301089,4.242943127561922
966,3,1,-3.5324176411929264,1.1677559762769172,-4.700173617469844
967,2,1,8.002137466673252,3.5234898186004173,4.478647648072835
968,1,1,5.151330928030495,1.8057922766598902,3.345538651370605
969,0,1,-3.810137301482466,1.146390189535265,-4.956527491017731
970,4,2,3.6362804006714544,3.7701004142228234,-0.13382001355136897
971,3,0,-1.3596752003130863,3.6197640772322677,-4.979439277545354
972,2,1,-7.7278427611629805,1.5017822115025043,-9.229624972665485
973,1,1,-0.8936660589365272,0.022351971137719584,-0.9160180300742468
975,0,0,0.5048547044260457,2.389114595710898,-1.8842598912848523
976,4,0,2.2182719191861904,0.402777092671716,1.8154948265144744
977,3,1,7.128876142262689,3.92783889792602,3.2010372443366686
978,2,0,0.3923143094952701,1.7524841203306838,-1.3601698108354137
979,1,0,0.7982103203681934,1.537330979477099,-0.7391206591089057
980,0,2,-16.083046139424468,-0.08606941462534534,-15.996976724799122
981,4,1,2.3680294962670954,0.2583905926874557,2.10963890357964
982,3,2,-20.009182381923868,-0.5250068224419326,-19.484175559481933
983,2,1,7.549693265689504,3.7665057958367623,3.7831874698527415
984,1,2,12.737401912147003,1.836794595518841,10.900607316628163
987,0,1,-1.2835802277905637,3.194264382083164,-4.477844609873728
988,4,1,5.356547729569361,4.653442374797422,0.7031053547719397
989,3,1,13.725741234349709,4.85266257421528,8.873078660134428
990,2,1,9.841548840504114,3.4719998087820256,6.369549031722088
991,1,0,2.9999062961483483,1.7139696121336947,1.2859366840146536
992,4,2,12.625971183370485,4.633409373739518,7.992561809630967
993,3,0,1.063465622154788,3.7789147407081405,-2.7154491185533525
994,2,0,0.0807215052239622,2.482434161996983,-2.4017126567730207
996,4,0,1.6250519928490974,0.7959904103928452,0.8290615824562522
997,3,0,-2.41425776528527,4.019920185127702,-6.434177950412972
998,4,2,2.2798596126867285,4.388568413543726,-2.108708800856997
999,3,1,0.4764481114070479,1.237891088989794,-0.7614429775827461
