problem,candidate,seed,train_mse,validation_mse,validation_r2,converged,boundary_mse,interior_mse,heavy_boundary_mse
var1,current_lasso,7,0.21989016827150487,0.3380226170436517,0.966286337923972,True,0.3432212191570913,0.30163240224957455,0.3415715935801694
var1,current_lasso,19,0.2199319792564097,0.3419831145529146,0.9658913262651427,True,0.34829275760779205,0.29781561316877236,0.37338376303396814
var1,current_lasso,43,0.22053316821015376,0.33073046349204,0.9670136419215438,True,0.33612509402326013,0.2929680497734989,0.3400450767351403
var1,current_lasso,71,0.21982209477354045,0.3479565342295149,0.9652955499997066,True,0.3535573088414912,0.3087511119456804,0.37272810828335107
var1,current_lasso,101,0.21937473291612894,0.33000574719558967,0.9670859235946851,True,0.33348821221408553,0.3056284920661192,0.34128168439134343
var1,sparse_refit,7,0.2412554262801035,0.3311711061606616,0.9669696931522097,True,0.3367625023780616,0.2920313326388617,0.33405751760958247
var1,sparse_refit,19,0.2407972897881528,0.34542212373760167,0.9655483267506637,True,0.3536967311864115,0.2874998715959324,0.3727490880689594
var1,sparse_refit,43,0.23989148303413158,0.3404731028941552,0.966041931639539,True,0.3476789559936919,0.29003213119739824,0.3631355979862312
var1,sparse_refit,71,0.24015918667980812,0.3476560899006989,0.9653255156826628,True,0.355742351358255,0.2910522596978064,0.37827655927291115
var1,sparse_refit,101,0.24226272708919533,0.3368413325315792,0.966404156746878,True,0.34331568247427907,0.29152088293268075,0.33953969110296006
var1,elastic_net,7,0.2080924633839237,0.343723422729039,0.9657177516023845,True,0.34914960630368996,0.30574013770648223,0.3464138635520356
var1,elastic_net,19,0.20927653674838292,0.34579612791826136,0.9655110243634091,True,0.3523280131627831,0.3000729312066094,0.3828883534298975
var1,elastic_net,43,0.20927736913253386,0.33664953227892913,0.9664232864990836,True,0.34217873960593037,0.29794508098992084,0.3444911762142231
var1,elastic_net,71,0.20903211174965755,0.3513661863518916,0.9649554784966339,True,0.35707314734952017,0.311417459368491,0.379178322044862
var1,elastic_net,101,0.20849279549212896,0.3387740692815687,0.9662113896644828,True,0.3423713209172577,0.3135933078317456,0.3513290414475683
var1,stronger_lasso,7,0.24088309195195956,0.3422425908284507,0.965865446649315,True,0.34834617095947057,0.2995175299113114,0.34973821792291754
var1,stronger_lasso,19,0.24056650978645094,0.34898904238637257,0.9651925698163227,True,0.3567154882345439,0.2949039214491737,0.3769517268125692
var1,stronger_lasso,43,0.24137370252046683,0.33942355235694394,0.9661466115939537,True,0.34637872904407185,0.2907373155470484,0.3596122556122265
var1,stronger_lasso,71,0.2414975658969932,0.3567588430443429,0.9644176263049331,True,0.3641904589911064,0.30473753141699833,0.38521072201711837
var1,stronger_lasso,101,0.24155172871366046,0.3377700559303456,0.9663115278361205,True,0.34338857104182646,0.2984404501499797,0.3517520385165927
var1,boundary_weighted,7,0.23558880265559906,0.3793364436256958,0.9621657840964309,True,0.3901836217598595,0.3034061966865502,0.3773467995508323
var1,boundary_weighted,19,0.23588812305856535,0.37916555787499717,0.9621828278803738,True,0.39089485112967215,0.2970605050922721,0.39935006198019496
var1,boundary_weighted,43,0.23643179339829107,0.3646137771906336,0.9636341917591812,True,0.3743818314262046,0.29623739754163664,0.3644023719997866
var1,boundary_weighted,71,0.2341092503552932,0.39297501869028245,0.9608055014178709,True,0.4039367422105402,0.3162429540484786,0.4169515908011711
var1,boundary_weighted,101,0.23663245856709825,0.3602790109302228,0.9640665321929669,True,0.36687340437474836,0.3141182568185442,0.3427186242452069
var1,average_lasso_sparse,7,0.2265228853889632,0.328600032418691,0.9672261266183116,True,0.3333326119070485,0.2954719760001887,0.32715765859679563
var1,average_lasso_sparse,19,0.2264640086761563,0.33787987095820354,0.9663005751171208,True,0.34465034694545776,0.2904865390474242,0.36266768510457065
var1,average_lasso_sparse,43,0.22643568218289115,0.3305669568857668,0.967029949725203,True,0.33638001674642715,0.28987553786114506,0.34348963535834703
var1,average_lasso_sparse,71,0.22613763340049733,0.3416771530951806,0.9659218422148875,True,0.34785117330807414,0.2984590116049259,0.3658731866119585
var1,average_lasso_sparse,101,0.22679554388803633,0.32768813935326735,0.9673170769071593,True,0.33205478843485003,0.29712159578218894,0.3318905579826587
