problem,candidate,seed,fold,rows,converged,validation_mse,validation_r2
var2,current_ridge,7,0,163,True,0.32420806907398225,0.9944609611669792
var2,current_ridge,7,1,159,True,0.25007983693581814,0.9931062525774799
var2,current_ridge,7,2,158,True,0.23919465367418571,0.9930998453628627
var2,current_ridge,7,3,160,True,0.27094773463241506,0.9933536398409877
var2,current_ridge,7,4,158,True,0.26616104218878023,0.9918563600570582
var2,current_ridge,19,0,162,True,0.30656596656372126,0.9921752958816876
var2,current_ridge,19,1,159,True,0.23390395578949633,0.9942331131244772
var2,current_ridge,19,2,160,True,0.31647914987910775,0.9898456575343156
var2,current_ridge,19,3,159,True,0.2964840939215493,0.9937618853521658
var2,current_ridge,19,4,158,True,0.21039944745460612,0.9952733785523887
var2,current_ridge,43,0,159,True,0.22994405857883765,0.9942748826203396
var2,current_ridge,43,1,161,True,0.34072030430759986,0.9921472857211829
var2,current_ridge,43,2,161,True,0.22957957620087138,0.9944874102182624
var2,current_ridge,43,3,158,True,0.26949323969645417,0.9919707019777624
var2,current_ridge,43,4,159,True,0.2603934730223834,0.9941402362060479
var2,current_ridge,71,0,162,True,0.3347739970296684,0.9907539098204379
var2,current_ridge,71,1,160,True,0.27389094852591855,0.9921682839604187
var2,current_ridge,71,2,158,True,0.28241820057295147,0.9938808842084006
var2,current_ridge,71,3,158,True,0.27554773150494843,0.9927210715718049
var2,current_ridge,71,4,160,True,0.2349349759995249,0.9950085204891689
var2,current_ridge,101,0,159,True,0.31984234152910695,0.992581136249677
var2,current_ridge,101,1,165,True,0.2091248741738319,0.9953160693348128
var2,current_ridge,101,2,158,True,0.31572290434630934,0.9925445100074163
var2,current_ridge,101,3,158,True,0.2815931818683441,0.9926612608471442
var2,current_ridge,101,4,158,True,0.26945255975080284,0.9915084866297914
var2,sparse_refit,7,0,163,True,0.34405906674638354,0.9941218103022408
var2,sparse_refit,7,1,159,True,0.2423773859927823,0.9933185797766105
var2,sparse_refit,7,2,158,True,0.2543541153772379,0.9926625336238248
var2,sparse_refit,7,3,160,True,0.27760464049118055,0.9931903456398311
var2,sparse_refit,7,4,158,True,0.27186609318472527,0.9916818045293783
var2,sparse_refit,19,0,162,True,0.33188807962258,0.9915289813394801
var2,sparse_refit,19,1,159,True,0.2270775862684773,0.9944014168227423
var2,sparse_refit,19,2,160,True,0.30390145539231356,0.9902492171915519
var2,sparse_refit,19,3,159,True,0.2641050482581358,0.9944431502266629
var2,sparse_refit,19,4,158,True,0.218476799755037,0.9950919209150945
var2,sparse_refit,43,0,159,True,0.2183502310718942,0.9945635442355473
var2,sparse_refit,43,1,161,True,0.3593503554902281,0.9917179116360834
var2,sparse_refit,43,2,161,True,0.24817240835285775,0.9940409652067735
var2,sparse_refit,43,3,158,True,0.2699421840666762,0.991957326101811
var2,sparse_refit,43,4,159,True,0.24775219137849394,0.994424709252266
var2,sparse_refit,71,0,162,True,0.37193319782753287,0.9897276134992601
var2,sparse_refit,71,1,160,True,0.2886873153890023,0.991745192418647
var2,sparse_refit,71,2,158,True,0.25857507517488026,0.9943974898834189
var2,sparse_refit,71,3,158,True,0.2922602224730026,0.9922795907984052
var2,sparse_refit,71,4,160,True,0.23884742673807463,0.9949253957112787
var2,sparse_refit,101,0,159,True,0.33521422383848787,0.9922245796415241
var2,sparse_refit,101,1,165,True,0.21724712369008206,0.9951341490647838
var2,sparse_refit,101,2,158,True,0.2998301611359661,0.9929198017152027
var2,sparse_refit,101,3,158,True,0.2923433135850709,0.9923810963488263
var2,sparse_refit,101,4,158,True,0.26124121474053824,0.9917672585115896
var2,elastic_net,7,0,163,True,0.3613748447443655,0.9938259732275229
var2,elastic_net,7,1,159,True,0.24481475218913676,0.9932513908854959
var2,elastic_net,7,2,158,True,0.25386009060233994,0.9926767849763907
var2,elastic_net,7,3,160,True,0.277463023767862,0.9931938195044455
var2,elastic_net,7,4,158,True,0.27654775302305634,0.9915385613569547
var2,elastic_net,19,0,162,True,0.3164300149264017,0.9919235286659336
var2,elastic_net,19,1,159,True,0.23502760939186687,0.9942054095177113
var2,elastic_net,19,2,160,True,0.3041008341232029,0.9902428200563391
var2,elastic_net,19,3,159,True,0.25742235404727193,0.9945837561259284
var2,elastic_net,19,4,158,True,0.21570288999480364,0.9951542367696515
var2,elastic_net,43,0,159,True,0.2178193194938819,0.9945767628032334
var2,elastic_net,43,1,161,True,0.3561382543984648,0.991791942187798
var2,elastic_net,43,2,161,True,0.2470917215908115,0.9940669143042512
var2,elastic_net,43,3,158,True,0.2701236661418438,0.9919519190137932
var2,elastic_net,43,4,159,True,0.26061703068121733,0.9941352053768957
var2,elastic_net,71,0,162,True,0.36123922905152467,0.9900229691737082
var2,elastic_net,71,1,160,True,0.2965815688933599,0.9915194618783596
var2,elastic_net,71,2,158,True,0.26497361741223163,0.9942588535605177
var2,elastic_net,71,3,158,True,0.27647074485397877,0.9926966890516906
var2,elastic_net,71,4,160,True,0.24069447182684747,0.9948861529902792
var2,elastic_net,101,0,159,True,0.3363443692151681,0.9921983654932424
var2,elastic_net,101,1,165,True,0.207750923764509,0.9953468427589695
var2,elastic_net,101,2,158,True,0.309197473624325,0.9926986017213063
var2,elastic_net,101,3,158,True,0.29341410783643407,0.9923531898503628
var2,elastic_net,101,4,158,True,0.26884434207137226,0.9915276539687904
var2,degree9_ridge,7,0,163,True,0.28075156163551107,0.9952034080867511
var2,degree9_ridge,7,1,159,True,0.25582977922416456,0.992947748596049
var2,degree9_ridge,7,2,158,True,0.24351806306110405,0.9929751260479819
var2,degree9_ridge,7,3,160,True,0.2774953868892062,0.9931930256356184
var2,degree9_ridge,7,4,158,True,0.2839940538943531,0.9913107293921263
var2,degree9_ridge,19,0,162,True,0.32627941969589586,0.9916721352091625
var2,degree9_ridge,19,1,159,True,0.24808582288077144,0.9938834601101746
var2,degree9_ridge,19,2,160,True,0.3446838643996899,0.9889406995599964
var2,degree9_ridge,19,3,159,True,0.3053034355547785,0.9935763237474983
var2,degree9_ridge,19,4,158,True,0.21697759612231562,0.9951256005094589
var2,degree9_ridge,43,0,159,True,0.25268927378813194,0.9937085751988578
var2,degree9_ridge,43,1,161,True,0.35577459764558494,0.991800323527389
var2,degree9_ridge,43,2,161,True,0.23489303995975566,0.9943598250623544
var2,degree9_ridge,43,3,158,True,0.28286006796191965,0.9915724498810627
var2,degree9_ridge,43,4,159,True,0.25716516735594835,0.9942128843736091
var2,degree9_ridge,71,0,162,True,0.34486810308355975,0.9904751216956599
var2,degree9_ridge,71,1,160,True,0.2825719112202937,0.9919200580327696
var2,degree9_ridge,71,2,158,True,0.316830714973096,0.9931352730549149
var2,degree9_ridge,71,3,158,True,0.2619312432388554,0.9930807676687059
var2,degree9_ridge,71,4,160,True,0.2716270512805251,0.9942289526909056
var2,degree9_ridge,101,0,159,True,0.30193406941952694,0.9929965253759244
var2,degree9_ridge,101,1,165,True,0.22959756000590104,0.9948575268426946
var2,degree9_ridge,101,2,158,True,0.32265534612710906,0.9923808071223565
var2,degree9_ridge,101,3,158,True,0.30029056228044093,0.9921739791708775
var2,degree9_ridge,101,4,158,True,0.2828868896888327,0.9910851178839385
var2,average_ridge_sparse,7,0,163,True,0.33215796220002153,0.9943251386167594
var2,average_ridge_sparse,7,1,159,True,0.24228925050114938,0.9933210093360093
var2,average_ridge_sparse,7,2,158,True,0.24537395160210979,0.9929215884052064
var2,average_ridge_sparse,7,3,160,True,0.27221895552888703,0.9933224567350242
var2,average_ridge_sparse,7,4,158,True,0.26792727728030336,0.9918023191556488
var2,average_ridge_sparse,19,0,162,True,0.31568969561451715,0.9919424243693069
var2,average_ridge_sparse,19,1,159,True,0.22852571093817972,0.9943657134028338
var2,average_ridge_sparse,19,2,160,True,0.30803523353427464,0.9901165834968941
var2,average_ridge_sparse,19,3,159,True,0.27780493977623805,0.9941549003822195
var2,average_ridge_sparse,19,4,158,True,0.2126827793103098,0.9952220835254685
var2,average_ridge_sparse,43,0,159,True,0.2213727249681899,0.9944882905741023
var2,average_ridge_sparse,43,1,161,True,0.34755261667462034,0.9919898187425393
var2,average_ridge_sparse,43,2,161,True,0.23721122949769258,0.9943041614525054
var2,average_ridge_sparse,43,3,158,True,0.2678726237547412,0.9920189867079852
var2,average_ridge_sparse,43,4,159,True,0.2486050820790095,0.9944055162287656
var2,average_ridge_sparse,71,0,162,True,0.35010164204796135,0.9903305770964602
var2,average_ridge_sparse,71,1,160,True,0.2794235143131119,0.9920100841935086
var2,average_ridge_sparse,71,2,158,True,0.2685823597180611,0.9941806634439225
var2,average_ridge_sparse,71,3,158,True,0.2814048618851969,0.9925663483498078
var2,average_ridge_sparse,71,4,160,True,0.23450480546357905,0.9950176599857773
var2,average_ridge_sparse,101,0,159,True,0.3257555036734521,0.9924439782234047
var2,average_ridge_sparse,101,1,165,True,0.2106985017888643,0.9952808235866886
var2,average_ridge_sparse,101,2,158,True,0.3006808678241123,0.9928997131023312
var2,average_ridge_sparse,101,3,158,True,0.2851670135434377,0.9925681214526969
var2,average_ridge_sparse,101,4,158,True,0.26297687220717053,0.9917125610962166
var2,average_ridge_degrees,7,0,163,True,0.2972994456515054,0.994920690348014
var2,average_ridge_degrees,7,1,159,True,0.25060531853104495,0.9930917670538284
var2,average_ridge_degrees,7,2,158,True,0.2396968162732528,0.993085359254861
var2,average_ridge_degrees,7,3,160,True,0.27135679811595975,0.9933436054952743
var2,average_ridge_degrees,7,4,158,True,0.27260602713674126,0.991659165018963
var2,average_ridge_degrees,19,0,162,True,0.31252173948360507,0.9920232823969022
var2,average_ridge_degrees,19,1,159,True,0.23874164194035616,0.9941138402858578
var2,average_ridge_degrees,19,2,160,True,0.32780515966243123,0.9894822586116583
var2,average_ridge_degrees,19,3,159,True,0.2987530001290184,0.9937141468820841
var2,average_ridge_degrees,19,4,158,True,0.21149409234117494,0.995248787366143
var2,average_ridge_degrees,43,0,159,True,0.2387265393309144,0.9940562175524053
var2,average_ridge_degrees,43,1,161,True,0.34546502923323275,0.9920379321877963
var2,average_ridge_degrees,43,2,161,True,0.23020164303465282,0.9944724733526744
var2,average_ridge_degrees,43,3,158,True,0.27424714661304284,0.9918290637851076
var2,average_ridge_degrees,43,4,159,True,0.2558842341262919,0.9942417098509703
var2,average_ridge_degrees,71,0,162,True,0.3368497728385216,0.9906965791720258
var2,average_ridge_degrees,71,1,160,True,0.2762874679624693,0.992099757198905
var2,average_ridge_degrees,71,2,158,True,0.2963696174344218,0.9935786008036519
var2,average_ridge_degrees,71,3,158,True,0.26583331283103734,0.9929776897550239
var2,average_ridge_degrees,71,4,160,True,0.2500687184426401,0.9946869857112772
var2,average_ridge_degrees,101,0,159,True,0.30752752487671986,0.992866783066848
var2,average_ridge_degrees,101,1,165,True,0.21681512875510106,0.995143824787632
var2,average_ridge_degrees,101,2,158,True,0.316816330994138,0.9925186897982446
var2,average_ridge_degrees,101,3,158,True,0.28831404349426615,0.9924861051490275
var2,average_ridge_degrees,101,4,158,True,0.2735263518890061,0.9913801053650486
