x1,x2,x3,y
0.10669842678544961,-0.8788458700674726,0.8998076495901215,-2.479273795670093
-0.6314666349429325,-0.24070574359520558,-0.8320233642219355,1.3392292777915287
0.5082256799142917,-0.49440687578173437,0.8040468366099767,0.42379521839889556
-0.24198497835596466,-0.2893006700107741,0.43356443818388635,-0.240400378633584
-0.0335030064138806,0.48376480296311075,-1.0,-3.769200676895984
0.01089443321635608,0.9463533085906235,-0.6823379253026942,6.372031401599552
0.2299913488469505,1.0,-0.17523986953154047,8.511707959740301
-1.0,-0.3832043911782903,0.40198151150379324,-1.7664496533381628
-1.0,0.6208680571363556,-0.1923316679580378,-0.16146424236605772
-0.5902121674374954,-0.4374128499255372,1.0,2.222747226507266
0.39165171049706293,-1.0,1.0,-7.108181490536926
-0.6463440057693819,1.0,-0.5310231307878315,5.193267464797071
0.2807397705235828,-1.0,-0.7362190727443956,-6.474459271332885
-1.0,-0.8069367326759906,-0.3596261240377052,3.0287990330025627
-0.17153948236797012,-0.21823403045355727,-0.12744305523504096,1.3647811056068897
-0.6075132192167796,-0.3181092800116314,-0.2510810603292062,-0.12474636024974967
0.5440217022492255,-0.6418285244454152,-0.8440081498394787,-1.505077298238537
0.917233034606316,0.023033226685614583,0.8247464952954224,6.946530981982227
-0.787424875947925,1.0,1.0,16.814414134923002
-0.8832280895386617,-0.8865905643264225,0.8111836532628947,9.042736248586523
1.0,0.7123743980048602,-0.14189350797517264,6.992713799472355
0.4525308623422466,1.0,1.0,10.060133034918396
0.11573904451651296,-1.0,1.0,-7.01515695406294
-0.3154831542322909,1.0,-0.46489021283791754,7.888298665852597
-1.0,1.0,0.028986287207314776,7.613613315144753
-1.0,0.6781160638667478,0.43174377755896765,-3.359030457268436
0.5026638764338907,-0.2501031834921186,-0.8914883187149152,-0.6001781947655462
0.09195168786421282,0.08440569643596674,0.3435276297158729,0.8242437157266418
1.0,-0.6327002288405257,1.0,2.215243498530526
1.0,0.6170348816354032,0.3022503604098805,8.764369033206577
0.5109851567538817,0.2887971801839071,-0.5435703721807448,1.1477656206169256
-0.16430893653012468,-0.8439199195662339,-1.0,-10.080729262070848
-0.6359513890255168,-0.0817090902825035,-0.49455156120549826,-0.6470269677813049
0.5785437039498456,0.23635879607293586,-0.6122051379778297,2.0013896441032615
1.0,0.6219892469402899,0.921002065063669,19.763190505681568
0.6897177929663838,0.6120976095057784,-1.0,-1.4175852618709244
-0.8977870336707652,0.04503269144717392,0.6540958777220023,-1.9982654357257943
0.9570243092212145,-1.0,-0.09982348501074423,-7.78135917861753
1.0,-0.7768468402946134,0.19729039539285131,1.1263206804853214
0.401999266218094,0.9506737291802532,0.2218492334415323,5.253401944608955
-0.05875855264114449,-0.4099438338976573,0.6862170012508202,0.15855774149274526
0.7673267203333252,-0.4693984025692848,-0.5450405064595112,1.4613355450350198
0.7034035493714705,-0.19568406152009232,-0.32561153139104393,1.875416770691969
0.37721260004088,0.9151994946627344,0.82170438146053,6.46634699281531
-0.07130574283569135,0.46663181524410646,0.6641822092013914,0.3736198058751908
-1.0,-0.5757110584300473,0.7104649089193287,3.966943041132877
0.9318753563450157,0.1584387286290201,0.6303448409901131,6.439292628313776
0.15834774370313642,0.8762358178254359,0.3251399692475623,3.1783365677324893
0.2785080486940643,-0.17297036975561153,-0.08093301368897321,0.6407741895668085
-0.5518382910878925,1.0,-0.6214634478843231,4.548707441021164
0.48140550405726446,-1.0,-0.6097402000899574,-3.5550937713387487
0.7176673708492285,1.0,-1.0,11.968871350958654
-0.2557438066859232,-0.0019213062931742186,0.3377729995185963,0.10709926200152711
0.11706866499510116,-0.33780560813805893,-1.0,-4.550138545257684
-0.9433341287455874,-0.7639851311009773,-0.5480256356369553,3.142147541796439
0.014200540056460209,-1.0,-0.39946643563612994,1.0711656280609698
-0.69668457734658,0.10939940521153346,1.0,2.59990690785052
-0.25451764302491675,-1.0,1.0,-5.39505803944405
1.0,-0.1512351992042693,-0.2577375804961781,3.8154312405754043
-1.0,-0.545909686762799,-0.8129678787747188,1.4763140041904521
-0.13064011834662947,0.8222812745369847,1.0,8.754797081909231
-0.2672652750652198,-0.09822569156420213,-1.0,-2.7912366441642518
0.9910694699231022,-0.9926250202164564,-0.18718618035357548,-8.21497609340351
0.4653555703144694,1.0,0.0833553275557235,7.559237014488008
0.6297066766189228,-0.06573463308137018,1.0,0.20104255235608484
-0.6079362987936483,0.7249563951733542,0.16181795723878922,-0.5718568349635107
0.5695573761416548,0.47395025144609404,-0.9371899245954918,-1.3267699335466094
0.11969390068627894,0.5304829776652094,-1.0,-3.147858325532559
-0.6622756117719606,-0.41109523534709225,-1.0,0.386842558339159
1.0,0.4265454800526389,-0.9077995065169637,9.716705317770387
0.5826754342211371,-1.0,0.6915184353383137,-1.5555364627187722
-0.6003714747386641,0.3744586379318129,0.420578836643585,-2.105415705620985
0.6761106816993108,-0.03297313492587284,0.3138771179531481,1.5053195977371083
-0.5891709353382788,-0.6239308802180812,-0.4064610965737463,1.5044994730376253
-0.5405604620722875,-0.2987589439524396,0.49692979123150627,0.09334682766228308
-0.40699160964558434,-0.7965816684228078,-0.4518673316956179,1.6896362655129908
-0.6307471413127492,-0.06966587416413494,-0.9644557074154188,0.6313045735448903
0.6937276869056646,-0.5875054985281929,-0.9550614715113894,-5.390539477550989
-0.35461224654778434,0.48186527310259764,1.0,3.6011129876318053
0.7784095694610222,0.6107104748843899,-0.5948858769279386,2.7651855757456767
0.3830172106071721,-0.40408793096913675,-0.1263912878778939,1.7477724124016591
0.2526040057950505,-0.27398797171340883,0.7484758199028421,-0.07549378384110378
0.1977909910775062,1.0,0.6778179065119287,8.549932755469715
0.21535856023560185,-0.26628715706153083,-0.6238466185491207,2.095054113359934
-0.35092782510523524,0.8563502185311029,-1.0,-3.7080291439889117
-0.007435632396949998,-0.8714542373094083,0.46410811861589507,1.359638077270546
-1.0,-0.45603749033049534,0.623939564899781,0.6200326498632326
0.995669382991732,-0.3305969867084184,-0.49040759433654446,4.256719713159901
-0.9178286629796188,-0.8946744890495428,-0.5168895290616486,3.685302372496894
1.0,0.5201655912604513,-1.0,13.302389291057638
-0.26854058808700354,0.03977004335563872,0.6160723866514966,0.2846075283979752
0.9343274748233121,-0.611879388386869,0.5809529560014224,2.289920130892286
0.876380249970053,-0.5813885665422818,0.5537320904440939,1.6966262154494651
-1.0,-0.3282849249229203,0.0233477720472115,-3.0830608293118154
-0.5199024450456473,-0.10258460058710028,-0.9598320195057721,0.534623149693247
-0.08577899914928855,-0.046442565984463835,0.8891126742265996,0.15673233752056048
1.0,0.03755887281341308,-0.7555849635927376,7.7287315387982884
-1.0,-0.6383814951914983,1.0,11.426637067323835
-1.0,0.4753517155627567,-0.26545996143439377,-2.1537134000940825
0.6598952665852293,0.0547547689655663,-0.8886422947610491,0.6323972284249441
-0.4402538692710658,-0.3835852579272425,1.0,1.0131141397842793
-1.0,-1.0,-0.43250594316613356,5.756507045882352
0.2665097254063631,0.06255631100114423,-0.3831268975400153,1.4097422266171622
0.6442619592391243,-0.760270639283616,0.6436725769677893,0.49725064888042547
-0.2685121255808003,0.6869197507276792,1.0,6.307919673240183
-0.9413306567888289,-0.4280098960751957,1.0,6.056044456342557
0.003226428941181636,-0.10991044231881353,-0.004784395275320152,1.1592941622389406
-0.35446711124100294,-0.056888078346224,0.36052680526741354,-0.7344084995844413
-1.0,-1.0,-0.933083995191677,1.6504544483793964
0.6775377027588798,0.609295904766596,1.0,7.777114381419631
-0.18371353072095165,1.0,-0.9366247038574147,5.261637438908235
-0.34842476411347545,-1.0,0.4547793748095792,1.7605143917894486
-0.9794010986099901,-0.07818524049896292,0.40738791058026425,-3.147754702820658
-0.40144896929497764,0.08297008724284471,-0.4255343384564372,-0.5568081541217396
-0.7414933518652476,-0.40011625116772853,0.8752419767058024,2.693447436572506
-0.13680409497817725,-0.9013979527893752,-1.0,-11.985665785835659
-0.01565715424640346,-0.605181685981306,-0.4908265070985349,1.1910512517994758
1.0,-0.7339690676390445,-0.0045701924555470175,1.4673300758644117
-0.02606816496793085,-0.8757497119831918,-1.0,-11.337146793815428
-0.5980822048191281,-0.44731288546328285,-0.24151766122429308,0.6350673057584271
0.11391951741597817,-1.0,-0.6759421182382273,-3.646359045417334
0.07823563948864232,-0.2982959237897034,-0.08192216668789265,2.0821733603289294
-0.7011456773761586,-0.5984267690657346,1.0,3.69454857665707
-0.4029376457082747,-1.0,0.16609178815043335,3.8043489623872677
-1.0,0.27438859920245373,0.17530152676049093,-4.254434478357618
-1.0,0.2342332977704309,1.0,3.1994910083828887
-0.682083829040637,-0.5956433725166999,-0.4157608337140142,1.9179127654946209
-0.7179393429612722,0.3867906470875937,0.12181615742281315,-3.32876842987269
-1.0,1.0,0.21456829877835526,5.005507122471053
0.4615850670745718,0.6375338649009354,0.8246657736067764,2.895531707198636
0.1540732237253135,1.0,0.6699739179330468,8.507256966873252
0.11507959403445289,0.0732451096968263,0.05761592806352378,0.40806731444960453
-0.6692188617542771,-0.47573312053731387,-0.7082043127092124,1.2901234427754846
-0.038745440990492375,1.0,-0.40746523762545905,9.490072803117794
0.30094097737745895,0.1113965035432729,-0.5528245958410325,1.0513785509081819
0.7939299081907703,0.023807529451665088,-0.10810943552666741,2.228140463049104
-1.0,-0.3651746816045691,0.8458084524788472,2.675699586727012
0.8065591147130076,-0.4635409220417428,1.0,-0.41174028784052585
0.23816981164911555,0.6606290897853306,-0.6189752117879637,1.4506164393933432
-0.35261104569765656,-1.0,0.36616603651127533,2.555008548965003
-0.5579564475798968,-0.5260505781191136,1.0,1.3075367661911288
0.6569743681528606,-0.3588547840676173,0.3443421814613954,1.722553697153654
-0.25791387101847163,-0.6752949330507558,0.44400717499681175,1.1644903863899114
0.06423388046940515,0.023728623786296366,1.0,-0.07405475969165665
0.04633143005599316,0.2174891725203596,0.000897920967178889,0.7800981943999761
0.031372865179726483,-0.1747305616520547,-0.3156130606364469,1.1539851452218335
-0.07025150239781497,-0.5877096628033638,0.8984521826418161,-1.41535273564454
-0.24907786984341707,-0.4591368193195635,0.2748393666027824,1.1983058617974653
-0.11529770149768725,0.22618733509244415,0.8671691564917028,0.5561312569547096
-0.3566779001945144,-0.022015854707035043,0.34843156390884555,0.09996353088406967
0.5906056852570845,-0.9239451441346551,0.6353619563783404,-0.5406982016532068
-0.13941838069933743,0.7372831240844331,0.0030835948235174993,1.434848507643772
-0.6919273411304503,1.0,-0.029522138569150647,4.356574847919969
0.20610248789626828,-0.716554460982191,-1.0,-9.113102299572702
-0.1286342689001958,-0.14531265133925597,-1.0,-3.097837207414123
-0.47223029272340344,0.11935903078557564,-0.7674976561904947,-0.4958907269919729
1.0,-0.31907293252363456,-0.16965930521069916,4.089510847394999
-0.863018269029064,0.4241409722199603,1.0,4.005081099187586
0.22524740960753786,-1.0,0.1724910457259179,1.307534260443724
-0.07615344447693628,-0.06493177429274799,-1.0,-2.3967342451612343
0.09720684350294229,-0.5395526781244788,-1.0,-5.764608577759363
0.7160682700312127,-0.5284799145491739,-1.0,-6.633052133023302
-0.7460346440941135,0.7821926291945174,-0.7007600516304573,-0.9999646826281342
-0.29813360681490053,-0.7404587859806115,-0.3170207260980442,1.1695034984985502
-0.10805431814714428,-0.642437450939289,0.046283212865622314,1.7827337896843138
-0.601152895590298,1.0,-0.4587812969958902,4.009804303290925
-1.0,0.02283499272798961,-1.0,11.354419727614761
0.9959499496914523,0.4461753433129685,0.2680931528591384,7.73580557301658
-0.5847505850750663,-0.4933977227023649,-0.034230147546446155,1.4765391526639529
-0.41589673119360904,0.2238994658576563,-0.4440766189064451,-0.10119298811616506
0.7433160749199419,1.0,-0.8200123151894707,15.600328316638873
0.5307553606296442,-1.0,-1.0,-23.093491711966973
-0.065788721215851,0.40096202450753116,0.8317700461935409,0.9857613572774349
1.0,0.003373093798501925,1.0,11.751708617576714
-0.3942604031324839,1.0,1.0,16.025795254690934
-0.4456916418402108,0.3822779730288661,0.04215044278982494,-0.9521380329444316
-0.6114162380457293,1.0,0.2168197677484891,3.90416056759342
-0.3840615885479741,-0.749255745369122,-0.3538790828391225,2.021177202006166
1.0,1.0,1.0,25.50373015135853
0.3789563184466891,-0.38353914487588114,-1.0,-5.358581365866821
1.0,0.4588553848828183,-0.32182127920582726,5.321059762484327
-0.03909385606492988,1.0,1.0,12.893084390490019
0.2954517065713884,-0.6218248557126709,-0.30981478238574933,1.306354714993535
0.2311053130782077,0.02015498194554044,0.1099735871569627,1.1750995317499382
1.0,0.11082268515348481,-0.1249133041364201,4.9397965845826945
-0.49842273412941696,-1.0,-0.22528141547784464,4.043631158137349
1.0,1.0,0.12485503116902241,14.462995731139744
0.561495811484833,-0.49081626682651547,-0.20779695356848094,1.6637296457388728
-0.30053362556252616,-0.6255144132551775,0.12885074412019448,1.4205978837794984
0.6011539699743369,0.3067074343148941,-0.5482949330949438,1.8656150267388638
0.49641982118211025,-0.012465788962857882,-1.0,-2.524923460133671
-1.0,-1.0,0.989415020947779,21.971210143848328
1.0,-0.598436481749776,0.7007006145751764,3.7051788054698074
-0.19794421488180247,-0.13178761853207854,-0.011924247896257345,0.2927267541508525
0.8360950371866795,0.5885907544156646,0.39839755322237025,3.8919999679039208
1.0,-0.5473593800053318,-1.0,1.103559290327391
0.026082914095579612,-0.11365404306258098,-0.6357691901801161,0.9294870676279692
0.0018278222251408849,0.19736704939630134,0.026562807555660317,0.3928051035365128
1.0,0.6962270479907855,-0.45812089942346756,7.064630345452572
0.5113147425698832,-0.6591021248595585,-0.015396369527933773,1.1811353744881619
1.0,0.7742587920582449,0.5671715378479376,11.667213052944392
0.5938318784072394,0.12498276347769033,0.20133054140629403,1.8215776187857684
-0.8828921736444191,-1.0,1.0,10.759374501845935
0.044346865983420525,0.9554982134881793,0.5717979408702951,7.099320819166512
0.2870255680328664,-0.005742998595933635,-0.05187122805042854,1.163398378612648
0.2065662793899905,-1.0,-0.10232774981423165,2.5343151273287106
-1.0,-0.9310740448906454,-1.0,3.978990930731191
1.0,-0.3840215441705268,-0.981399936763159,4.622944722217606
-0.1633029809632871,0.4249471266881173,-1.0,-3.594384751069086
0.5067522340437951,1.0,0.6091496155841538,7.419003895190784
0.5785977345221718,-0.6520528265535632,-1.0,-8.882347616869875
0.04269476349442569,0.9536842000648318,-0.8785207912314956,4.142900580788383
-0.15048266860617976,1.0,0.6629461535689438,8.295451159502734
-0.007069978602544991,-0.9808610084595537,-0.30304180761104704,2.5272364461049635
0.1499550931442275,-0.16618168609349637,0.36413990642491445,0.9150762604402645
-1.0,0.199859654446076,1.0,3.1107599983160874
0.8556817889665465,-0.3522153559255361,-0.3998076021252033,2.4993106751973655
-1.0,-1.0,-0.011644064905892204,7.4666568174875625
-0.756761830925293,-0.4771637744767545,-0.8362637279734273,1.8575008131396937
-0.18752718023687054,0.08849493771298245,-0.7779036683507623,0.05175281398158971
0.6372019009859982,-1.0,0.7602302706617443,-1.97781425093561
0.1860784300066658,-1.0,0.06296389241615996,1.9123559206070808
-0.29784595750535625,0.3029257951725408,-0.054103971103808046,-0.6926934142798741
0.2942224441821981,-0.8284134403060051,0.16228418333683203,0.9248701362604234
-0.7622401158777599,-1.0,1.0,4.741297088217198
0.7519177205174721,0.7098529560347271,0.04061722749701446,2.42603009628402
-0.36212183967676803,-0.5684839514814375,-1.0,-4.3445494767368995
-0.5171534184624731,1.0,-0.06267602094750502,5.224705902067258
-0.18910017913477462,0.9161325552768256,0.2769306693659639,3.9427073704920463
0.5509643448722492,-0.33151320879528723,0.2694164042259548,1.390297924686117
0.37340540642491016,-0.5891046609316122,-0.18119509548405088,1.3399084797312537
1.0,-1.0,-1.0,-29.364515407928472
0.0173399092087001,0.9612370479778327,-0.48714310696922825,7.294595907939075
-1.0,-0.11554377556012452,0.044141738342347914,-3.75829550169327
-0.8979538715836579,0.5376946356047763,-0.8071613587182374,3.233646911670693
-1.0,0.5797987052196822,0.06395983097740054,-2.537442225690021
0.2561948765486428,-0.5949487491006205,0.03783432957964794,1.8417342626986541
-0.9305243808494685,-1.0,-0.5018899502162089,5.73397875932954
0.7008600600223762,-1.0,0.399895637689617,-1.6888992270096979
-0.34807718413427224,-0.4939998302676083,0.15977002519847971,1.0658773527672214
1.0,-1.0,0.984446704128578,-8.832823183416666
-1.0,-0.09469286748051298,1.0,3.669713413422718
-0.5581631575336385,-0.10075265993554705,-0.5422330169956848,0.29786089539224425
1.0,-0.4143352023915121,0.8038125552811282,5.81820351626277
-1.0,0.5918127473330288,1.0,6.900152498144284
-0.3992594845421229,0.3022117950247505,-0.8599542311364545,-1.6458544908029182
1.0,-1.0,0.5522739595654984,-6.5874860695919635
-0.27673402440038153,-0.38374411259756136,0.9555969970028848,0.04847030685713247
-0.49656155908007094,0.9683633277740267,0.2241839712123428,4.267001303900314
-0.7233652648106459,-0.12194258819479042,-1.0,1.808055515002608
0.4230918917346336,0.00775378391379955,-0.929530960072205,-0.4757990075616959
0.8105462390819373,0.14447543817277575,0.06811825992924714,2.7004635195984354
1.0,-0.991451286161334,0.615256943000613,-5.697971304258949
-6.438926464014116e-06,-0.24526238200882577,1.0,-1.2562856125247959
1.0,0.09237672312707823,-0.6719726345237889,6.438013270035712
-1.0,0.3201487781101544,-0.4254251093613104,-1.4498072727353866
0.7773665520875332,-0.6616327998004035,0.3400178577159092,0.6562440140439337
-0.5939406341808111,-0.5233405693601532,0.15979502725091033,0.628370489910677
-0.3816305355785623,0.5590762425080167,-0.031378042806649464,-1.1814825546318515
-0.9956092537755055,-0.10584716508647762,0.19220492524600585,-4.030661722955326
0.7380477192075314,0.16452920062374443,1.0,4.0701153449188485
0.15657001271433701,-1.0,0.07276977636361237,2.1994519613384576
0.1684627498071236,-0.2276223644620361,1.0,-1.6037204469799633
-1.0,0.8261469419158836,-0.8156314134795755,11.08209203344955
-0.8313937713097359,-0.3818419254886187,0.8182327838293975,1.6685293480469532
-0.8380821173981636,-0.5902862579345916,-0.24693622202386156,2.069771955621867
-1.0,0.021806014983720923,0.9283570586315397,0.9176015092178473
-0.3012673758508797,-0.03530210882669693,-0.9614463186006745,-2.006937385365649
0.14081365008305058,-0.4397847814896163,-0.34494439841386226,1.8561203852086745
-0.11728283201266776,0.7383067086531032,0.5084012190777032,1.3335352914570962
-0.3917131548572488,0.4847071827613967,1.0,4.045389569370626
-1.0,-0.29052835827212187,1.0,5.125685283599477
-0.4719994558049512,0.8162417817560119,-0.5830305154380859,-0.2688580318025054
1.0,-1.0,-1.0,-29.729483560114677
1.0,-1.0,0.7489588998158685,-6.31529337799053
-0.66414506406696,0.8716754148629111,0.53465776292887,0.8676619608909125
-0.15270051400826312,0.7638147971586309,-0.41531458262833354,1.758647565942343
1.0,0.7469881490178194,-0.6359205408507194,9.738557101414564
-0.3371039036582866,-0.019103755979160253,0.30825878919756144,-0.5873642223553701
-1.0,-0.4290688998009171,-0.09980359896203006,-2.019488508223704
0.5635360608567588,0.019997380209652915,0.4516220598795724,0.8900372939994345
0.17734715925211741,0.5230389539094624,0.891628957962544,1.5442814151578605
-0.1758385432855305,-0.5798979024862951,-0.40594402734853996,1.1788400775067545
1.0,-0.6682893711897075,0.12630800800554431,2.3839912807348256
0.027699965822775674,1.0,-1.0,4.131657147137909
-1.0,-1.0,0.5402818409703991,12.732815555225487
1.0,0.0013316100702509548,0.11306184676183695,4.961476925862744
0.13724472619865757,-0.07835023971389798,-0.07685991895868138,1.016297516913015
-1.0,-1.0,0.059188363280177736,7.968977229614135
-1.0,-1.0,0.10960389966698747,7.858227026558466
0.06292994451393086,0.8206699157940496,-0.7789822214351332,1.9016551299486668
1.0,-0.8697939382303057,1.0,-2.9692656064896723
-0.9213104806401475,-0.4017083451194481,-1.0,6.525737485523207
0.46184873702757523,0.06987146672781219,-0.30328750359596834,1.4107152511019916
-0.929574344220351,-0.8613923159147667,1.0,13.421582138812942
-0.11407864375203824,-0.0531074286578852,-0.0885038947792085,0.0278706982100011
0.47824640969745613,-0.35200509279611514,-1.0,-4.942470785433417
-0.038454882004101076,-0.7623188545926647,0.057290550599494505,2.292678147628719
-0.15241656932778058,0.1445247241022818,0.4401265717903775,0.07852252425865261
0.8492059466843447,0.4310352866064817,-0.3906391234189186,2.0518841855421446
1.0,-0.21104268442579577,-1.0,5.80565358916824
0.4154590903207511,-0.7510373242412507,0.2564087418723193,1.4769822686149463
-1.0,-0.3076801312813111,-0.6119402451007503,-1.0168414453277241
0.6937938629852465,-1.0,-0.8303187416999396,-14.145319291870086
-0.5239960927701843,-0.0825186171012755,0.2969326951849254,0.19445283293552018
-0.32917598059434106,-0.22574803177945357,0.37713018403069887,0.0018722509747644972
0.5680669658507758,-1.0,0.8194906468430299,-2.8004822641805305
-0.07295367796136776,0.37705701370053224,-0.0013625360945288545,0.4356297558646894
-0.6909982060606847,0.5357872985445513,0.30045890714945367,-1.8719912507593337
-0.08564940811952404,-0.6979875726170874,-0.5911114975590548,1.108690197586851
-0.14969549902068668,-0.8933586679760734,-0.649854391702896,-0.3672243726856609
0.6663754113275275,-0.036916913237416304,0.05442076349600189,2.0491339079052664
-1.0,-0.8428271597537249,-0.2103988426196708,3.9409641129994304
-1.0,0.1470947306367707,-1.0,13.17721996230889
1.0,0.4669108174046308,0.5802208969676648,10.455228481295032
0.47209953683362316,-1.0,0.6627798197916439,-1.095963156393802
-0.05282864224369277,-0.0698074353421414,0.20274546968093787,0.4209597699835307
0.0028843127878677155,1.0,-0.6027707108791278,10.121694120899317
-0.8523885536771716,0.782486947801579,-0.23178611696903095,-1.0608958495508272
-0.8249341074408507,-1.0,-0.6601265702585308,2.7913346958299745
-0.6308236102570384,0.7003566949331907,-0.959407153899853,-2.6369825716282724
0.6960515389575821,-0.962478211690178,-1.0,-22.283484082508295
-0.4429550598826908,1.0,0.10404607439023184,5.467746356983895
-0.4518813387807523,1.0,0.10162286689259958,5.6562007913037355
-0.5671503189303468,-1.0,-0.23865756102653113,3.879622308722945
-0.8166925970455223,-1.0,1.0,7.695572630244915
-0.3456235373151739,0.1981415126741466,-1.0,-2.5461024447188247
0.794583144089624,-0.11556498407629956,-1.0,-0.9542924162023945
0.16911251345480127,0.22905967126599758,1.0,1.3361368479553273
-0.6513352354140003,-1.0,-0.305548357738781,2.757792857272732
-0.6045708513428145,0.8279389733033526,0.18956185309242835,-0.36880649993961556
0.33262368412878596,-0.10776837970946063,-0.3488274525743831,0.5432052583591729
0.013391151024401804,1.0,-0.15070056109057917,8.21391174099781
0.4459147254867337,-0.6461804933977411,1.0,-4.207795397537565
0.1886501174760835,-0.5665480445172861,-0.32034024719616094,2.067697967535878
-0.15762657234730937,0.6749346532325844,0.3100154402950728,-0.2020462695937419
1.0,0.5458588249419807,0.18282200303524387,7.040097273714039
-0.7148182849349771,0.20181747573149456,0.6134840650639681,-2.100961611046931
-1.0,0.7705412502684565,-0.5248326704507782,4.811432427125262
-0.0631093857026892,0.2648520626435913,-1.0,-2.515564532359795
-1.0,-0.8456553803800468,-0.7209169510231477,2.8839177007860357
0.5347750519797616,0.7059557805884957,-1.0,-2.098871964809821
0.29945691943477204,1.0,-0.14518986426985991,8.250509519153216
0.6078828047153155,-1.0,-1.0,-23.91750543497454
-1.0,0.8364837200320656,0.19870907071294286,-0.38685123595276866
1.0,0.5800173044138273,0.5506114172785983,11.953720459009693
-0.7957401900909777,-0.9718321236845167,-0.7201037299238868,1.348380156379583
0.31143182945377323,-0.14639883289472344,1.0,-0.7809099653421102
0.7656930835236946,0.969239653487163,-0.08080582646165557,8.310397112435396
0.2865469853061915,-0.3311450504315909,-1.0,-3.7464571577020593
0.7484368930093495,-1.0,-0.9689916506576377,-22.932286329286818
-0.9749383283850694,-0.09498739051565575,0.5091492061100871,-3.1059837717658727
1.0,0.26062345006803245,-0.4997776056573271,4.527306220124109
-0.821197455291307,-0.3586476504267484,-0.6134735171061731,1.814650189606195
-0.36813006769900736,1.0,1.0,16.04051527228
-1.0,-0.20467380135944468,1.0,4.596028046802882
0.9556646528422519,-0.8921453654305416,0.043095251027820636,-2.17192748682631
-1.0,0.04862111684185977,-0.5084088867662306,-1.8001477061764537
1.0,-0.6269684500832182,0.7160965245336033,4.678950874621202
0.6598541015438109,1.0,-1.0,10.098934806831013
0.5991038522040291,0.6287532461578396,0.4525082046572759,1.4959015985886936
0.5491727132446143,0.08068810364663448,0.30053678135037654,1.6531525962581792
-0.5275421760009273,-0.4295772415087544,-1.0,-1.5545875365857147
1.0,0.5102875732397334,0.9756252888827575,20.86247565640503
-1.0,0.10793429958712175,-0.17400651111895127,-4.013332881572083
0.32949283053229617,0.3147126241417877,0.9535019208304902,1.324012252859735
-1.0,-0.031029982599776407,1.0,3.8064214190402477
1.0,0.6573184032395274,0.8989961888396856,19.731906638670363
-0.7260982628385935,-1.0,-0.05974006795619413,6.341732762091091
-0.5250699577289435,0.1589584039720091,-0.7208935154092269,-0.7310896453406223
0.7277212522354712,1.0,0.4138071637636096,6.822326132866702
-0.61214025764077,0.16176878121145544,0.8049948932091715,-0.2844020395885444
-1.0,0.28246937636043756,-0.49427205466835034,-0.945143599619505
-0.1481657106577694,-0.3886667762123155,-0.9708807014408498,-3.0769241065632413
-0.094112749971341,1.0,0.5475837591324311,9.047695987020253
0.5326880773387408,-0.5535754597317379,-1.0,-6.996483907428094
-1.0,-1.0,-0.057239228956515564,6.6993711499239454
0.12655888006362326,-0.2540449053580962,-0.16796191697326135,1.1250915122242524
0.6195613215291929,0.36187613308104893,-0.6852681553304478,1.0024800863041758
0.15912873266886485,0.2670858352354464,0.951352994282594,-0.1762107397885473
-0.8138318439800378,1.0,-1.0,4.931216044857744
-0.09477330825576824,-0.2942523638444612,-1.0,-3.660808502475717
-0.47517391441688117,0.6877384829954216,-0.5845065668982194,0.20843362636398277
1.0,-0.6836246363370593,0.13290029600501674,1.2505189998675794
1.0,1.0,0.18899245804285258,13.526723984097448
-0.9406507269858273,-1.0,-0.6002268478056558,3.906790517315305
0.8237693267916648,-0.838792617067144,1.0,-4.005734699334348
-0.4648106259982663,-0.06925738592826747,0.9649028977327689,1.1691010178709351
-1.0,-0.06095431156829356,0.4130623228101844,-4.376283045608617
1.0,1.0,0.7280704394057256,16.090851080316856
-0.48003880989000325,1.0,-0.16182701242895736,5.871919658715586
0.0808014792628764,-0.7327857533001276,0.24137127480799903,0.5067074123150384
0.44905922969033374,-0.02292778307902954,0.05083565156079484,1.4206460666596237
0.8086414191259235,-1.0,-1.0,-26.540523090824774
0.1543869173046224,-0.6337733108753749,-0.7957666563607793,-1.2087085301255145
1.0,-0.8484558467384409,0.17676328388320162,-0.1487226040434685
0.47490955817955416,1.0,-0.07021539958875378,8.046210797919084
0.4613178526580435,0.7080739551053881,0.17198020014464,1.7346322101266538
-1.0,0.3196403743924441,-1.0,15.389505098838095
0.7380275793213533,-0.26265639014009134,-0.4231545266961325,1.5200908707074516
-0.5989767311426506,-1.0,0.38144785824314087,4.300100722395043
0.09473845037974482,-0.9263941423502222,0.39698311552825105,1.6206786682537608
-0.9315149860696441,1.0,-1.0,13.466205752135082
0.5530728148748123,-0.49328853579377085,-0.37195693090726434,1.2226835635368816
-0.23416461100794272,-0.43118495288669423,-0.3209483650962226,1.3680802554386675
-1.0,-1.0,-0.03647174753569371,6.686887870493389
-0.032611049407925696,-1.0,-1.0,-17.09315342230405
1.0,0.4668684574917523,-0.21456123599273935,5.014794967445642
0.7930094693579621,-0.9091311694674935,-0.22046420201494832,-0.8066448646841696
-0.18472689164416978,-0.4649081571825542,0.7724739718735996,1.3141192998713183
0.5097050738844229,-0.2535279883935082,-0.6390686429882906,0.9037181602112878
-0.653687800507275,-0.5812462695664291,-0.06351668982248282,0.7455345079002347
0.07672166005154302,-1.0,-0.03663342230614175,2.7849598028121907
-0.021770478909854507,-0.8220737316494124,0.11766015980353983,2.2538454833546924
-0.7417018531249642,0.6716081561921621,-1.0,0.7058608984748853
1.0,0.5976915092736053,0.6352670423570606,11.964384093247661
0.8224977704609036,1.0,0.5413167234827105,8.693411085764101
0.3150898549336101,1.0,-0.5713259189667323,10.352071477174347
-0.7241195986088913,-0.527448481970012,-0.5030505994465335,1.617553173810438
-0.5556497203392885,0.3947052819234176,-0.4310833536659868,-0.3390453855004061
0.8610681106925926,0.800108820084116,0.5614899949406089,7.4932406783516
-0.6847864240318098,-0.47923193483354587,-0.4419942656377007,1.2632107060624613
0.9266729605797634,0.26368746287904377,-0.12003590873062575,3.836366781771823
0.04875131442459524,-0.7694438360673106,0.35309084956299785,0.9642132344945221
-0.6101594903192722,0.6719575730258556,-0.6385171386095319,-1.8091708725420919
1.0,-1.0,-1.0,-29.559952418278353
1.0,0.7043736227111699,0.39595533258001003,9.707441762437057
-0.19422856746730588,-0.22457372926014862,-0.04810245294724824,0.6995520929619886
1.0,-1.0,-0.5131590580934229,-11.72437733418025
0.2950056139089481,0.21663293764022162,-0.3213946006609396,0.9210734157778657
0.06827894514172494,0.7027293722529733,-1.0,-4.227725970456204
-0.10418955674286945,-0.4144531376864624,-0.10895106508105634,1.79654542508706
0.038259597435493786,0.6113888868755628,0.32104670123335444,0.8646879126833809
-1.0,0.6663140882274867,-0.5044046645336531,2.6200486610043545
0.4512039250934956,0.5717366325313518,0.46172873737761466,1.630992833945563
-0.4715221890658239,-0.7057283760345365,1.0,0.5146234202509458
-1.0,-0.9409911329919627,0.3907284763481975,9.925304493519278
-1.0,-0.24632796335897966,-1.0,8.192305145864482
1.0,-0.15770978786148548,0.137188374100929,5.490232149364804
1.0,-1.0,0.2516427331181732,-7.522946555176389
-0.32300000831294184,0.5005668950026239,1.0,4.258168419207794
0.056754349390432335,1.0,-0.8312405245109453,8.839405481367857
0.3740164711092884,0.306477510430049,0.3319443692735,0.8628187827624425
-0.27885170781556856,-0.9711707033428207,-0.08153395808406039,2.9743832657876337
-0.3582791886949259,0.20220984366915018,-0.3209264511201557,-0.27579543092864617
0.17535165709102762,0.1093716058654568,0.7590289566633484,-0.398243757448241
0.7381102720270976,-0.9172846125552889,-0.03500786082351692,-0.10511472749030426
-0.22560232747908193,-0.30727426355387766,-0.012565719054183688,0.9286762913781421
0.6800978377898821,-0.23203812440810845,0.5917676127545513,1.6828691011948775
-0.006103264894113503,-1.0,0.7563822716446933,-1.8274495797031278
0.48386228303669676,0.4064336205418497,-1.0,-2.111885478405498
-0.5257895450692371,-0.4422985242015365,-0.5896750522444838,0.26178096547806373
0.9243720515916809,-1.0,0.2592140653673487,-5.3330834848038595
-0.5730340985383737,-1.0,-0.9526300482784333,-9.856886408713637
-0.28218762457865454,1.0,-0.7716206408709885,6.066620139077452
-0.9527567031811521,0.25669030398492043,-0.24074674654249306,-3.1528363645692745
0.13114232349469135,0.24636456344586088,0.520379715363225,0.34401978130988464
1.0,0.99346800981073,-0.20962967771724705,15.798897715425966
-0.2971577540375978,-0.4710987029587772,-0.29492975859687043,0.83990731060085
0.741965542297454,-0.11650585486821718,-1.0,-1.7809644965677673
0.2327030852781593,0.40987345620444793,0.5722178823415862,0.36572037595763274
1.0,-0.892949476583611,-0.811253273968183,-5.178279480567546
-0.5467457922363306,-0.824123373696467,0.24999060808019413,2.0968257082022794
1.0,-0.42942854989276547,0.4084532152761011,4.784408253900097
-0.19985434320890394,0.35155952553774394,0.610769088769727,-0.9332907181247776
-0.8325673304418084,-0.1912640698236463,0.025147554523027082,-1.9327885537940506
0.9139265666043468,-0.9565051733152383,0.6547621533488053,-2.3575964558980775
-0.45134710933958755,1.0,0.8683626274174672,11.102178556020858
1.0,-1.0,0.6128791689598185,-6.495998092528705
-0.980549146372943,-0.909186000452507,0.4370060431623828,7.68334442219768
-0.1809260362406815,0.8746068843877233,1.0,11.149690313927314
-0.21607275118429614,-0.982067627777546,-1.0,-14.284798210353985
-1.0,-1.0,0.48003987378004287,12.80587552651856
-0.8535713113369612,0.7740836158765871,1.0,9.810467181200847
0.7991032535043783,-0.3163955079550551,0.20035752417528996,2.217979216164358
-0.9549349130602234,-0.6349387250622018,1.0,9.799015271992321
-0.45110943470177656,-0.9631446796690053,1.0,-2.9587483017444645
0.4896179682276314,1.0,0.7180294042402762,7.634784883017882
1.0,-0.1256039924497323,1.0,9.78795245558348
0.2106226330955081,1.0,0.050232945776434335,8.315773580342297
-0.7379087780292173,-1.0,1.0,2.9850755063100984
-0.4591125790090309,-0.6836375224005886,0.261638402737014,1.8495645033865986
0.9246176792868659,0.33393344667337144,-0.4172828977833172,2.711884221015669
-0.919420105454412,0.12211686757595941,0.23828156482242324,-4.299018510986581
-0.7937402007901537,1.0,-0.7440220728552562,3.3155603554537088
-0.17312499201539433,1.0,-1.0,2.589392625114198
-0.35332714290513634,0.8720255326743551,0.6364937772519195,3.7947383459025286
-0.3665061406978465,0.4949782769824089,-0.2485786588272758,-1.662041371457027
0.003910996954186841,-0.6494749138403058,0.5805263395670319,0.2751481778791842
-0.029583724700726677,0.1486085776815198,1.0,1.2987419537276572
-0.6971405156551267,-0.7008355061251275,1.0,3.6992306470636427
-0.3761271554491974,-0.20321512393148544,-0.15407437653701117,0.7388117556612849
-0.4390347097743834,-1.0,0.849072460969565,-0.5495439259778372
1.0,0.19956452776467515,1.0,16.51046871216874
-0.9732658339075371,0.793876995599877,-1.0,15.9893406712132
-1.0,0.7692231858496672,0.5374336167598124,-2.9978764947415746
-0.7229228122509179,-1.0,0.8729784465775605,4.384492337409419
-1.0,0.27807358199348986,1.0,3.2781383499125365
0.48223269619885434,1.0,-0.6872667989350985,11.553614291234771
1.0,-0.616586944611774,-0.14928575398036092,2.222009874340122
-1.0,1.0,-0.7743047797413163,13.511489545927292
-0.4813475560154359,0.13449658679774634,-0.3491645489194395,-0.4885668317051458
-0.2341631596556233,0.4828246101397484,0.8920828542594332,2.0789088470380017
-1.0,-0.313420821649828,-1.0,6.827162098004724
-0.8273150232132651,0.6117931791179523,0.7148901414517101,-2.19245174738026
-0.5760290399243622,-0.001990637542838014,-0.14326452135875933,-0.4873542863353748
-0.8187376478814541,1.0,1.0,16.394943212976
-0.8805522273987503,-0.8368791064615431,-1.0,2.2994996039855713
-0.3955799600902601,0.4740621685288964,0.1572067115934388,-1.0540012334158215
-1.0,-1.0,0.6541125115532096,15.0840661823025
0.6123287540109101,1.0,-0.9823552637800483,10.51408418622754
0.8286529413498336,0.4019366684641288,-0.0939337767456998,2.8883516940842533
-0.47743050037231316,-0.034410071644194185,-0.6393878546848186,0.3705892682066776
0.25010601602885796,1.0,-1.0,5.585899487685075
0.5475031686839755,-1.0,0.017009606015046197,0.0934425919862501
0.43313204040651354,-0.9051563980074699,-1.0,-15.925193451297368
-0.21061732755440854,0.23880707773951637,-0.6385319719926887,-0.34451463363564755
-0.3563664486117306,-1.0,-0.4080770207108866,2.1991990874618095
-0.7244888662229052,0.20980229683915175,-0.6069373477607296,-0.7388511073636487
0.7289939630424034,-0.6146650128847688,0.9787254295875851,-2.387459567690144
1.0,0.3943933290485744,-0.1515916308219818,4.659880482184293
0.2859780621901007,1.0,-0.30101056090820366,9.585891360823513
0.338431252108774,1.0,-0.5017508060879059,10.561356212692381
0.4246098259248474,-0.781247982051946,1.0,-3.7892174320760192
0.4296562633781882,-0.9141090464785089,-0.27867052547491333,1.516072952869556
-0.7544811245190237,-0.9947862923592359,-0.020949995377385733,6.253921100940296
-0.5391567857529969,0.12855637385786145,-1.0,-0.5809215150881287
-0.8265488976610924,-0.0038639417843475687,-1.0,5.348053216692056
1.0,-0.17645483778050264,1.0,10.040186967438464
-0.593930758155246,-1.0,-1.0,-9.589393786928346
0.12224581036006521,-0.9725574750832742,0.8202724668147681,-2.553810718002591
-0.5925538181572592,-0.1952701318387815,0.9581882004864082,0.717400502007623
-0.7987166733516786,-1.0,0.1729338204436086,7.1276173608471804
-0.2700122507555398,1.0,-0.8162871107893896,6.539011311267024
-0.30537572975493155,-0.08985837580409095,0.43945063016872954,-0.28018503915015414
-1.0,-0.4623832773243035,-0.5764560119183726,0.6540345522257444
-0.6576460171889644,0.7445239869614235,0.6535575405910719,-0.060078330787026235
0.3094432142657537,-0.1467719673992518,-0.8697817107948513,-0.49155171330309244
0.6205893427188314,-0.2173750230540159,-1.0,-3.910070910711427
-0.39807375476454965,0.4685044098011546,0.8578549944707912,1.8274167505569392
-0.4924458809460437,-0.18011103851710208,-0.18260966004000467,0.32503429005644
1.0,-0.2864867465474794,-0.281125724358807,3.727376357424035
-0.4868200966277829,-0.18725396227935054,1.0,1.5886409329035602
-0.9921353412329519,1.0,-1.0,19.936904822717036
0.22650346319116976,0.7607498773098191,-0.5544851695824837,1.1981496550611128
0.10950130903200006,0.791818769311674,0.39342083224664703,1.8972265922525593
1.0,-1.0,-0.8821230729815097,-20.241799769430784
0.32823569138495934,-0.5630425357528555,1.0,-3.22222827880133
-0.25817022762766495,0.0031671702135349644,1.0,1.7480352421799963
1.0,0.43216186029482895,0.11274218382143109,6.076197049772484
0.3930265845931986,0.12396662106700784,0.7246917576873271,0.6315841837728146
-1.0,-0.9435777437471256,0.14070141018670834,6.715088073408859
1.0,0.5992521545310643,-0.11400536476734957,6.6893455412130525
-0.7875013948131091,-1.0,0.9222251299530506,6.320710545705129
-0.27898202467004873,-0.9649030574966506,0.4669345898317858,1.710297865624827
0.5428687271888186,0.16185924210779512,0.6860922855189051,1.3672087488338591
0.5362542306123945,-0.58678878406494,1.0,-4.809267125733733
-0.643930582942928,0.8943496061461853,-0.8967598458917503,-0.8174374149579513
0.09503994192292309,0.11979500068021198,0.6292265843253928,0.6496326858401873
1.0,1.0,0.981742958239447,25.329202060700904
-0.6094328401223783,-0.2621905480353668,-0.32336761953264115,0.8656104985597499
0.20077929616341028,-0.6950020635838026,0.131478301324764,1.0006132846349598
-0.7136634140865763,0.3632527061513908,-1.0,1.4521735782124008
0.25986426013441033,0.7536315703178538,0.4808338360629525,3.0567838739758457
0.33303436372363615,0.32552552438466775,0.316508715127386,0.5830553909789572
1.0,-0.4748443889052245,0.6628928225480297,5.8178018955598185
-0.08890448421458452,0.19458647298500176,-1.0,-3.7552630596696446
0.10852673795912104,1.0,0.13733276063054056,7.330264729154017
-0.31098616206295593,-0.26593342744194115,0.35776038785979325,-0.7751985164373241
-0.9254457252419319,-0.2921400623935688,0.16463804986920838,-1.2541395922536678
-1.0,-0.09623568797344584,-0.6243746299298412,-1.6307450951920601
0.08705101754746836,-0.34547179430722386,-0.4189893228717223,1.0165057404964923
0.12867341561953327,0.15272740365983606,1.0,0.332478202673699
0.286168013312881,1.0,-1.0,6.457855672273679
-0.4976318688952386,-1.0,-0.6091565198294002,-0.05075702958888542
1.0,-0.17901124059390372,-1.0,6.473913174503046
-1.0,0.7465076338998564,-0.5379359491061584,4.2964719702708765
0.4561540281955021,1.0,0.33621329704309977,6.555470204235635
-0.49385255316748644,0.11333777171209403,-1.0,-0.14893287049426662
1.0,1.0,0.6869745425379041,16.331714855562005
1.0,0.201679795273759,0.13230218733441745,5.176080682672289
-0.7188592372138549,0.6262424772090291,-1.0,0.5398656979903829
0.20101974912540577,0.9513519778121526,0.2545597676763567,5.300614861677651
-0.1848190519455679,0.2136432166116604,-0.24391680850733488,0.5012724693336539
-1.0,-0.8582828586789606,-0.9312966269984031,2.99223314695203
-1.0,-0.6367485940674034,-0.9517726175270611,4.396172640777502
0.7277242310015133,-0.28951902956310316,1.0,-0.847498818002051
0.30622375881701447,0.3906202239733796,0.4162997736506535,0.957009711529973
0.6479325465912824,0.3965782335811616,-0.737750193836,1.2899469778475192
0.128849756834855,-0.840458571091687,0.3289550142546318,1.6473863118177028
1.0,-0.6095687239565462,0.10627408038133068,3.780100459252747
1.0,-0.34446420638519726,-0.25383820849651295,4.397626728505472
1.0,1.0,0.3322383704453822,12.870616105837437
0.6981992142172291,0.23917927807762962,-0.3297426182090226,2.1639997024038093
0.052911502862365234,0.7363296569045628,0.0738614663124908,0.48349685619578264
0.17949567248938791,0.24480012544914875,-1.0,-2.600943542382947
0.6554986163353145,-0.25547835986538914,0.2346627958026577,0.7161394802034725
-0.08440299162903853,0.3075106823847007,-1.0,-3.4887524109412578
1.0,0.8173838735575778,1.0,27.245528480437073
0.43815694171869213,-0.32784331432450964,-0.1404459500596773,1.1959319973108764
0.4977069569524173,0.3516185997755903,0.7460298942095311,1.055001563809881
-0.91984862338398,0.43917447586977,-0.8749189913675521,5.6694373717263655
0.047341941978735314,-1.0,0.7034256067311124,-1.2594017423100037
0.28710722257722154,0.20867219113811997,1.0,0.7903986439014942
-0.1966807674230997,-0.2566091586560717,-0.38876860409057445,1.4489736560169402
0.01744847992662768,1.0,1.0,12.592970011741508
0.2969519664754643,0.02643881858963204,0.9971518744712855,-0.5868929201100204
1.0,-1.0,-0.7101521055775131,-14.45643224135466
1.0,1.0,-0.21156493222499662,16.531884012008117
-1.0,0.22047619147479947,-1.0,14.888134976523364
-0.048460556260091714,0.9141807538419675,-0.19285360203671775,4.331904724449678
-0.6207509177173485,1.0,-0.018647541598011186,5.080187920838214
-0.37193870678102225,-0.36058854929044215,1.0,-0.05381474197978575
-0.2874031709792877,-0.0935518922756775,-1.0,-2.775965353494375
1.0,0.11828799992637373,0.71491272048122,9.614542955042644
0.38242242236355106,-0.6016339400733013,-0.6281395442602178,0.4157013928741556
1.0,-0.39662614822736875,1.0,6.3085836780649025
-0.649634287095594,1.0,-0.5713086031679964,3.4265651037690286
-0.3266909320339415,1.0,0.29395578333734673,6.921330643964231
0.8652379782953004,-0.5948237622014252,0.6124776414117186,2.3179026731826444
0.288191671908099,0.7672251830948473,1.0,6.9427661981890125
0.26198076446255536,-0.5401037249354415,-0.7848194539599338,-0.6869509587498591
-0.24640980436522653,-1.0,0.30660121490037495,2.2589756506065477
1.0,0.19793062326205524,-0.06927017641800104,5.445969062506778
-0.7926292718439258,-0.5145028001396408,0.4675269408499556,0.6010429527339907
-0.19498751400879288,-0.06792099057996692,-0.0731005538749816,0.11797933542559819
-1.0,-0.5978967771916623,1.0,11.671639113240811
0.5597201956191018,0.4569297879444285,1.0,4.491487192288948
-1.0,0.011624837666625032,0.5434891063208065,-3.0127686488141956
-0.09791496459875093,-0.01586826370933392,-1.0,-2.7189318016648745
-0.17248791849961376,-0.8502689080183747,-0.06966527881332474,2.764363830247377
0.5023638132132486,-0.3525139608317054,-0.33199899999323956,0.5260254570082612
0.09674505250878918,0.9317780095302444,0.8893682419724431,7.611479061869059
0.04062497556125555,0.4665447269993661,0.5897575342502552,0.22942649974653234
0.30533595505712197,-0.14210019644843253,1.0,-1.3302019285763518
1.0,-0.2314647088114905,1.0,9.070389023076446
-0.4303601427610313,-0.7969219346659238,-1.0,-6.052443067055417
-1.0,-0.2715771980460009,-0.9441747108451732,5.051618256618787
-0.46512636674933105,-0.4125487328596482,0.23541112749805415,0.48708276756119906
0.3169238032718926,-0.3741850664673918,-0.3632310151301956,0.6960323039849925
1.0,0.5229499014930921,0.5464308744102537,10.102082373340158
0.5723263448091371,1.0,-0.7458991625399376,12.49528667594882
-0.4482036438258765,0.43961389266208584,-0.08384056598676315,-1.3197536033070276
-1.0,-0.1870784487522863,0.5445138254227535,-2.608946405633493
0.32904041951177376,-0.10022310793997358,0.788940166526312,0.07839458909845516
-1.0,-0.3317424674344198,-1.0,7.176216630436791
1.0,1.0,-0.12870251767895402,14.573469424787032
-0.9106740610130171,-0.8048654560550332,-1.0,3.3669892516832
-0.20775220169674058,-0.6053416484625107,-0.0926955647222596,2.106902198906298
-1.0,-0.6279459145446602,-0.14462137376249107,-0.20900044882846358
0.4335052401991666,0.7529061253631091,0.814020762851698,4.069812280233073
1.0,-0.5287705972511767,0.08721452816239839,3.1065917610238505
0.4964581104614205,0.37151830926743323,-0.6367812876368468,0.5982826126248048
0.21013077658223756,0.7209482832258713,-1.0,-3.903301902510952
-0.4714734742753841,-0.9875681306752158,-1.0,-10.971711278540438
0.46119981462651216,-0.18642610174179564,0.5265491042383874,1.5703861434025215
-0.6741744256778768,-0.014320664718459275,-1.0,2.1203804643362973
-0.8401717420722596,0.39910144007869786,0.36009713214710404,-3.183977635767274
0.05127994773859945,1.0,-0.39393963256738673,9.33498055264534
-1.0,1.0,-0.10816394881342561,8.960279183695583
0.6732690448241434,-1.0,-0.5354787251018158,-5.360168680474862
-1.0,0.32091433510839207,0.368471533517827,-4.594345880859099
0.9145483269616625,0.6874321024224375,-0.5155167144131603,4.307226284184046
1.0,0.8845983326288136,0.0742577284756174,9.745605969461442
0.34720984200786487,0.5712185325935717,0.10019700218689209,0.8944306801439813
-0.06773295050613704,1.0,-1.0,3.6118694230274255
0.08674262049092962,-0.21690515974521762,0.9638195492995634,-0.8439964707939269
-0.04743852090623091,0.18361697587242443,0.26518733480878987,0.1992906644963946
1.0,-0.22189486313458495,0.05334608665663776,4.010964605684908
0.2942532499761248,0.9105855326976189,-0.6350559619528677,5.386087783147736
-1.0,0.9492797531537149,0.0537081782195612,4.670775996466447
-0.14286297605812992,1.0,0.09493366684907989,7.8758915109058
-0.5146515020928535,-1.0,0.2573071735729926,3.9719727992772946
-1.0,-1.0,-1.0,2.806772680610201
-0.9610907303029943,-0.07017311159334327,-1.0,8.716621616449373
0.6642208210252456,-0.05851684324749473,-1.0,-3.063495902311318
-0.019930569255953268,-0.17383085351497507,1.0,-0.6918773674865941
-0.977353314679009,0.16987386679587813,-0.3421852799330911,-2.8986768780792582
-0.41816613739958486,-1.0,-1.0,-12.770932248831684
0.4187638897040087,-0.8784144062555486,0.00951144677826643,0.9331903565922957
0.2753162289780948,-1.0,-0.12947880563383807,1.7088329592783018
0.40663970300647656,-0.6873260497010492,-1.0,-8.783447766343501
-1.0,-1.0,1.0,22.757660755376012
-0.520246498693433,-0.3562429148060331,-0.5904425796925454,0.42285236726355413
0.727168705935213,0.6219827819341379,-0.13508650467898464,1.7044531619938308
-0.28296893833673376,-0.3597667923638741,0.08746128757106697,0.38305162784564406
-0.18814716359565908,-0.5598685301030313,-0.44484932323491333,1.338135771874227
0.2807306419561715,-0.9860581770772687,0.042057595844303686,1.3503345193931815
-1.0,0.8971922892863269,-0.8825118806118979,14.228506608877874
-0.3700863797377698,-0.8178832237765241,0.9516191171318404,-0.7314716103338866
-0.01339161729874605,-0.07287173961671978,-0.15867670746167684,0.905574144277884
0.8437950752231924,0.08525385091758952,-0.5865559699134495,1.699163625741275
-0.5153020396553363,0.9869075924928536,0.6819576970308983,6.265249666218587
1.0,-0.42848297166010996,-0.3942167060458073,4.299278584840366
0.22869130678389782,-1.0,-0.01620507419948125,2.63185306611997
0.28878366122168075,0.20893447625480777,1.0,-0.05083730913772977
0.017747801905172444,-1.0,-1.0,-17.95996480074815
0.050444652219626684,-0.05442323562477158,-0.5176077924760603,0.5799114285342911
0.6141626766621389,0.7808936456001536,0.6304305276725277,4.0414877867245025
0.25508337269269066,-0.9226539367406772,0.17458184301535318,0.6208204145211889
-1.0,1.0,-0.8464611488089797,15.061604195471288
-0.13860708591456583,-0.31482650601302375,-1.0,-3.95941235545016
0.7492242933933104,-1.0,0.30794285387740516,-2.278356059618149
0.2756654242287493,0.2281835054296204,-0.9866969692479164,-3.147181016272911
-1.0,1.0,-0.17973338946721085,10.163385981598424
-0.6065836773665751,0.20490987545221095,-1.0,-0.2840257227361739
0.9484819964230027,-1.0,-0.9028878815731278,-20.570097331544574
0.6427836284564858,-0.2755281176946589,-0.38561187038397216,0.8786526840736076
-0.5678233802202028,-0.33603778083192304,-0.4637412860620169,0.5458260998393052
-1.0,0.05349792077884219,1.0,3.4148488780794897
0.9671727223852018,-1.0,-0.24590189504455817,-8.11310262931144
-0.4410698878851991,-0.474363779708892,-0.8666992499435058,-1.312592742648399
-1.0,1.0,1.0,16.553298930170126
1.0,0.4619661944188145,-0.6488626237958177,5.860740595120556
-0.33473548088211746,-0.7239308121242218,0.27277371372138215,1.5197503976992794
-1.0,-0.618154002896153,0.23544081866840605,0.6077820425480549
0.8744626471685855,-0.3394051741353403,-1.0,-1.4937102224886205
0.5754386965546308,0.2790970412367453,-0.7929943624333122,0.9539127809273472
1.0,1.0,0.013009171028141253,13.650507383370424
0.9997093250658882,-0.15313913999779305,-0.39799269956442673,4.550483780633092
-0.3558454375817435,0.134699683606623,0.30177780097771634,-0.42573328472112765
-0.7484489421551181,-0.02536392597860071,1.0,2.1566167871903668
-0.13524755200844307,-0.4192823051934642,0.2168686428605353,1.6663256277858665
0.7089990322574438,0.3811595664390848,0.14458344939867884,2.3974382344549885
-0.7803389881151908,1.0,-0.9399073090509076,3.088815424859329
1.0,1.0,1.0,26.129853091275002
-0.1156118222285023,-0.15605505103550565,0.7350008339487981,-0.461681556523551
-0.49447041577931317,-0.07347929403606912,-1.0,-1.0576152645167707
-0.6149232734195764,-0.4809233084897109,0.4023019690496996,0.44034849525887665
0.1585849261679091,-0.12262529464348026,0.2204983748235958,0.635514626649855
-0.8725550020114496,0.5187669675719468,-0.22261874012797755,-2.4504027222983917
-0.2568707882223802,1.0,-1.0,2.0540226533955006
-0.8495584135218579,0.02962528487252092,-0.7652734024303636,1.1019948840516227
0.06121511630437748,-0.03174760777765817,0.18972376939448599,0.5436214859171854
0.4498902097811541,0.42962312152340676,-0.18216598351279845,0.8147266476759744
0.6292032344767782,-0.6839056517505981,-0.4108055650949989,0.6103699879062376
-1.0,0.6222699519088135,-1.0,18.50280546627156
-0.41938823509085155,-0.052124829305321585,-0.06887886706254243,0.040652261574458004
-1.0,-0.30715759598602443,0.7203553901326236,-0.4273194407487601
-0.34640350803098596,0.5976895811655991,0.2590242517459578,-0.6468783965928157
-0.5797630464882724,0.11715274139291632,0.3220088242156216,-0.955145432560908
1.0,0.09133193624949287,-0.8875896280356903,8.476121392745391
1.0,-0.4231973049508573,-0.6033656475484477,5.523226388474309
-0.19274197489610434,0.8983985938678649,0.2654427473184924,2.606075469912123
0.6864523909405,-0.08967839706486891,1.0,0.5693650642889898
1.0,0.8401021870841521,1.0,26.865313655756527
-1.0,-1.0,-1.0,3.2895715054266974
-0.23615401943295367,0.20448984778256296,1.0,1.5028684519430777
-0.5733490688033687,0.1284504902934942,0.5511207350068466,-1.6283319836153343
0.5373272994784197,0.06756979258758,-0.5650035344025035,1.8597774034937589
-0.8285713050365302,-1.0,-0.5596450811077256,3.5673058659088084
-0.892925597213672,0.4384960502903734,-0.26402877029377914,-2.287383312813275
0.7298991463897335,-0.6843390781017897,-1.0,-9.314437127284378
1.0,1.0,-0.026642409555082347,13.989225006997357
1.0,0.3951495265262772,1.0,20.403947438653958
0.03297203689486983,0.37393770774845625,0.9499563978186572,2.3754457897031855
-0.13252182651741684,-1.0,-1.0,-15.936977352906435
0.22401368403238275,0.14217076603401946,0.7911800306092647,0.08524186972552086
0.4897958513538705,0.8390086144554394,-1.0,-1.678657826820902
-0.4333641527481642,-1.0,-0.06782948116709853,3.43264124846944
-0.599168785078072,0.03272737249753388,1.0,1.644586584633688
1.0,-0.2900288508400912,0.8855567811394793,7.121235377247608
-0.9937696402149983,1.0,0.22107440104050968,4.7272237818933
-0.10404557006075232,-1.0,1.0,-6.317873212975429
-0.39862415456745715,-0.5776706221446211,-0.8414649004179153,-1.0618892272916214
-0.4008186284859325,-0.05806426779289975,0.5374567565537853,-0.3729990832661296
-0.4163869575725554,1.0,-0.45221139185805015,7.2503486264052786
-1.0,-0.2160784098642874,-0.0738300537697405,-3.274969611653803
1.0,1.0,0.6091418908311519,14.616683268091979
0.3602387513012666,-0.030320732436116327,0.5824749859615737,0.409167822801359
-1.0,-0.25736547159248624,-0.13848613579731306,-3.2454893790470583
1.0,0.2489141218900388,0.23048020186979623,5.685256454763447
1.0,1.0,0.32017678259790006,13.091836702858194
-1.0,0.4558514064010213,-1.0,17.544671789783653
0.09363258571335287,-1.0,0.37457477792156624,1.5742983670436645
-0.9368825436549408,-1.0,-0.1778170568662898,7.246192869164236
0.8503351690866419,-0.2440268942074404,0.834927647321801,2.546820886698744
0.7570403774033898,-1.0,-1.0,-25.992385572379558
0.4183503253983134,-0.5919783188991437,1.0,-3.5858755168931773
0.6407924288361742,-0.884703069015849,-0.3348659303838921,-0.7673401634236995
0.2893730091794475,-1.0,-0.07645224671551554,1.716538856291156
1.0,-0.2311503217309019,0.8315631913961004,7.811120302546574
-0.08707983704319178,0.2173741946345078,-1.0,-4.515720221734968
-1.0,0.8262063673595204,0.9589390279453165,8.126521045415299
0.5206828631645328,0.5593750940973896,0.2868623404096151,2.4302780687172674
-0.7197374442836122,0.8322726953887039,0.005492121488972268,-1.0807381311925006
0.12461753371981987,-0.7662888935100471,-0.17395308305007795,3.118219561021605
1.0,1.0,0.0316095345009042,14.371732585859078
1.0,0.21250314303907292,0.4496759450086023,7.525534721600305
-0.107991024252301,-0.724680409877672,1.0,-3.3568743282338027
0.42915648477223334,-0.5075194173468387,0.3005999223981606,1.1778607479870677
-0.14706419447657448,1.0,-0.10535643276969675,7.951476000487669
1.0,-0.7653911748576343,-0.6941671608113653,2.2544985776866784
-1.0,-1.0,-1.0,2.971598008675337
-1.0,-1.0,-1.0,3.426222632211853
0.16364072998575163,-0.3058487612626477,-1.0,-4.115377306958154
1.0,0.8827038853884634,-1.0,25.159607197374978
0.6283013294013249,-0.7635023740754578,0.22480355795543994,0.7601145033285261
1.0,1.0,0.7813567076156402,18.80061906338077
-1.0,0.874438501138654,-0.8191807739263772,11.420725983068486
0.0554278380498745,0.4356756223126472,0.37447668857456784,0.9275377771284452
-1.0,-0.3103239353222247,0.5775186428323376,-0.6748561740843141
-0.05800864906522052,-1.0,-0.01690640016052236,3.1988279047882227
0.16755850406078165,-0.6640457800644006,0.3809387780863147,1.0457607354963
0.9195302596175456,0.349945157878611,-0.2028661639841811,3.7594577288037043
0.010661228196283012,0.9057910093222579,-0.2601118789516168,4.703611230511554
0.41806527172507724,-0.004030702134248498,1.0,-0.42060753945075147
1.0,0.946467104446874,-0.28609415325677334,13.268464854579637
-0.48426054706384636,0.28782860843539715,-0.755845375558087,-0.7649444851700641
1.0,0.8246022046685664,0.01400075515346133,8.334927348011798
-0.963083453410063,-0.0409507428020639,1.0,3.1952200257851375
-0.34106810564866774,-0.6243707465460131,-0.6566704150067846,0.3436851792942252
-0.53394997781066,-0.15073403791086126,0.06194642784331483,-0.1793891535919305
0.41356770879609805,-0.6303579063669715,-0.09380747060308248,0.7300506220775151
0.7195403384173764,1.0,1.0,11.520002663113612
-0.682379847839369,-0.19016346847286236,1.0,2.4651032642348323
-1.0,-0.10279099494173116,-0.9260306975247177,6.028361090969503
0.2232388919690178,-1.0,0.29554297129191576,1.5442855841131307
-1.0,-0.8318496699149804,-0.9980201149444141,5.49910021807276
1.0,-1.0,1.0,-9.212993784958224
1.0,-1.0,-0.4024366138851714,-10.794292187665015
-0.23071754065123828,1.0,0.6022456046752118,7.621461947411766
-0.3726006269306963,-0.1145444431281537,0.02109686458823523,0.05858584016526035
0.27906053039444534,0.18372153943338287,-0.9826586602311385,-2.9039975334296404
-0.503501562415315,0.8062602449865424,-0.15278799574456703,-0.13113163096379754
-1.0,-0.11457290117454555,1.0,3.8691427779011907
0.9995367012590206,-0.32648915834617664,-0.08070619565869097,4.003638428914972
0.8196913742998391,-1.0,-1.0,-26.886734772723916
-0.7437353093140784,-1.0,-0.8742671703534979,-3.025390886415799
0.5206954294655712,0.2005764780122259,0.31614379903291256,1.469935266891329
0.5344509101583885,-0.16318496565239204,-0.2908299607720153,1.9968559825000058
-0.02841454330148152,-0.06772458346297294,0.9971856053744073,-0.658678729934401
-0.14683051723809837,-0.20371517782797843,0.9227492891951332,-0.5087973301889238
0.6687670365401854,-0.4272962956813422,0.24018912723404862,1.6853547120790329
-0.756737432346791,0.7204097549480677,-0.3221306371169492,-2.216722894210255
0.6641476657940397,-0.6017842454353974,-1.0,-7.758954282918421
-0.06428860814340998,0.05880234567265297,0.8067936968506149,0.03979573944736905
1.0,-0.03677151502558651,0.10465518567704768,4.746253739418848
-0.7936430710278242,-0.7721175300008891,0.9008281567967937,5.382203763790772
0.6706120864104959,0.9699961639364225,-0.811090547700501,10.316439365625675
0.315652191858077,-0.1012896731338111,-0.46605220377567735,0.6709172864186387
-0.05782522349992547,-1.0,0.4674299651394962,0.992572326327251
-0.1558679063379509,1.0,-0.7928949134450256,7.89303528290639
-1.0,-0.5891976548443343,0.5732386724797933,2.549382250608329
-0.7758982262660477,-0.8997513348034862,0.6553407134700744,4.418114427481759
1.0,0.21749763030540525,0.5693485380020464,8.385309054369284
-0.012482944552345776,0.5109544462449105,-0.108179355611846,-0.014964590051681548
0.6166678412471533,-0.9549908404660028,0.7755447145536132,-1.1715520607801464
-1.0,0.9444059148948254,-0.054608054579723175,5.020623760454271
1.0,0.8562157540846835,0.6681361069714373,14.83068934666258
0.9373477445308376,-0.8305798511552849,0.48255118747270864,-0.10409963185304397
-1.0,1.0,0.054468422418282536,6.354085208077968
-0.9465414486818184,-0.39183348977059773,0.2885175040425396,-1.0676779690412197
0.6525336863030617,-1.0,0.8178608453715117,-3.0173816522852572
-0.7258891356897508,0.26368955255433657,0.5415842258030854,-2.392965662664767
1.0,-1.0,1.0,-9.496651084122643
-0.8837845474774388,0.7645337381624395,0.14776617073412002,-2.027517290812415
-0.19436333250628723,-1.0,0.9677949934529406,-5.327755280030367
-1.0,-0.1497793644089469,-0.2729361845243914,-3.4223364718644436
0.14989149115353917,-0.22623659728887002,-1.0,-4.092665584811442
0.40377170348414193,-1.0,-0.16627955372530923,0.723514819783874
-0.08013204439733768,-0.5016150458588862,0.5289992971195459,0.2747188676105332
-0.6342991095694077,-0.666387664960234,0.9970492756519977,3.2438589476760438
-1.0,-0.5803270510318368,-1.0,5.699758686696793
0.3631954103597923,1.0,-0.9970213671401003,5.988252907326579
-1.0,-0.21986370372032682,1.0,4.448067419193079
0.590377987471389,-0.9808011086643746,0.3976676955419478,-0.43194215361386695
-1.0,1.0,0.9234591549583016,10.047919151417847
0.8065470328910374,0.1776230662298086,-0.4506006885725393,1.6333612100318438
-0.7714973801042055,-1.0,0.020473994048479716,6.16374257548077
0.29301621133155975,0.1283716431169617,-0.5071757177689897,1.065711924492149
0.3735128916269237,-0.41332813613333164,-0.9326218718285548,-2.7816600958409903
-0.47643792331152257,-1.0,1.0,-3.2389673562551384
-1.0,-0.061110145892877776,-0.33327463395067514,-3.408502180547944
-0.839021496921498,-0.7799358583514688,-1.0,1.3810006131214327
1.0,1.0,0.08481236146376547,13.814492913668829
1.0,-0.36131256521183475,1.0,6.493326872092334
-0.9156663525875848,0.4954426231737563,-0.5790441984364836,-0.34205348327630103
0.11225055136839801,0.710072709276599,-1.0,-4.060902440893102
-0.5637813378623087,-0.44981971885885597,-1.0,-1.9261996966994297
0.40359002009551714,0.9165564391808516,-1.0,1.534699900033916
-0.9547430048282735,1.0,-0.061552574681347005,6.597774307945137
0.008578276081855796,0.26916163151470673,0.5650095555127366,0.537457631909506
0.35529923578824385,-0.26929247842941195,-1.0,-4.0185546348896874
-0.8870994545694801,0.3095631788585551,1.0,3.0240459045520285
0.04038997189111648,-0.059329587525351,-0.5673949441743045,0.2591007033215177
-0.07254965448324358,0.12841146079962118,-1.0,-2.8406506417527577
0.027867038268621913,0.6575704188557989,0.15247186516124867,0.9884624368089197
1.0,-0.1991919880776094,0.2741174414387064,5.61801707681542
-1.0,1.0,0.10434010027623608,6.687156206872883
-1.0,1.0,0.2564235926978067,4.126648884363895
0.21928614841034788,0.1362099671222694,-1.0,-2.6059277738228737
-0.43430035366871556,0.8669052213617021,1.0,11.260070098065727
0.015900458438387277,0.46117382820878783,-0.10029788951057439,0.06359670054914301
0.11405263764501838,1.0,0.6977204359568561,8.779212606603801
-0.4852428209983466,-1.0,-1.0,-12.504574587402947
1.0,1.0,0.3680851369264231,12.988785223130957
1.0,-1.0,0.6830877974231637,-5.595876319835565
-1.0,0.46113871080560487,0.31273088880448663,-5.409063065475539
-0.9163013039549135,0.6584517888951449,-1.0,11.054811180604922
0.3716130500082062,-0.10687368948655251,-0.0582414944331604,1.6629133160369798
-1.0,-1.0,1.0,21.436515373868197
0.19584434859801547,-0.9879675500886131,-0.31886753865154627,1.1762015841888287
-0.4731387722747553,-1.0,0.2680355226966422,3.5658632969488795
-1.0,-1.0,1.0,21.850197363558244
-0.6786410586965679,0.34077265259124645,0.0654170491518773,-2.7408952176440495
-1.0,-0.6476961703338835,-0.4554520749789146,0.3714918394448843
-0.2853533409550604,-0.9845423667800348,0.4068768571299721,2.860518980903329
-0.7321544431002471,-0.04705239999825106,1.0,2.2226859499468743
0.19178338031006192,0.4500155537859505,0.43768473291402654,1.068289093911576
0.25158763364853076,0.2922709177315217,0.27618924774217835,0.9193795651422814
1.0,0.23822469387849865,-0.07143402022170586,6.1645762546973675
1.0,-0.14113743822491265,-0.10888063657876912,3.999543689803323
-1.0,0.712155458668807,-0.5225810717790997,3.51731036314872
0.42735031600038775,0.9947303147653515,0.1780683960664049,6.681388524055483
-0.1342254425352718,0.12128011952965978,1.0,0.7354923391552284
0.7893890886518438,-1.0,-0.9034304018586041,-18.87351350796365
-1.0,0.03607335206343487,-0.8970521650355439,6.780255794187001
1.0,1.0,-0.5773602967708971,22.709317444080263
-0.050076368379555536,0.03630117779974862,-0.9492099346112965,-2.3785343738287708
-0.7534375918803251,0.8943007896560651,1.0,12.161506177636586
1.0,1.0,0.3064597538592493,12.750187019389646
-1.0,-1.0,-0.8090016799196023,3.8062285994827594
0.06925744382125965,1.0,0.7969164103449671,9.255849361918472
-0.011748724674559563,0.6308245293779602,0.9177099210120108,3.025691547462907
-0.7246953699485306,-0.8062877189750897,1.0,4.747705295416191
-0.5093156304594082,0.787157679337205,-0.06813234884336006,0.5067205870413218
0.6891417195942162,0.9763517273346825,0.36721218214471896,6.182528506637501
-1.0,0.37455586517788086,-0.1785986258626171,-3.1701278440210485
0.8689896945278195,0.7714984080869067,-0.9127552265354177,7.573015251272147
-0.21183833888086112,1.0,-1.0,2.3046139700887247
-0.714497949973518,-0.48598791457676005,0.9897226306110813,4.122939564865458
0.23303124607573045,-0.27468763195767076,-0.0008107299346826746,1.1649980530838404
0.4356147975863023,0.3332107503233681,-0.2594381298945476,1.4964944782386889
0.6294366796620623,-0.04937008809013155,0.5754865675806142,1.8634595020574252
-1.0,-1.0,0.9724636352097304,20.682090722199067
0.3277766688576682,0.09176586337992676,-0.6630774168812943,0.4539068569712794
1.0,-0.13830091432674707,-1.0,6.502314175863274
1.0,-0.3712913887780789,1.0,6.9175026666036405
1.0,-0.13896984872197948,0.7410016896531957,7.393277431146005
0.8142380078278533,-0.6366259232625173,-0.03337100866069109,0.7166551124789725
0.5917832277037376,1.0,-0.5398375005097995,11.558707065116549
0.2983818024957461,-0.7401088418530171,0.27239901970767666,0.5138325038312924
0.7048813815806749,0.6547874352299983,-1.0,-0.15917492962430896
-0.8231711015269989,-0.025817631465158586,-1.0,5.838520975426656
0.4798821842758143,-0.5355690673506865,-0.3075693388837808,1.1320018411481985
-0.15743859943930105,0.44485059151262285,0.04890871065340985,0.20613334702251535
-0.05900351036365792,0.1717527412616371,1.0,0.6023115513080181
1.0,1.0,-0.39260572090774715,18.378278950681835
-0.25554215089435317,0.8533863656037639,1.0,9.956006860287216
0.4233190556594053,-0.9417547965566846,-1.0,-16.540352907452363
-1.0,0.9632623827228273,-1.0,21.10241666576716
-0.7592568738570697,0.4708069982303573,0.2005439679544423,-3.0965642621567246
0.024603051110903218,-0.33802981654904274,-1.0,-4.081127994817938
-1.0,1.0,-0.010824226088891109,8.470497651531293
-0.8275085171513816,-0.39504671432475935,-0.6468027362193627,0.7259557926458544
-0.3924801984062958,0.4331149690573832,1.0,3.617671201967517
-0.39678765200929567,0.972843953617897,0.42606047607635467,4.803489034458557
0.05903010701562339,-0.07156765708775881,-0.666573583015243,0.8346239801401599
0.6010378561637479,0.12222542281305504,0.14378788296626888,0.7751292596502243
0.6107786408400431,0.6051129533042243,-0.15523855230217332,1.3588245060665674
-0.6663931709344744,0.18574692797027015,-0.4654765167105115,-0.7908432660578233
-1.0,0.8385412020011216,0.6758992213286596,-1.6755798858605404
1.0,-0.12092731632241249,-1.0,6.624623148806171
-0.7391233986670172,0.9886680074060092,-0.13072442012306484,3.948767573538406
0.9584632820580898,-0.1793192530349479,-0.9534672311752794,5.145369545792032
0.28818344145998176,0.06371431019988738,-1.0,-3.5324176411929264
-0.32394682786041984,1.0,-0.32122604651064957,8.002137466673252
-0.7923601291053814,-0.6858991023083247,1.0,5.151330928030495
0.35820485788279743,-0.19304010534453564,-1.0,-3.8101373014824667
-1.0,0.31964966050791177,1.0,3.6362804006714544
-0.3589022683895342,0.5856892417980493,0.3661406840518753,-1.3596752003130863
0.20376231892405516,-1.0,0.9959203264721634,-7.7278427611629805
0.5176778004644285,-1.0,-0.27026771469270705,-0.8936660589365272
1.0,-0.33970338527296673,0.5715811365936525,5.23836666493488
-0.21105318571281173,-0.08951056183055273,0.21719477769718676,0.5048547044260457
-0.6020906375617281,-0.8732756396177328,-0.3931858786273432,2.2182719191861904
0.17399158044448004,1.0,0.21718140743457237,7.128876142262689
-0.25808969693091366,0.0016563403278608835,-0.5234718888126539,0.39231430949527013
0.23973772461065446,-0.25999721136629095,-0.0719247797329261,0.7982103203681934
-0.18015447701564757,-1.0,-1.0,-16.083046139424468
-0.37628596761239996,-1.0,-0.28405243477257436,2.3680294962670954
0.36752395225903656,-1.0,-1.0,-20.009182381923868
0.3128799174471042,1.0,0.02137910333672588,7.549693265689504
-1.0,-0.677252091859835,1.0,12.737401912147003
-0.5859373289444052,-0.03500339548909137,-1.0,0.9250873508586992
0.20525960096631346,1.0,-0.6002557009790428,11.614395443247213
-1.0,0.04862589320951671,0.8387674314419198,-1.2835802277905635
-1.0,0.8874074352228885,0.899003318900782,5.356547729569361
-0.3567160888455754,1.0,0.9338902656293229,13.725741234349709
0.30741666131250844,1.0,-0.30252608435391193,9.841548840504114
-0.9820485849709093,0.13662776080443906,-0.7736895349103219,2.9999062961483483
-1.0,0.8221047371947727,1.0,12.625971183370483
-0.0747630852468466,0.4504220142177573,0.8226408567764776,1.063465622154788
-0.32966719095617614,0.0683849782765098,0.15331984324250825,0.08072150522396226
0.041067146606281524,-1.0,0.8535172092465066,-3.948350398179553
-0.5896658514519784,-0.6420809801933802,-0.39600958758213345,1.6250519928490974
-0.9614571013263864,0.7308097501919582,0.32898691210611863,-2.41425776528527
-1.0,1.0,0.3967768760952186,2.2798596126867285
0.0011168249687139031,-1.0,0.585720248787992,0.47644811140704796
