problem,features,degree,alpha,train_mse,validation_mse,validation_mse_std,validation_r2,fold_0_mse,fold_1_mse,fold_2_mse,fold_3_mse,fold_4_mse
var2,"x1,x2,x3",7,0.1,0.19532586244073843,0.34637653879950314,0.07597946559489714,0.9912713848516889,0.27491362459884033,0.27024481775265263,0.3424411367538528,0.4407475540929081,0.40353556079926184
var2,"x1,x2,x3",7,0.3,0.2051378571994699,0.3465577253013468,0.06036443621222132,0.9912779190278365,0.28210904839506296,0.28607936458709216,0.3573127592455209,0.41173392492280514,0.39555352935625293
var2,"x1,x2,x3",7,0.5,0.21469770792109838,0.35399269757540414,0.05387424869788411,0.9911018738821161,0.29241296953088275,0.3002139369292699,0.3751295988118736,0.40556993974061617,0.3966370428643785
var2,"x1,x2,x3",7,1.0,0.2359392856014531,0.37738222665997684,0.04949078756443515,0.9905362641771628,0.31848716769289354,0.3283726199409993,0.4142325574026383,0.4176251422451359,0.4081936460182172
var2,"x1,x2,x3",7,2.0,0.2700871521030089,0.4200779082448559,0.05128448164679812,0.989496635031651,0.36433833318776065,0.36757364569357076,0.47151327920419606,0.4625817176319881,0.4343825655067639
var2,"x1,x2,x3",7,3.0,0.29749226465064493,0.4549880307531199,0.055195624129036766,0.9886459811029553,0.4035829259503879,0.39541743284723385,0.5130949081625124,0.5061319679914498,0.45671291881401527
var2,"x1,x2,x3",7,5.0,0.3413037482329142,0.5102846535680535,0.06411657653748845,0.9873012058689093,0.47066471438931134,0.43540052990478395,0.5737098483665426,0.5802036396080432,0.491444535571586
var2,"x1,x2,x3",7,10.0,0.42224363793192127,0.6097442064394974,0.08844303795823799,0.9848915750311736,0.6056588921322082,0.5016208052941515,0.6724633765732803,0.7194095959557825,0.549568362242065
var2,"x1,x2,x3",7,20.0,0.5453816421307297,0.7549564824217999,0.13442584059255405,0.9813715648420898,0.8180680124612205,0.6029826951461998,0.8015138747716056,0.9212634663856194,0.6309543633443538
var2,"x1,x2,x3",8,0.1,0.14998139952564338,0.31866138799623744,0.0731329977486077,0.9920472950463605,0.2196191312475,0.2857232065851186,0.40090201487025967,0.37887888125294705,0.30818370602536194
var2,"x1,x2,x3",8,0.3,0.16124877326626866,0.3136791350808463,0.06434127771876466,0.9921705042867629,0.22741482230616325,0.2829200466701654,0.39384336246958473,0.35519491045051677,0.3090225335078014
var2,"x1,x2,x3",8,0.5,0.16850918002024703,0.3134251496656254,0.06077789407252491,0.9921785224412961,0.23416380161149183,0.28235071128765504,0.3945534299220637,0.3441455176249423,0.3119122878819742
var2,"x1,x2,x3",8,1.0,0.18123991406770146,0.317914790487749,0.05731567346394353,0.9920712885656473,0.2490524538026913,0.2844988933986327,0.4016888879633771,0.33396395980484817,0.320369757469196
var2,"x1,x2,x3",8,2.0,0.19918101508732278,0.3323519116047796,0.05654860119145687,0.9917210105749655,0.27435948694329826,0.2934162156915746,0.42111272194102245,0.33630610115595067,0.3365650322920521
var2,"x1,x2,x3",8,3.0,0.21357194628344928,0.34771250293590233,0.05780797221490161,0.9913482946095741,0.2967716925106553,0.30287013209665414,0.441251973024572,0.3467021492540258,0.3509665677936043
var2,"x1,x2,x3",8,5.0,0.23802150719290865,0.37696315100951966,0.06164106212330432,0.9906399877030825,0.33725440950427477,0.32002020844013196,0.47875890533926463,0.3730507858090427,0.37573144595488406
var2,"x1,x2,x3",8,10.0,0.289222352040527,0.4415679981441437,0.07230720888520276,0.9890774897177705,0.42597701913344704,0.3564047009395271,0.5562524542759644,0.4437657291296529,0.42544008724212756
var2,"x1,x2,x3",8,20.0,0.3786807057998778,0.5528792228795274,0.09328093533047346,0.9863744134032437,0.5790063287334983,0.42319759123044454,0.6729037041200043,0.581818661922997,0.507469828390693
var2,"x1,x2,x3",9,0.1,0.13607827867705388,0.32071222961857093,0.09307898691634744,0.9919530920016658,0.21787027213199334,0.2788486556204703,0.33068579003498144,0.46916440464443876,0.30699202566097084
var2,"x1,x2,x3",9,0.3,0.14550164006715566,0.3003346362063482,0.07498953161253087,0.9924411461193362,0.20892784123729488,0.2648200289849393,0.30608047930867704,0.4133745708069239,0.3084702606939059
var2,"x1,x2,x3",9,0.5,0.15070489365584558,0.292669162140744,0.06731678421734417,0.9926285612486222,0.2062828693274338,0.25833225170873286,0.30107390794478717,0.3882379395291254,0.30941884219364085
var2,"x1,x2,x3",9,1.0,0.15941765927735202,0.28672135425248807,0.058065281828100425,0.9927779501362523,0.20838209260341709,0.2520314268815097,0.3014935079973939,0.3593066174186709,0.3123931263614486
var2,"x1,x2,x3",9,2.0,0.17175820406256276,0.28989678446608463,0.050871636478069394,0.9927060480975716,0.22084920880153605,0.25286493116276354,0.31300576816874787,0.3422607755509031,0.32050323864647284
var2,"x1,x2,x3",9,3.0,0.18180252270270275,0.298155173693528,0.048209601667103044,0.9925068460247314,0.23431116570803492,0.2587227720067368,0.32711662796324453,0.3410384256439037,0.32958687714572005
var2,"x1,x2,x3",9,5.0,0.19897624715192866,0.31750903240881356,0.04706650784988632,0.9920355307789908,0.2592595824475653,0.27339895789387825,0.3553416655755216,0.35191252092216446,0.3476324352049382
var2,"x1,x2,x3",9,10.0,0.23453370352224842,0.36452039740541303,0.05042519638931081,0.990887850652034,0.3129247513321535,0.3086033661392277,0.41845025595808905,0.3956700040282803,0.3869536095693146
var2,"x1,x2,x3",9,20.0,0.29397281325913005,0.44590100142404065,0.06205072078492118,0.9889062648577894,0.4057453286602688,0.3665717505221996,0.5210467063515523,0.48887565306352876,0.44726556852265376
var2,"x1,x2,x3",10,0.1,0.1259683650019149,0.3622621513067215,0.1395265897541732,0.9911014964310498,0.22112707884991328,0.29034354171926746,0.5704876349817495,0.43326842974630386,0.2960840712363732
var2,"x1,x2,x3",10,0.3,0.13442588841162945,0.331415810388764,0.1110809632152819,0.9918121574332683,0.20622448582401817,0.28263854570304076,0.49540258764340256,0.38310977227770254,0.2897036604956557
var2,"x1,x2,x3",10,0.5,0.13901608498334928,0.3211786639201212,0.1036158082970923,0.9920564833840704,0.2033279719356734,0.27686656315457614,0.4770845748523195,0.3614982845100305,0.2871159251480063
var2,"x1,x2,x3",10,1.0,0.14633919298051135,0.311423992612658,0.09662315586964544,0.9922942254488116,0.2042912968012264,0.26920135603991635,0.46241201534919085,0.33595775198339817,0.28525754288955824
var2,"x1,x2,x3",10,2.0,0.15588632188008172,0.30687390226651673,0.09023869097199862,0.9924054116348312,0.21294569012324516,0.2645952500036802,0.45363903445095294,0.3151289729238287,0.2880605638308766
var2,"x1,x2,x3",10,3.0,0.163285950764795,0.30800948701213937,0.08666275234045077,0.9923757767458488,0.2228451131276544,0.26511856241249593,0.45203578538752537,0.3062696871178097,0.2937782870152117
var2,"x1,x2,x3",10,5.0,0.17584895648292348,0.31604946622679886,0.08347958030403382,0.9921741578105742,0.24185736274070155,0.27137278123775016,0.4578032223689671,0.3015330064113995,0.3076809583751762
var2,"x1,x2,x3",10,10.0,0.20274857255273065,0.3453630250618747,0.08447775915703555,0.9914472823338845,0.28346013197924413,0.29409519185573163,0.490877078416703,0.31525896854484786,0.343123754512847
var2,"x1,x2,x3",10,20.0,0.2502561660295548,0.4079459112949211,0.09394704045301971,0.9899086285931507,0.35507988566802107,0.3398578970824121,0.5705066920512085,0.3700864069019915,0.40419867477097227
var2,"x1,x2,x3",11,0.1,0.12089782400123442,0.3533586917997463,0.12091990042834667,0.9912152828814731,0.22401634173048243,0.29974667177009584,0.4218629760373206,0.5281433983688621,0.2930240710919706
var2,"x1,x2,x3",11,0.3,0.1292193615750882,0.32365280467458146,0.09824616523812243,0.9919171396817132,0.20642905457835284,0.2847130546235432,0.3734111619775484,0.4640752215505551,0.2896355306429077
var2,"x1,x2,x3",11,0.5,0.13352632590997435,0.30922115885615736,0.08617335186395762,0.9922620136111119,0.2003855005768763,0.27596522192011275,0.35217644668068787,0.4294754779506972,0.28810314715241236
var2,"x1,x2,x3",11,1.0,0.14011428206998539,0.2921623935791622,0.07165115657589631,0.9926740966208254,0.1943285024969122,0.26366002108939063,0.33120213954900346,0.38488842084363895,0.2867328839168657
var2,"x1,x2,x3",11,2.0,0.14846399399430818,0.28100886568418143,0.05986050533367931,0.9929466969546736,0.19462419841742445,0.2536194180368133,0.3201367053875943,0.34836204468748516,0.2883019618915899
var2,"x1,x2,x3",11,3.0,0.15493175968859405,0.27888793215460017,0.05405298577413457,0.9929990676642533,0.20002695342573557,0.2506725149987049,0.31866298381633423,0.33284804974393,0.29222915878829603
var2,"x1,x2,x3",11,5.0,0.16600404664817994,0.28321079448684516,0.04825896178378609,0.9928927868766524,0.2141198569419323,0.25252314664640074,0.32469996845400156,0.3218486790830314,0.3028623213088596
var2,"x1,x2,x3",11,10.0,0.18989182979727728,0.3074447923027876,0.04568211781810401,0.9922946471491685,0.24867804679112746,0.270443634614265,0.35674835605039146,0.3279845015865522,0.33336942247160195
var2,"x1,x2,x3",11,20.0,0.23143431448141194,0.3632695278917243,0.053850650671392546,0.9909194795281628,0.3064608422647207,0.31406602932988525,0.4351741766871684,0.37033783681492066,0.39030875436192647
var2,"x1,x2,x3",12,0.1,0.11586578019826363,0.41910602398678753,0.19523135959203533,0.989811565674936,0.2576871201100032,0.29751667574938345,0.7057586289760204,0.5386196343930219,0.2959480607055086
var2,"x1,x2,x3",12,0.3,0.12379203145103317,0.3759877005269178,0.16532714161668757,0.9908111343036806,0.21962619377874154,0.29232329987745415,0.6302427911916626,0.44991851695212315,0.2878277008346076
var2,"x1,x2,x3",12,0.5,0.1279462203420786,0.35774370030582786,0.15155341349863505,0.9912350992076764,0.20787061430704729,0.2879197430059124,0.5945740407798582,0.41360156781040786,0.28475253562591357
var2,"x1,x2,x3",12,1.0,0.13431741848020812,0.33829188225660106,0.13974202196115174,0.9916975853016397,0.19854321740810196,0.2786237983178598,0.5635368704053993,0.3698328386577164,0.2809226864939279
var2,"x1,x2,x3",12,2.0,0.1422069618245316,0.32673151094930797,0.13454047803613983,0.9919817199533902,0.19843782409382066,0.2688753644765699,0.5509642071534606,0.3359080071436687,0.2794721518790201
var2,"x1,x2,x3",12,3.0,0.14814989239898946,0.3240654041656951,0.13241958818290786,0.992049091231839,0.2037232334137699,0.2653741371039236,0.5485444216241527,0.3212097582470477,0.2814754704395818
var2,"x1,x2,x3",12,5.0,0.15811272929733483,0.32611981823577046,0.12951670126167505,0.9919981391505225,0.21715592742157735,0.26605772930549276,0.5496416555271082,0.3081133342576189,0.28963044466705523
var2,"x1,x2,x3",12,10.0,0.1794112785065298,0.3434519919798044,0.12708806314916316,0.9915621174494852,0.2492808723240308,0.28180981723179627,0.566151101000804,0.30273596849292533,0.3172822008494655
var2,"x1,x2,x3",12,20.0,0.21718545212046822,0.3891581721334327,0.133123063172425,0.9904196197057742,0.3018526611122767,0.32329255175460475,0.6225456604879218,0.3241560595643005,0.37394392774805957
var2,"x1,x2,x3",13,0.1,0.11186602809709141,0.4036501536531418,0.16728722035827406,0.9900087338093666,0.2668058945994324,0.3232490159124457,0.46082940805819206,0.6716583696021349,0.2957080800935038
var2,"x1,x2,x3",13,0.3,0.12027023842984505,0.363454565388319,0.13553754705925858,0.9909861328474824,0.2210532041857312,0.3074569250101835,0.4486891432671564,0.5549437759254318,0.2851297785530919
var2,"x1,x2,x3",13,0.5,0.12453162425654762,0.3455175169772089,0.11940783463115785,0.991418384723634,0.20934507309619393,0.29919181074352696,0.4331953910974355,0.5028391338439282,0.2830161761049598
var2,"x1,x2,x3",13,1.0,0.1309824951113004,0.3212973775643265,0.09772791000146318,0.9920027347794752,0.198391539994784,0.2855874005660003,0.40773904063433103,0.43401739342584367,0.2807515132006737
var2,"x1,x2,x3",13,2.0,0.13880619983623013,0.30163250519155016,0.08060124775996334,0.9924796793488154,0.19306713057995856,0.271617920847948,0.3867848999869995,0.3764126272535538,0.28027994728929095
var2,"x1,x2,x3",13,3.0,0.14458615406088438,0.29427684424386963,0.07293729289901803,0.992658183649335,0.19433624943174393,0.26530195592393396,0.37846452965230915,0.35102005242219647,0.2822614337891648
var2,"x1,x2,x3",13,5.0,0.1541550954989101,0.29139473166192,0.06484651980913102,0.9927257318254517,0.20307690179628307,0.2619241620449668,0.37334124990467643,0.3292427757114027,0.2893885688522709
var2,"x1,x2,x3",13,10.0,0.17444483540267894,0.30410704215447104,0.05741364849803088,0.9924050073282211,0.23095191770973242,0.2714401085108309,0.3841809116869649,0.3203868786684793,0.31357539419634745
var2,"x1,x2,x3",13,20.0,0.21036804977353524,0.3467845361973089,0.06089393531911573,0.9913421627249439,0.27984173570271487,0.30697134000761717,0.4383850344851212,0.34295263042051616,0.3657719403705752
