problem,degree,alpha,polynomial_terms,train_mse,validation_mse,validation_mse_std,validation_r2,mean_nonzero_terms,converged_folds,boundary_mse,interior_mse,large_target_mse
var1,1,1.0,6,10.024235011433671,10.044685266090926,1.159275222645265,-0.005234972836613139,0.0,5,11.026846935999728,3.1695535767293204,47.25741992663867
var1,1,0.31622776601683794,6,9.311263549858676,9.401283750861998,1.292499875302986,0.06092253453034211,3.2,5,10.311182914574713,3.031989604872992,44.003773396053155
var1,1,0.1,6,8.851733801119462,8.968458575824188,1.214286656667033,0.10340398036869738,4.6,5,9.83371018808854,2.9116972899737346,40.16354127944555
var1,1,0.03162277660168379,6,8.795470627862322,8.93412308242402,1.2059241911593843,0.10655562635926466,5.2,5,9.787145074328068,2.962969139095674,38.997131970101734
var1,1,0.01,6,8.789496973834288,8.934187805818484,1.2049242501589303,0.10646078057808532,5.6,5,9.783168036915207,2.991326188141425,38.632405741287435
var1,1,0.0031622776601683794,6,8.788886504169431,8.935569402282917,1.2045156225696978,0.10629085493700582,5.8,5,9.783337654471461,3.0011916369631035,38.51628110459132
var1,1,0.001,6,8.788821672361811,8.936779517961531,1.2036474332098153,0.10614780238319037,6.0,5,9.784153601011534,3.005160936611519,38.4826061117697
var1,2,1.0,27,7.964278100310961,8.056523913177708,1.0474822526331213,0.1946626157381207,3.0,5,8.890777219631365,2.2167507680021026,38.25394796163563
var1,2,0.31622776601683794,27,3.789778843403495,3.9544591806988514,0.6633606506773263,0.605595411613751,10.0,5,4.398879630127769,0.8435160346964278,16.511538664369038
var1,2,0.1,27,2.747266149270547,2.9106753883618035,0.4443061753854738,0.7089299307366608,14.6,5,3.205963193356456,0.8436607533992374,9.920109722777557
var1,2,0.03162277660168379,27,2.5727893084710436,2.777050324775126,0.387778049619631,0.7217282907712785,21.8,5,3.0241690971949526,1.0472189178363371,8.339958431040358
var1,2,0.01,27,2.5406241762289627,2.762451229044334,0.3589329372735516,0.7227943111786654,25.6,5,2.990584990909079,1.1655148959911188,7.819568243412382
var1,2,0.0031622776601683794,27,2.5368161176541375,2.7630805371288885,0.34959010380746147,0.722574958580876,26.0,5,2.985204653996459,1.2082117190558928,7.64639333601424
var1,2,0.001,27,2.5364251317679063,2.7644868859683047,0.3473970877898246,0.7223879233650286,27.0,5,2.9847793408429477,1.222439701845805,7.593818949052983
var1,3,1.0,83,7.718417937905928,7.825506571702388,1.0710344468795858,0.218210276690206,4.0,5,8.629469205147084,2.1977681375895144,37.231837314581405
var1,3,0.31622776601683794,83,2.4325870133015273,2.629555766471443,0.4364413788411845,0.7379261270457217,16.0,5,2.9002636021665196,0.7346009166059059,10.933182499707078
var1,3,0.1,83,1.144196778052615,1.2993905663725953,0.2007070267841551,0.8702536139999028,27.8,5,1.4058809441576094,0.553957921877495,3.985428483055698
var1,3,0.03162277660168379,83,0.8592474696666466,1.0097248310060931,0.11796827450076597,0.8986989061977791,40.6,5,1.0675057043515734,0.6052587175877335,2.395565545637334
var1,3,0.01,83,0.754167523653885,0.9432348397924148,0.09410870188984789,0.9051480090156188,59.8,5,0.9878687167072093,0.6307977013888542,2.030608984274638
var1,3,0.0031622776601683794,83,0.7206274251836853,0.9484976814012546,0.06986163242954917,0.9044083254534195,76.6,5,0.9905252514265066,0.6543046912244903,1.9132776862466898
var1,3,0.001,83,0.7147289848720402,0.9619700280441827,0.05528346886735572,0.9028988779702078,79.6,5,1.001648815197697,0.6842185179695839,1.892676353201526
var1,4,1.0,209,7.624651272936445,7.739005650507987,1.0513709599852696,0.22683000816128568,5.0,5,8.526950924958552,2.2233887293540437,36.898123478449314
var1,4,0.31622776601683794,209,2.289049526075961,2.525095394376757,0.4679582831769616,0.7487790145606206,22.4,5,2.775212759074756,0.7742738414907664,10.409654806664438
var1,4,0.1,209,0.8793932406578866,1.0386652030285097,0.2045553342590713,0.896730572105597,42.2,5,1.1250095012803272,0.43425511526578575,3.146563139819631
var1,4,0.03162277660168379,209,0.5332978865593053,0.6642118518738699,0.0855273727533585,0.9334222241861261,63.2,5,0.7029090531278936,0.39333144309570367,1.409104604141607
var1,4,0.01,209,0.4172741305574804,0.6026757253878918,0.07914938901397252,0.9395104298202396,98.8,5,0.6338593923288213,0.38439005680138566,1.0469023695246116
var1,4,0.0031622776601683794,209,0.35995252000931655,0.6326887507246591,0.07638720000733311,0.9362497547572677,150.2,5,0.6649538615382519,0.4068329750295105,0.9560382301545512
var1,4,0.001,209,0.3329867418686704,0.7233058142064459,0.08904223198912539,0.9265837103316634,188.0,5,0.7587400398348323,0.4752662348077415,0.9096716424385424
var1,5,1.0,461,7.586640610058685,7.722054383498396,1.072630988807442,0.22876183612116704,5.4,5,8.50788981053785,2.221206394222205,36.88483200275012
var1,5,0.31622776601683794,461,2.044195105758651,2.2948915523126048,0.41342566856071533,0.7715005509916243,26.0,5,2.5125139468651936,0.7715347904444847,9.481755506309852
var1,5,0.1,461,0.6491103254014312,0.7880262629519085,0.1475539816534439,0.9214336808563262,49.4,5,0.8461613646039077,0.38108055138791463,2.428121422604548
var1,5,0.03162277660168379,461,0.3055619568101888,0.39113456912152084,0.039065298136717795,0.9606692750517585,70.2,5,0.40417310474089796,0.29986481978588025,0.7357148707867261
var1,5,0.01,461,0.2211372802565102,0.3255856540415069,0.027434019671472222,0.9671219477604194,120.0,5,0.3296058979837377,0.2974439464458922,0.45148707967747115
var1,5,0.0031622776601683794,461,0.17507780592549343,0.37871486887818034,0.022514471311895268,0.9616566705692232,199.4,5,0.38440164007464056,0.33890747050295894,0.5399026524561673
var1,5,0.001,461,0.128842014335385,0.5909357434496638,0.046929176700254295,0.9402533786744094,305.0,5,0.6162371673088348,0.41382577643546703,0.7503046400242956
var1,6,1.0,923,7.578983326229943,7.717841077125634,1.0763460839019545,0.22923216465320903,5.6,5,8.501004044246688,2.2357003072782633,36.85977230015394
var1,6,0.31622776601683794,923,2.0344313381437997,2.296828665880997,0.4411385777001844,0.7715360051772355,27.6,5,2.5124344240866603,0.787588358441362,9.436576059531486
var1,6,0.1,923,0.6380276730179495,0.7940486170187133,0.14314226642698524,0.9208650843531249,53.6,5,0.8505295540118729,0.3986820580665965,2.380209475291353
var1,6,0.03162277660168379,923,0.2983587902492396,0.4081919315559784,0.037280270538114495,0.958980119049464,90.6,5,0.42124004539280235,0.3168551346982101,0.746649435548026
var1,6,0.01,923,0.20660445744296535,0.35068953111453993,0.027325273785582353,0.9646639075025227,146.8,5,0.35739688104418127,0.30373808160705,0.5033768656615705
var1,6,0.0031622776601683794,923,0.14507583039294863,0.42523787155037,0.03455678175824391,0.9571075638967107,255.0,5,0.4363863842412271,0.34719828271437075,0.6280328722023956
var1,6,0.001,923,0.08250097014791609,0.7261404100915998,0.0805156477829111,0.9271501028900111,390.2,5,0.7639704967022273,0.4613298038172081,1.1709519437803881
var1,7,1.0,1715,7.577812850675831,7.715720693769714,1.0789297600214798,0.22947238204174472,5.8,5,8.498362000238867,2.2372315484856506,36.86226656977201
var1,7,0.31622776601683794,1715,2.02381260277408,2.3292097719857234,0.45195032172145855,0.7683447565716377,29.0,5,2.5463639476603244,0.8091305422635199,9.622800657497594
var1,7,0.1,1715,0.6290210620101657,0.8164984377381554,0.16681856448719043,0.9187357948350172,60.0,5,0.8744695094562985,0.4107009357111538,2.465890835529376
var1,7,0.03162277660168379,1715,0.2881742753459619,0.40826029627216964,0.040243320497258685,0.9589866907736837,100.6,5,0.4204594854170135,0.32286597225826286,0.7668749589421117
var1,7,0.01,1715,0.19601114117980695,0.36943576279791956,0.03573130029554648,0.9627839930324115,167.4,5,0.3767478060963215,0.31825145970910534,0.5595438454734887
var1,7,0.0031622776601683794,1715,0.1284037023550327,0.48137143549814654,0.05641408237223372,0.9512964971441831,294.2,5,0.49767281776542077,0.3672617596272275,0.7079739488235409
var1,7,0.001,1715,0.06113626900520872,0.8875853784942264,0.10813408707603234,0.9109340009696609,443.4,3,0.9480072011229619,0.46463262009307726,1.2999593619561198
var1,8,1.0,3002,7.577812850675831,7.715720693769714,1.0789297600214798,0.22947238204174472,5.8,5,8.498362000238867,2.2372315484856506,36.86226656977201
var1,8,0.31622776601683794,3002,2.0231980482457974,2.326580382605992,0.4457772151724054,0.7685620831539708,29.2,5,2.5428620202054635,0.8126089194096935,9.603363109051093
var1,8,0.1,3002,0.6278491776384223,0.8293759278974324,0.1709999493698842,0.917488141955711,63.2,5,0.8885495436131092,0.4151606178876947,2.500516116372239
var1,8,0.03162277660168379,3002,0.28493167244907147,0.4173676076203242,0.038097203063599434,0.9580821498219929,106.0,5,0.4307148599202424,0.3239368415208974,0.7823888499169106
var1,8,0.01,3002,0.18951016049592107,0.37245798793730384,0.034303139877059054,0.9625031758932714,179.4,5,0.3805983728248976,0.315475293724147,0.5365856794210989
var1,8,0.0031622776601683794,3002,0.11647635266047693,0.50533275027283,0.07351874902294708,0.9491799562864655,320.0,5,0.5236959488433791,0.3767903602789865,0.7673443079602846
var1,8,0.001,3002,0.05011606204545399,0.9584425187591974,0.12179123098833793,0.9038953790164304,476.6,1,1.017141807492293,0.5475474976275269,1.715251871091369
var1,9,1.0,5004,7.577812850675831,7.715720693769714,1.0789297600214798,0.22947238204174472,5.8,5,8.498362000238867,2.2372315484856506,36.86226656977201
var1,9,0.31622776601683794,5004,2.024716568990347,2.3198427690804606,0.44552178420741206,0.7692276900120547,29.2,5,2.5348731109755653,0.8146303758147252,9.53567275042214
var1,9,0.1,5004,0.6270627834001372,0.8329974291498571,0.17255063574108778,0.9171383796568371,63.6,5,0.8923827588012204,0.4173001215903122,2.5128388902519356
var1,9,0.03162277660168379,5004,0.2802655980221291,0.41847511909877977,0.0418972792077935,0.9579944523761771,110.2,5,0.4315863000519627,0.32669685242649893,0.7991129516177689
var1,9,0.01,5004,0.18575282511725671,0.3805205027415856,0.035541866910778354,0.9616314856495928,184.4,5,0.388996678761987,0.32118727059877583,0.565147911401256
var1,9,0.0031622776601683794,5004,0.10832982475420953,0.515081650463378,0.07213769798649519,0.9481417689952701,339.4,3,0.5330514472316891,0.3892930730852003,0.762072437421234
var1,9,0.001,5004,0.04275016963757579,0.9755081557611767,0.12767489363100423,0.902179479212758,491.6,0,1.0387036148923112,0.5331399418432359,1.3764097468651333
var1,10,1.0,8007,7.577812850675831,7.715720693769714,1.0789297600214798,0.22947238204174472,5.8,5,8.498362000238867,2.2372315484856506,36.86226656977201
var1,10,0.31622776601683794,8007,2.024419776413927,2.322032937869102,0.4474132245938873,0.7690161521833232,28.4,5,2.53752978184233,0.8135550300565058,9.55346198407097
var1,10,0.1,8007,0.6263215179187306,0.8401709136028964,0.1775496145452894,0.9164643547009088,65.0,5,0.9004229297265812,0.4184068007371018,2.5433399917862465
var1,10,0.03162277660168379,8007,0.2781434437936887,0.4245912775039846,0.04139404541745671,0.9573701363067469,111.4,5,0.4385417260279731,0.3269381378360656,0.8094906697276386
var1,10,0.01,8007,0.1823372698877484,0.38557454478705533,0.030969973899291306,0.9610780426557989,193.2,5,0.3949601861009974,0.31987505558946067,0.5771901296513562
var1,10,0.0031622776601683794,8007,0.10261668881340347,0.5531908864427353,0.10337411279554384,0.9447114610399169,350.2,2,0.5772180178043063,0.3850009669117385,0.8724992130591517
var1,10,0.001,8007,0.03918378040046473,1.0577966024071341,0.2369523799031473,0.8950184925599345,501.4,0,1.1323079099268833,0.53621744976889,1.944034831005387
