problem,degree,alpha,fold,train_mse,validation_mse,validation_r2,nonzero_terms,iterations,dual_gap,gap_tolerance,converged
var2,1,1.0,0,31.913852407798554,36.03383111921278,0.21273578293640605,2,3,3.830241425317598e-09,0.000393487474900068,True
var2,1,0.31622776601683794,0,30.152234775260983,32.495279456153504,0.2900457724110501,2,3,7.76832782426925e-09,0.000393487474900068,True
var2,1,0.1,0,29.95962085622622,31.667329381708857,0.3081347584244709,3,4,1.6259997597746667e-10,0.000393487474900068,True
var2,1,0.03162277660168379,0,29.932624768022063,31.381254911214125,0.314384890232294,3,4,7.106318320279071e-11,0.000393487474900068,True
var2,1,0.01,0,29.929925158837474,31.296686678722835,0.31623253011050856,3,3,9.091739552088234e-09,0.000393487474900068,True
var2,1,0.0031622776601683794,0,29.929655198283008,31.270533524475876,0.3168039221013812,3,3,2.9146169003195546e-09,0.000393487474900068,True
var2,1,0.001,0,29.929628202227565,31.26232213564932,0.31698332385786265,3,3,9.256432221203949e-10,0.000393487474900068,True
var2,1,1.0,1,32.05689385843091,31.373882564569925,0.1162417480139526,2,3,3.055788154734246e-11,0.0004197188250558986,True
var2,1,0.31622776601683794,1,30.27074553956221,30.84331227289069,0.1311871687015307,2,3,5.281626755593572e-11,0.0004197188250558986,True
var2,1,0.1,1,30.07837774870421,30.9783315303546,0.1273838656606915,3,4,1.8967041577180397e-09,0.0004197188250558986,True
var2,1,0.03162277660168379,1,30.050795385125305,30.985550839121675,0.12718050786194257,3,3,1.8641499495557087e-07,0.0004197188250558986,True
var2,1,0.01,1,30.048037146546896,30.993860181987706,0.12694644533202382,3,3,5.952086292176586e-08,0.0004197188250558986,True
var2,1,0.0031622776601683794,1,30.04776132268905,30.99709047320829,0.12685545256067543,3,3,1.8892662587274906e-08,0.0004197188250558986,True
var2,1,0.001,1,30.04773374030327,30.998172245613453,0.12682498054982794,3,3,5.994810304731469e-09,0.0004197188250558986,True
var2,1,1.0,2,31.15874476543627,37.496477564139695,0.2073452007824027,2,3,3.136188626803201e-11,0.0003905802995772384,True
var2,1,0.31622776601683794,2,29.372866642436385,34.97113864455402,0.260729468966968,2,3,5.009918777289622e-11,0.0003905802995772384,True
var2,1,0.1,2,29.16309606282368,34.44449685587979,0.2718623851334827,3,3,8.11588595005272e-10,0.0003905802995772384,True
var2,1,0.03162277660168379,2,29.136035912644246,34.28688405065164,0.275194232672189,3,3,3.1646709216957135e-10,0.0003905802995772384,True
var2,1,0.01,2,29.133329897626385,34.24236521998857,0.2761353361323814,3,3,1.0599462234423873e-10,0.0003905802995772384,True
var2,1,0.0031622776601683794,2,29.133059296124603,34.228819401085175,0.27642168725282323,3,3,3.410177469563008e-11,0.0003905802995772384,True
var2,1,0.001,2,29.133032235754,34.22458897996255,0.276511116015827,3,2,2.7004115107041554e-08,0.0003905802995772384,True
var2,1,1.0,3,32.43787632616008,31.073972069845524,0.23508912616051358,2,3,2.4045388875980986e-11,0.00040717627143181873,True
var2,1,0.31622776601683794,3,30.360825581713325,30.3897765529549,0.25193115039628,3,4,1.683726618744153e-09,0.00040717627143181873,True
var2,1,0.1,3,30.0875573645996,31.019343140517794,0.23643386129688637,3,3,2.2582401887601874e-07,0.00040717627143181873,True
var2,1,0.03162277660168379,3,30.06023053400842,31.27838126793643,0.23005742895807335,3,3,7.369764520296994e-08,0.00040717627143181873,True
var2,1,0.01,3,30.0574978509493,31.36629146992517,0.22789344846431914,3,3,2.353608607608207e-08,0.00040717627143181873,True
var2,1,0.0031622776601683794,3,30.057224582643386,31.394690632074365,0.22719438019306548,3,3,7.468121461876331e-09,0.00040717627143181873,True
var2,1,0.001,3,30.057197255812802,31.403731187213957,0.22697183963995327,3,3,2.3664169688308275e-09,0.00040717627143181873,True
var2,1,1.0,4,33.184323536131274,27.023977005883896,0.20067004779308129,2,3,-8.539856354675383e-15,0.00042429956154186964,True
var2,1,0.31622776601683794,4,31.38267138839649,26.18115841599675,0.2255993963869951,2,3,0.0,0.00042429956154186964,True
var2,1,0.1,4,31.152549001360057,26.198212264573986,0.2250949683390725,3,4,1.5715641453818467e-09,0.00042429956154186964,True
var2,1,0.03162277660168379,4,31.124524544425082,26.24285745552393,0.22377442849623153,3,3,1.6745439389354735e-07,0.00042429956154186964,True
var2,1,0.01,4,31.121722096186566,26.263755743833688,0.22315628751009142,3,3,5.349400464655957e-08,0.00042429956154186964,True
var2,1,0.0031622776601683794,4,31.121441851362714,26.271042388906924,0.22294075914219547,3,3,1.6983872748101028e-08,0.00042429956154186964,True
var2,1,0.001,4,31.12141382688033,26.273414431004934,0.22287059758542593,3,3,5.391088912098819e-09,0.00042429956154186964,True
var2,2,1.0,0,23.808347980094172,27.853933321140182,0.3914495259840126,6,5,4.84686086075103e-07,0.000393487474900068,True
var2,2,0.31622776601683794,0,18.163047963166306,21.447221233126974,0.5314228515855832,7,5,8.08666175125095e-06,0.000393487474900068,True
var2,2,0.1,0,17.56573310107192,20.675091560001004,0.5482922780024978,7,5,3.495338591860573e-06,0.000393487474900068,True
var2,2,0.03162277660168379,0,17.489814697998373,20.67434748258615,0.5483085345454533,9,5,3.1148373035246545e-06,0.000393487474900068,True
var2,2,0.01,0,17.481316640025415,20.7044221410438,0.5476514658489334,9,5,1.3701431850098411e-06,0.000393487474900068,True
var2,2,0.0031622776601683794,0,17.480466834106466,20.715807506459953,0.5474027193095861,9,4,1.0552441981303317e-05,0.000393487474900068,True
var2,2,0.001,0,17.480381853307414,20.719595891479344,0.5473199509812239,9,4,3.6871540223757026e-06,0.000393487474900068,True
var2,2,1.0,1,24.366416780893847,23.069993046852197,0.35015066476214274,6,5,5.505914706536087e-07,0.0004197188250558986,True
var2,2,0.31622776601683794,1,18.517523964412263,19.15192542473739,0.46051713234093083,7,5,1.4430084592616405e-06,0.0004197188250558986,True
var2,2,0.1,1,17.907428712754047,19.116786497693578,0.46150694661326364,8,5,5.394174672159962e-07,0.0004197188250558986,True
var2,2,0.03162277660168379,1,17.841182755873767,19.286008633607295,0.45674019647564,8,4,1.9359733420305557e-06,0.0004197188250558986,True
var2,2,0.01,1,17.834527657995427,19.352910565939016,0.45485566291017243,9,4,1.7505982587552633e-06,0.0004197188250558986,True
var2,2,0.0031622776601683794,1,17.83377693148041,19.37537468250384,0.4542228802653442,9,4,8.352568089937555e-07,0.0004197188250558986,True
var2,2,0.001,1,17.833701859242712,19.382635111044607,0.4540183641802643,9,3,2.285895485460242e-06,0.0004197188250558986,True
var2,2,1.0,2,23.89388076522403,28.291994680828765,0.40192287862674103,5,5,1.3010878239788967e-07,0.0003905802995772384,True
var2,2,0.31622776601683794,2,18.85596841805435,20.70441188293421,0.5623201828514958,7,5,1.0089058104367324e-05,0.0003905802995772384,True
var2,2,0.1,2,18.216339163852187,18.60562987742481,0.6066872737691125,7,5,8.176648123560676e-06,0.0003905802995772384,True
var2,2,0.03162277660168379,2,18.148876734398055,18.1364131821172,0.6166062552193674,8,5,4.491471630625765e-06,0.0003905802995772384,True
var2,2,0.01,2,18.14043653308047,18.020226774325558,0.6190623716260981,9,5,2.7685448165978763e-06,0.0003905802995772384,True
var2,2,0.0031622776601683794,2,18.13954353631777,17.986083830508058,0.6197841345764996,9,4,2.0249255525767434e-05,0.0003905802995772384,True
var2,2,0.001,2,18.13945424180574,17.97550256379138,0.6200078167031855,9,4,7.957216239960202e-06,0.0003905802995772384,True
var2,2,1.0,3,23.629450467650084,23.924466048360646,0.4110799806969885,5,5,6.068961331425876e-07,0.00040717627143181873,True
var2,2,0.31622776601683794,3,18.269835735922168,19.930751566641035,0.5093884823333789,7,5,3.334421606849444e-06,0.00040717627143181873,True
var2,2,0.1,3,17.66720006248314,19.662744251664016,0.5159856984547573,8,5,4.426369850021581e-06,0.00040717627143181873,True
var2,2,0.03162277660168379,3,17.601729306801566,19.73403098795069,0.514230917970832,8,4,9.584755785049104e-06,0.00040717627143181873,True
var2,2,0.01,3,17.594601965484777,19.771078210744424,0.5133189707148846,9,4,4.947994531109325e-06,0.00040717627143181873,True
var2,2,0.0031622776601683794,3,17.593875610309688,19.784172380790377,0.5129966471628926,9,4,1.669699531774538e-06,0.00040717627143181873,True
var2,2,0.001,3,17.593802972922468,19.7884375896881,0.5128916556073317,9,3,1.2311115248118934e-05,0.00040717627143181873,True
var2,2,1.0,4,24.455085076978264,20.18276890412868,0.4030230376517894,5,4,6.4131252568562e-08,0.00042429956154186964,True
var2,2,0.31622776601683794,4,18.986420855410575,16.594674160478274,0.5091536637743439,7,5,8.249058408635076e-06,0.00042429956154186964,True
var2,2,0.1,4,18.38035751322808,16.562629374172392,0.5101015019663606,7,5,3.91730341769016e-06,0.00042429956154186964,True
var2,2,0.03162277660168379,4,18.313927241172607,16.715960555266093,0.5055661885434409,8,5,2.4910876701641695e-06,0.00042429956154186964,True
var2,2,0.01,4,18.30702334718021,16.783214157097174,0.5035769247749855,8,4,1.565509407864368e-05,0.00042429956154186964,True
var2,2,0.0031622776601683794,4,18.30633292568288,16.806097830897457,0.5029000589724013,8,4,5.079063100676822e-06,0.00042429956154186964,True
var2,2,0.001,4,18.306263883533088,16.81349578381132,0.5026812382803996,8,4,1.7180275794721488e-06,0.00042429956154186964,True
var2,3,1.0,0,18.39501404007628,23.1266333723805,0.49473119150196887,7,18,4.138307224116675e-06,0.000393487474900068,True
var2,3,0.31622776601683794,0,10.997548692091934,14.008105540258072,0.6939520473354432,14,63,3.4172061438359124e-05,0.000393487474900068,True
var2,3,0.1,0,8.513721440029862,10.788723917202125,0.7642888356863411,17,70,0.0003266971827783791,0.000393487474900068,True
var2,3,0.03162277660168379,0,7.702956165912227,9.691042887768523,0.7882708817075825,19,77,0.00035017843505226085,0.000393487474900068,True
var2,3,0.01,0,7.6043692819777755,9.427906324053598,0.7940198679901813,19,68,0.0003797971186027369,0.000393487474900068,True
var2,3,0.0031622776601683794,0,7.5945052581100425,9.364585307234776,0.7954033004252343,19,60,0.00038177622209517505,0.000393487474900068,True
var2,3,0.001,0,7.593517463862269,9.346548809340295,0.7957973603670287,19,56,0.0003313457985964063,0.000393487474900068,True
var2,3,1.0,1,18.767464471824194,22.96556888122799,0.35309214699301483,7,18,1.5898803671645688e-05,0.0004197188250558986,True
var2,3,0.31622776601683794,1,11.006157097469424,14.895695289978647,0.5804091634340958,13,69,3.598638289028448e-05,0.0004197188250558986,True
var2,3,0.1,1,8.3024042553912,11.521581906222387,0.6754532033260083,17,72,0.0004056391736800226,0.0004197188250558986,True
var2,3,0.03162277660168379,1,7.48621737272475,10.798320196855325,0.6958264708896633,18,77,0.00041243964788679186,0.0004197188250558986,True
var2,3,0.01,1,7.38603881782436,10.622817802761896,0.7007701270885467,19,68,0.0003948571532905119,0.0004197188250558986,True
var2,3,0.0031622776601683794,1,7.37596812350741,10.585189570057503,0.7018300616086597,19,59,0.00039189291109406355,0.0004197188250558986,True
var2,3,0.001,1,7.3749593127437425,10.575254498766327,0.7021099186272985,19,54,0.00039096972782916333,0.0004197188250558986,True
var2,3,1.0,2,19.39842041231196,21.712771814532317,0.541004011545731,7,19,6.406091193171863e-06,0.0003905802995772384,True
var2,3,0.31622776601683794,2,11.594238934725274,11.490010096284013,0.7571075408270251,12,28,0.00014587905502237982,0.0003905802995772384,True
var2,3,0.1,2,9.130142573797725,8.732432579939701,0.8154012045133253,15,50,0.00039018174575290135,0.0003905802995772384,True
var2,3,0.03162277660168379,2,8.297999466651639,7.245900637012468,0.8468256676975264,18,78,0.00037386927843501645,0.0003905802995772384,True
var2,3,0.01,2,8.188478183356516,6.934789890861,0.8534023768191579,19,75,0.00035887859422005833,0.0003905802995772384,True
var2,3,0.0031622776601683794,2,8.17467612804563,6.89219159346096,0.8543028812682727,19,65,0.00037437219555621964,0.0003905802995772384,True
var2,3,0.001,2,8.17329375415518,6.882027164924921,0.8545177516663418,19,60,0.0003473109411622822,0.0003905802995772384,True
var2,3,1.0,3,18.705122948178047,17.950795982134157,0.5581266852546012,8,18,9.758836782959337e-06,0.00040717627143181873,True
var2,3,0.31622776601683794,3,10.92144317893246,12.30666988025008,0.6970613994568422,13,27,0.0001722819736874122,0.00040717627143181873,True
var2,3,0.1,3,8.458267700315687,11.02354214140578,0.7286466231855946,16,67,0.00039783729520485265,0.00040717627143181873,True
var2,3,0.03162277660168379,3,7.460836169078673,10.673518411131129,0.737262739489849,19,80,0.0003881877883771969,0.00040717627143181873,True
var2,3,0.01,3,7.3516599838291,10.84614222455916,0.7330134651557554,19,72,0.00037033043383747163,0.00040717627143181873,True
var2,3,0.0031622776601683794,3,7.340738612951834,10.932364944335797,0.7308910233970731,19,63,0.00039494368618203716,0.00040717627143181873,True
var2,3,0.001,3,7.339645075157296,10.962800994629118,0.7301418154820452,19,58,0.0003700955509247164,0.00040717627143181873,True
var2,3,1.0,4,19.361196025506107,15.42392417506179,0.5437827462992977,9,19,1.2020241079590734e-05,0.00042429956154186964,True
var2,3,0.31622776601683794,4,11.787693305964261,9.763054328271798,0.7112230465592865,13,25,0.0001661982202544514,0.00042429956154186964,True
var2,3,0.1,4,9.199098831068968,7.298472040609928,0.7841218076031495,15,71,0.0003930590912976368,0.00042429956154186964,True
var2,3,0.03162277660168379,4,8.366277139024431,6.582431389635863,0.8053012490745767,19,79,0.0003899485266099728,0.00042429956154186964,True
var2,3,0.01,4,8.2616643324987,6.480544963187237,0.8083149014458018,19,68,0.00042420692759531306,0.00042429956154186964,True
var2,3,0.0031622776601683794,4,8.251194516751355,6.4719494348854205,0.8085691446767366,19,61,0.0003767404592510106,0.00042429956154186964,True
var2,3,0.001,4,8.250146199714086,6.471596539598105,0.808579582806294,19,56,0.0003928311982672711,0.00042429956154186964,True
var2,4,1.0,0,15.752467646205686,21.025684536425988,0.5406325511147274,11,78,1.1766480489302431e-05,0.000393487474900068,True
var2,4,0.31622776601683794,0,7.533285249066325,10.84941383383747,0.7629628873145038,19,122,0.00017063099164109968,0.000393487474900068,True
var2,4,0.1,0,4.357006837524607,6.502587503976551,0.8579319960936352,25,132,0.0001018767253230876,0.000393487474900068,True
var2,4,0.03162277660168379,0,2.8705379065820065,4.078911618006084,0.9108842700961376,31,176,0.0003860557351626595,0.000393487474900068,True
var2,4,0.01,0,2.6016387007342554,3.582906549395178,0.921720948569422,33,174,0.00038436623377003694,0.000393487474900068,True
var2,4,0.0031622776601683794,0,2.5632822442399563,3.473469308871743,0.9241119245162551,34,152,0.00038725632266312825,0.000393487474900068,True
var2,4,0.001,0,2.5593262552816105,3.4505288561771947,0.924613125664418,34,132,0.0003904819462602297,0.000393487474900068,True
var2,4,1.0,1,16.7229341192815,18.912313861504337,0.46726665388461197,11,76,1.0353388566716113e-05,0.0004197188250558986,True
var2,4,0.31622776601683794,1,7.875173371628952,8.609193992396737,0.7574910845646681,20,85,0.00021268664960363116,0.0004197188250558986,True
var2,4,0.1,1,4.40930365769808,4.944777996377352,0.8607125417281798,27,135,0.00017347035710517844,0.0004197188250558986,True
var2,4,0.03162277660168379,1,2.9777176959658194,3.39930270625689,0.9042464122357114,30,176,0.00040961514718701236,0.0004197188250558986,True
var2,4,0.01,1,2.7045546528084965,2.9678576320196837,0.9163996146278964,34,181,0.0004193423774749132,0.0004197188250558986,True
var2,4,0.0031622776601683794,1,2.6647079619158704,2.893954347629432,0.9184813664574425,34,156,0.00041340412334053687,0.0004197188250558986,True
var2,4,0.001,1,2.660721729035072,2.881186289046939,0.9188410247531889,34,137,0.0004127820167524551,0.0004197188250558986,True
var2,4,1.0,2,16.908590907978024,19.04658734414831,0.5973656767830667,10,51,7.581237750456356e-06,0.0003905802995772384,True
var2,4,0.31622776601683794,2,8.015399201449616,8.23253320436751,0.825968800856085,19,74,1.8420635442909378e-05,0.0003905802995772384,True
var2,4,0.1,2,4.3009829427029,5.124986889667782,0.8916606113981352,26,136,0.0001002868275976892,0.0003905802995772384,True
var2,4,0.03162277660168379,2,2.9487754029364073,3.5492914262115063,0.9249699420966672,31,180,0.00037488656503755863,0.0003905802995772384,True
var2,4,0.01,2,2.670626153839366,3.116570192941519,0.9341174296623485,33,187,0.00037459932010958845,0.0003905802995772384,True
var2,4,0.0031622776601683794,2,2.634089791895226,3.0332371866714283,0.935879043329665,34,164,0.00037650351257518345,0.0003905802995772384,True
var2,4,0.001,2,2.629893148384306,3.0153061215968218,0.9362580961290154,34,145,0.00038425911453058686,0.0003905802995772384,True
var2,4,1.0,3,16.196360446178453,16.351011654132012,0.5975066662089614,11,39,1.0071230774631662e-05,0.00040717627143181873,True
var2,4,0.31622776601683794,3,7.974540570887148,9.27712762528454,0.7716360244314233,21,149,2.3596593540238184e-05,0.00040717627143181873,True
var2,4,0.1,3,4.370644513059172,5.323156007658886,0.8689662234280784,27,140,0.00015021220870978927,0.00040717627143181873,True
var2,4,0.03162277660168379,3,2.863879215405548,3.7433939557583855,0.9078533399145572,32,148,0.00029499387550265205,0.00040717627143181873,True
var2,4,0.01,3,2.5873916721044927,3.464872067300674,0.9147093807388441,33,150,0.0004030909421501082,0.00040717627143181873,True
var2,4,0.0031622776601683794,3,2.551120004379553,3.429420560535928,0.9155820481582971,34,133,0.00039921728611989665,0.00040717627143181873,True
var2,4,0.001,3,2.5473060589669356,3.4255446883013985,0.9156774558780164,34,117,0.00040124759839724785,0.00040717627143181873,True
var2,4,1.0,4,16.60431788864882,13.697214576003448,0.5948563059382073,12,47,1.9387503780649774e-05,0.00042429956154186964,True
var2,4,0.31622776601683794,4,8.003394329275139,7.276494518017674,0.7847718707703684,19,52,0.00022163712613025704,0.00042429956154186964,True
var2,4,0.1,4,4.519032602386259,4.081425890600182,0.8792773557585841,27,143,7.067803356368303e-05,0.00042429956154186964,True
var2,4,0.03162277660168379,4,3.026802599941728,2.84116533314051,0.9159624599496703,31,172,0.00041041020372553893,0.00042429956154186964,True
var2,4,0.01,4,2.745402168717835,2.6058386134361484,0.9229230821990654,33,170,0.0004060221885284991,0.00042429956154186964,True
var2,4,0.0031622776601683794,4,2.711271755722837,2.5911083881831454,0.9233587808471554,34,145,0.0004197594685798088,0.00042429956154186964,True
var2,4,0.001,4,2.707435123590188,2.5917701726285913,0.9233392062253656,34,123,0.00040667264310046726,0.00042429956154186964,True
var2,5,1.0,0,14.047971497218343,18.901499758622556,0.587041567698706,11,87,1.7771375348266333e-05,0.000393487474900068,True
var2,5,0.31622776601683794,0,5.680108047766356,8.669257923759272,0.8105947566526808,22,254,1.6976288298681306e-05,0.000393487474900068,True
var2,5,0.1,0,2.68839395787572,4.128514743080895,0.9098005450462884,27,242,0.0003637728456479553,0.000393487474900068,True
var2,5,0.03162277660168379,0,1.4204914986179378,2.07180378493538,0.9547353990959101,40,428,0.0003934711125839528,0.000393487474900068,True
var2,5,0.01,0,1.0614656617319878,1.5056209265593712,0.9671053162229445,48,950,0.00039211613835874907,0.000393487474900068,True
var2,5,0.0031622776601683794,0,0.9542322190132395,1.2602024985487643,0.9724671981150348,54,1780,0.00039234543844856966,0.000393487474900068,True
var2,5,0.001,0,0.9316469435386828,1.214709426718344,0.9734611270552551,53,927,0.00039310443644269906,0.000393487474900068,True
var2,5,1.0,1,14.972027782077534,17.484162100684266,0.5074956851852664,10,97,7.494694748181295e-05,0.0004197188250558986,True
var2,5,0.31622776601683794,1,5.996479971077177,6.456357663578515,0.8181334633602404,26,967,0.0001746192069303816,0.0004197188250558986,True
var2,5,0.1,1,2.775912116873692,2.94256355001917,0.917112113428399,31,416,0.0003459576915170474,0.0004197188250558986,True
var2,5,0.03162277660168379,1,1.4582966247652303,1.7226161105611972,0.9514763211222138,36,1108,0.0003105116809450959,0.0004197188250558986,True
var2,5,0.01,1,1.08640724259382,1.2235215398230095,0.9655351149136271,45,1143,0.00041814126842146465,0.0004197188250558986,True
var2,5,0.0031622776601683794,1,0.9711873176690979,1.0937907543865901,0.9691894491175659,52,1349,0.0004177606021547279,0.0004197188250558986,True
var2,5,0.001,1,0.9496795320778727,1.0884010499189827,0.9693412695302678,54,1330,0.0004192983830790363,0.0004197188250558986,True
var2,5,1.0,2,15.276822362628966,16.534689655334805,0.6504658047824445,11,96,2.258895108975152e-05,0.0003905802995772384,True
var2,5,0.31622776601683794,2,5.973935784078162,5.711684815291507,0.8792581417090514,22,94,9.822542355191944e-05,0.0003905802995772384,True
var2,5,0.1,2,2.7099394181354035,3.1067166442366507,0.9343257282327109,28,272,0.0003795688362202029,0.0003905802995772384,True
var2,5,0.03162277660168379,2,1.4251942292731345,1.799812400151249,0.9619529612019981,38,1034,0.00039043168597268377,0.0003905802995772384,True
var2,5,0.01,2,1.046319136556702,1.3919825215393886,0.9705742592957471,47,628,0.00038953711964531234,0.0003905802995772384,True
var2,5,0.0031622776601683794,2,0.9356906339100152,1.255307228340847,0.9734634994091146,51,728,0.000387270389392335,0.0003905802995772384,True
var2,5,0.001,2,0.9188484828371619,1.2123524184923085,0.9743715403342303,53,1364,0.00039013209145335364,0.0003905802995772384,True
var2,5,1.0,3,14.211189026888437,16.49284589465751,0.5940153020339257,11,92,2.0158246796239673e-05,0.00040717627143181873,True
var2,5,0.31622776601683794,3,5.860540480777076,8.259930581374928,0.7966751497152774,23,173,0.0002551302678726922,0.00040717627143181873,True
var2,5,0.1,3,2.7998472799887955,4.254235897871922,0.8952785536768135,28,228,0.0003629029777461119,0.00040717627143181873,True
var2,5,0.03162277660168379,3,1.3998096626682297,2.017839427327994,0.9503292557463865,38,286,0.0003945470331660354,0.00040717627143181873,True
var2,5,0.01,3,1.025353671127588,1.62348727329786,0.9600365519382497,47,380,0.00040669944513914023,0.00040717627143181873,True
var2,5,0.0031622776601683794,3,0.9147110779010724,1.4396786720915224,0.9645611488405038,54,1692,0.0004067877513922086,0.00040717627143181873,True
var2,5,0.001,3,0.8927560519728325,1.4050757665188527,0.9654129272574852,55,1437,0.00040620851703381124,0.00040717627143181873,True
var2,5,1.0,4,14.863023989197963,11.90632370589459,0.647828254267657,12,94,2.1423630708843508e-05,0.00042429956154186964,True
var2,5,0.31622776601683794,4,6.043061078900954,5.1409961093144325,0.8479368090988407,23,100,0.00011043980895823173,0.00042429956154186964,True
var2,5,0.1,4,2.8123662111094356,2.2803942332827365,0.9325492538309239,30,188,0.0004104401509287247,0.00042429956154186964,True
var2,5,0.03162277660168379,4,1.4706272591773943,1.341397220630839,0.9603234203454255,38,961,0.0004230464127607823,0.00042429956154186964,True
var2,5,0.01,4,1.0879283208413424,1.1246355018583634,0.9667349168571702,47,448,0.00038876234500410115,0.00042429956154186964,True
var2,5,0.0031622776601683794,4,0.966879568352486,1.0670438896609435,0.9684383930189231,54,1157,0.0004230050228603127,0.00042429956154186964,True
var2,5,0.001,4,0.9466958782393446,1.0887958043368584,0.9677950030058794,55,1412,0.00042411381093892365,0.00042429956154186964,True
var2,6,1.0,0,13.102149990965671,17.953163818865917,0.60776073432453,10,87,4.84563443793736e-05,0.000393487474900068,True
var2,6,0.31622776601683794,0,5.001468492974599,8.17415768445213,0.8214116664887907,27,329,5.33072076240926e-05,0.000393487474900068,True
var2,6,0.1,0,2.051416051564254,3.438479872567084,0.9248763708801944,37,1743,0.0002057911732140169,0.000393487474900068,True
var2,6,0.03162277660168379,0,0.9663033303838725,1.4265578237200038,0.9688326804754307,46,2006,0.0002734485260298827,0.000393487474900068,True
var2,6,0.01,0,0.6273117890510868,0.9093571637173632,0.9801324385087821,57,920,0.0003919003625698998,0.000393487474900068,True
var2,6,0.0031622776601683794,0,0.4728732637311348,0.6621082727035843,0.9855343122079686,67,2557,0.0003916578228776784,0.000393487474900068,True
var2,6,0.001,0,0.39326012338913974,0.5723627854163041,0.9874950643286761,78,4366,0.00039272205242646966,0.000393487474900068,True
var2,6,1.0,1,14.368068481439657,15.70806812581456,0.5575257604672582,12,189,2.4835053172693653e-05,0.0004197188250558986,True
var2,6,0.31622776601683794,1,5.266991302222561,5.20738655280975,0.853315227152541,29,300,0.00022805671773209858,0.0004197188250558986,True
var2,6,0.1,1,2.0983448337431954,2.0137080296400116,0.9432766701850719,40,1203,0.00019726041556285533,0.0004197188250558986,True
var2,6,0.03162277660168379,1,1.0028471723004595,1.0242561012067983,0.9711481427354233,45,2134,0.00027521785322097403,0.0004197188250558986,True
var2,6,0.01,1,0.6529101917396031,0.6490418907787413,0.9817174005901299,56,1249,0.0004190909059089294,0.0004197188250558986,True
var2,6,0.0031622776601683794,1,0.483864507582401,0.5324929476700836,0.9850004207907871,70,1504,0.00041897116808481524,0.0004197188250558986,True
var2,6,0.001,1,0.40454009347777287,0.47869306033290526,0.9865158881318883,80,3687,0.000419445028812063,0.0004197188250558986,True
var2,6,1.0,2,14.344737900967417,15.641122464510834,0.6693553210314959,13,102,7.089192441244137e-05,0.0003905802995772384,True
var2,6,0.31622776601683794,2,5.3539253245936225,5.091459375492036,0.892369364506258,28,514,0.00019621197680380845,0.0003905802995772384,True
var2,6,0.1,2,1.9962145495282604,2.2903787271408342,0.9515826603448657,37,745,0.00017629282462456268,0.0003905802995772384,True
var2,6,0.03162277660168379,2,0.9324848943841823,1.3115766378088476,0.9722739952113495,44,620,0.0003834431869382516,0.0003905802995772384,True
var2,6,0.01,2,0.5975951261804009,1.0077758288461958,0.9786961763033872,55,2921,0.00039053311149126184,0.0003905802995772384,True
var2,6,0.0031622776601683794,2,0.4578579792276654,0.7823962990605998,0.9834605749225473,68,2219,0.00039046684285745745,0.0003905802995772384,True
var2,6,0.001,2,0.3837247673302093,0.6341223750294175,0.9865950036773845,78,3692,0.000390474433852436,0.0003905802995772384,True
var2,6,1.0,3,13.431668075397234,15.4513179029787,0.6196533532123403,11,217,3.2606980027604506e-05,0.00040717627143181873,True
var2,6,0.31622776601683794,3,5.078947454628312,7.409174623129589,0.817617193493359,26,194,8.832160712588969e-05,0.00040717627143181873,True
var2,6,0.1,3,2.171707284414245,3.5344273235146857,0.912997222032799,40,1120,0.00019013581440289706,0.00040717627143181873,True
var2,6,0.03162277660168379,3,0.9613334163003897,1.3476771605000215,0.9668258402184786,45,1212,0.0004070334178522785,0.00040717627143181873,True
var2,6,0.01,3,0.6403331152511997,0.8831584012259909,0.9782603439656173,53,1132,0.00036672449821623457,0.00040717627143181873,True
var2,6,0.0031622776601683794,3,0.4818711160558445,0.6594295156350546,0.9837676108510943,65,1863,0.0004060094827461629,0.00040717627143181873,True
var2,6,0.001,3,0.39697268019267307,0.5807949951986888,0.9857032629655306,76,3427,0.0004070184155404447,0.00040717627143181873,True
var2,6,1.0,4,13.906202184979753,11.514954694203707,0.6594043806587515,13,98,5.755927740664645e-05,0.00042429956154186964,True
var2,6,0.31622776601683794,4,5.342601450864152,4.740497481052484,0.8597829762754136,28,224,0.0002082844128520596,0.00042429956154186964,True
var2,6,0.1,4,2.0358467298809897,1.7946992527438497,0.9469154052488578,39,1431,0.00034356252744458036,0.00042429956154186964,True
var2,6,0.03162277660168379,4,0.9643160170946362,1.0216130700072048,0.9697821706166704,44,954,0.0002497736120400157,0.00042429956154186964,True
var2,6,0.01,4,0.6335710354653039,0.7593716185522504,0.9775388915024423,54,850,0.00042284411970958384,0.00042429956154186964,True
var2,6,0.0031622776601683794,4,0.4541779660043009,0.6282057547496943,0.9814185870639672,69,1974,0.0004239132994891929,0.00042429956154186964,True
var2,6,0.001,4,0.3778083342708527,0.5908270857500363,0.9825241937516338,78,3539,0.0004241540189118873,0.00042429956154186964,True
var2,7,1.0,0,12.902121289891587,17.418043320565207,0.619452003530284,11,183,0.00012850917843811843,0.000393487474900068,True
var2,7,0.31622776601683794,0,4.423541274771626,6.765111042101121,0.8521964031443691,29,1262,0.0003034725109814488,0.000393487474900068,True
var2,7,0.1,0,1.5419094814275391,2.411006308707961,0.9473245298930116,39,1023,0.0001988536630495441,0.000393487474900068,True
var2,7,0.03162277660168379,0,0.7499704336986418,1.154626604936012,0.9747738116680277,50,1613,0.00025073793486864594,0.000393487474900068,True
var2,7,0.01,0,0.4182637168928724,0.6034116749568896,0.9868167107105444,64,2581,0.00036511694535444123,0.000393487474900068,True
var2,7,0.0031622776601683794,0,0.301514151706553,0.3918254278982654,0.9914394298596947,74,4772,0.0003934445568525848,0.000393487474900068,True
var2,7,0.001,0,0.2313289815764631,0.29669001939418693,0.9935179405415926,97,10000,0.0011726735896793205,0.000393487474900068,False
var2,7,1.0,1,14.140981437316082,15.17347689622604,0.57258444533407,11,170,5.479322235288553e-05,0.0004197188250558986,True
var2,7,0.31622776601683794,1,4.46208368630223,4.474505942533556,0.8739594456587829,32,1272,0.0002818620411066075,0.0004197188250558986,True
var2,7,0.1,1,1.5919466447242507,1.722479118906745,0.9514801799849103,42,1044,0.0002166868906855381,0.0004197188250558986,True
var2,7,0.03162277660168379,1,0.7677445587713577,0.8232891032822997,0.9768091010955213,50,1555,0.0003971333590944385,0.0004197188250558986,True
var2,7,0.01,1,0.4216335466009087,0.4631968676620205,0.9869523941371324,62,1939,0.00030182567084357376,0.0004197188250558986,True
var2,7,0.0031622776601683794,1,0.29491119554216805,0.35984052249579973,0.9898637973639335,79,10000,0.0011246905913442943,0.0004197188250558986,False
var2,7,0.001,1,0.23244362860678563,0.3053110846743667,0.9913998151185633,95,5715,0.00041965888392645053,0.0004197188250558986,True
var2,7,1.0,2,14.083453266373942,15.607808948329644,0.67005955034036,12,144,3.2786650679833847e-05,0.0003905802995772384,True
var2,7,0.31622776601683794,2,4.566742104393398,4.692855582655089,0.9007956282489812,28,387,5.87611800076509e-05,0.0003905802995772384,True
var2,7,0.1,2,1.5776056128770997,1.7325386424532254,0.9633750912356667,43,2134,0.00019685972724986425,0.0003905802995772384,True
var2,7,0.03162277660168379,2,0.727756162103518,1.0462018924728,0.9778838705688934,51,5839,0.0003769025722727265,0.0003905802995772384,True
var2,7,0.01,2,0.39938031594950596,0.7043925002913467,0.985109532090481,64,3034,0.00039043309656047666,0.0003905802995772384,True
var2,7,0.0031622776601683794,2,0.2896766206368164,0.5005883595214934,0.9894178389175773,78,2684,0.0003897789481298726,0.0003905802995772384,True
var2,7,0.001,2,0.22996291671684813,0.37423395201122356,0.9920889012152022,98,10000,0.0015091374318494499,0.0003905802995772384,False
var2,7,1.0,3,13.183635537374311,15.469429253644742,0.6192075277146138,12,372,2.7762273951770275e-05,0.00040717627143181873,True
var2,7,0.31622776601683794,3,4.433545096019943,7.0729418368030466,0.8258938345942919,29,569,0.0002661817958193149,0.00040717627143181873,True
var2,7,0.1,3,1.6402489957066164,2.8505013238004953,0.929832611885987,40,787,0.00038975975074426455,0.00040717627143181873,True
var2,7,0.03162277660168379,3,0.7489130257099573,1.1931954852820073,0.9706285311946306,52,921,0.0002782842674399466,0.00040717627143181873,True
var2,7,0.01,3,0.418441420987736,0.6353189134342565,0.9843611127618496,63,2122,0.00040700075986383974,0.00040717627143181873,True
var2,7,0.0031622776601683794,3,0.2920051990273021,0.45764550130322906,0.9887346870389234,77,1702,0.0004067303015679333,0.00040717627143181873,True
var2,7,0.001,3,0.22268379874054986,0.4095548756960939,0.9899184765581377,93,5675,0.00040703002934160105,0.00040717627143181873,True
var2,7,1.0,4,13.667936272376902,11.412460267018542,0.6624360168078481,13,194,9.194643489578947e-05,0.00042429956154186964,True
var2,7,0.31622776601683794,4,4.660644258374157,3.9225755459866245,0.8839759180146267,31,832,0.00010270859376236422,0.00042429956154186964,True
var2,7,0.1,4,1.547696273340902,1.4179123124696413,0.9580602151669537,42,1085,0.0003349045135071489,0.00042429956154186964,True
var2,7,0.03162277660168379,4,0.7278717416390859,0.8802797593466194,0.9739626044747577,48,2043,0.000393693787795562,0.00042429956154186964,True
var2,7,0.01,4,0.40396870110211014,0.6050680573629915,0.9821029665149363,61,4744,0.0004092894258704338,0.00042429956154186964,True
var2,7,0.0031622776601683794,4,0.28029097183743573,0.45455317511171095,0.9865549779124502,79,4416,0.00042414132871665703,0.00042429956154186964,True
var2,7,0.001,4,0.20938320624148835,0.4112249278893455,0.9878365644744104,93,10000,0.0009912277299160281,0.00042429956154186964,False
var2,8,1.0,0,12.671402178933052,17.11465621270872,0.6260803804337455,12,182,0.0001349065302026153,0.000393487474900068,True
var2,8,0.31622776601683794,0,4.302176776254387,6.811610558322215,0.8511804854888047,31,741,0.00011264444387063613,0.000393487474900068,True
var2,8,0.1,0,1.3329463680023688,2.0864934183344306,0.9544144611779131,41,1008,0.00013338067129926146,0.000393487474900068,True
var2,8,0.03162277660168379,0,0.6089835791878105,0.9078637843636015,0.9801650657396704,55,4463,0.0002237239607693639,0.000393487474900068,True
var2,8,0.01,0,0.31899054209161787,0.45651336257162695,0.9900261331143223,70,3182,0.00039339564820246436,0.000393487474900068,True
var2,8,0.0031622776601683794,0,0.23245017658632025,0.31576539872411874,0.9931011832025329,88,2200,0.0003931943619882294,0.000393487474900068,True
var2,8,0.001,0,0.19496691408613698,0.2597260074441081,0.9943255272739369,112,10000,0.0008555530144075072,0.000393487474900068,False
var2,8,1.0,1,13.979933638580748,14.80168912225464,0.5830571852813343,9,167,5.254495943883061e-05,0.0004197188250558986,True
var2,8,0.31622776601683794,1,4.305506239482386,4.3092060028024965,0.8786157130330701,33,1059,0.0001973579996956687,0.0004197188250558986,True
var2,8,0.1,1,1.3464136165221796,1.4223578430957735,0.9599341752323476,43,905,0.00039711158277394386,0.0004197188250558986,True
var2,8,0.03162277660168379,1,0.6327841227598918,0.6535778779884307,0.9815896281947556,54,4498,0.00041967637602098893,0.0004197188250558986,True
var2,8,0.01,1,0.31809415360624255,0.35510721754503805,0.9899971279232226,71,3443,0.0004196178957875961,0.0004197188250558986,True
var2,8,0.0031622776601683794,1,0.22431881948210025,0.2846233071613189,0.9919825607846371,90,8306,0.0004196841944140553,0.0004197188250558986,True
var2,8,0.001,1,0.18611978272566976,0.2845958804770393,0.9919833333558515,108,10000,0.0010347767312781557,0.0004197188250558986,False
var2,8,1.0,2,13.877486104941939,15.220976536700684,0.6782369735942141,13,152,3.800471248008004e-05,0.0003905802995772384,True
var2,8,0.31622776601683794,2,4.366383746402829,4.752083828422135,0.8995435758881646,33,1060,7.758735004170827e-05,0.0003905802995772384,True
var2,8,0.1,2,1.3376902102303765,1.7076090440435536,0.9639020891593567,44,1074,0.00038838784248661077,0.0003905802995772384,True
var2,8,0.03162277660168379,2,0.5949465599546429,1.0834021408860266,0.977097477890104,52,3149,0.0003876713639007139,0.0003905802995772384,True
var2,8,0.01,2,0.30121119952371284,0.6092697164392206,0.9871203751358405,66,7048,0.0003905758611975766,0.0003905802995772384,True
var2,8,0.0031622776601683794,2,0.2208693736479768,0.4575352526578581,0.9903279577872315,86,3528,0.0003751416311364701,0.0003905802995772384,True
var2,8,0.001,2,0.1919690683828816,0.44367697668756945,0.9906209140772707,103,5380,0.0003905758132332468,0.0003905802995772384,True
var2,8,1.0,3,12.928515585676118,15.279811543407888,0.6238751205188651,13,380,2.668625745396363e-05,0.00040717627143181873,True
var2,8,0.31622776601683794,3,4.393768868162727,7.1296908282853,0.8244969124188251,30,438,0.00010038059096468814,0.00040717627143181873,True
var2,8,0.1,3,1.4322445020401697,2.474767368351966,0.9390816061100695,41,916,0.00011826616113323272,0.00040717627143181873,True
var2,8,0.03162277660168379,3,0.6153143920406218,0.9615901170388569,0.9763296840504864,49,1379,0.00037425815979472696,0.00040717627143181873,True
var2,8,0.01,3,0.3206872683241577,0.45942447820758403,0.9886908960882399,67,1772,0.0003966135602312027,0.00040717627143181873,True
var2,8,0.0031622776601683794,3,0.22748938931430943,0.3558977192376535,0.9912392907219052,84,2464,0.00040633380210486467,0.00040717627143181873,True
var2,8,0.001,3,0.18586202669155796,0.33218511005379164,0.9918229957136929,108,6055,0.0004067923253160544,0.00040717627143181873,True
var2,8,1.0,4,13.429750201291291,11.182314000060897,0.6692434087963701,12,199,9.497179338088276e-05,0.00042429956154186964,True
var2,8,0.31622776601683794,4,4.440408321629592,3.9186388265126597,0.8840923604534391,33,919,5.9999040922989247e-05,0.00042429956154186964,True
var2,8,0.1,4,1.2969029752762697,1.2688284669707628,0.9624698985777818,44,2744,0.0003127017171725395,0.00042429956154186964,True
var2,8,0.03162277660168379,4,0.5877898925745542,0.7817403895242443,0.9768772557769502,56,5644,0.0003230452808675993,0.00042429956154186964,True
var2,8,0.01,4,0.29686838217858685,0.47841856686417844,0.9858490743200683,70,5968,0.00033827914035358523,0.00042429956154186964,True
var2,8,0.0031622776601683794,4,0.2127525734528677,0.38002462347342586,0.9887594241198352,81,3652,0.0004191315401851821,0.00042429956154186964,True
var2,8,0.001,4,0.17714876162675933,0.3452404241459279,0.9897882901664556,103,5580,0.0003733765388185498,0.00042429956154186964,True
var2,9,1.0,0,12.61143575868398,17.062586549749007,0.6272179942030705,13,961,0.00013547306933213915,0.000393487474900068,True
var2,9,0.31622776601683794,0,4.116646094817571,6.323661807692325,0.8618411501808523,33,904,0.00023852770187676294,0.000393487474900068,True
var2,9,0.1,0,1.2159570441319774,1.8151250623241946,0.9603432949903223,46,2495,0.0001472340587550201,0.000393487474900068,True
var2,9,0.03162277660168379,0,0.553957180707449,0.8533378497627601,0.9813563439324104,59,4774,0.0003931689368136145,0.000393487474900068,True
var2,9,0.01,0,0.28433473164402334,0.4003330473682684,0.9912535560801633,79,10000,0.0005840056726057652,0.000393487474900068,False
var2,9,0.0031622776601683794,0,0.2081458733272041,0.268269218769965,0.994138875886428,99,7994,0.0003934093107443584,0.000393487474900068,True
var2,9,0.001,0,0.1743221317744295,0.20917209452411528,0.9954300250594426,124,8800,0.0003934152400680376,0.000393487474900068,True
var2,9,1.0,1,13.931903886338674,14.739403592831678,0.5848116812540141,10,301,2.5751897090596006e-05,0.0004197188250558986,True
var2,9,0.31622776601683794,1,4.1153455886852255,4.093170166588233,0.8847011394251056,34,1068,0.00020678336486697015,0.0004197188250558986,True
var2,9,0.1,1,1.2403731170094248,1.3586694767446832,0.9617281871530095,48,4343,0.00021053898903045134,0.0004197188250558986,True
var2,9,0.03162277660168379,1,0.5605880295107228,0.6062064645477608,0.9829240144458125,61,10000,0.0006454987200216517,0.0004197188250558986,False
var2,9,0.01,1,0.28294550427144,0.3289905114958464,0.9907327988889746,82,10000,0.0008860694134211171,0.0004197188250558986,False
var2,9,0.0031622776601683794,1,0.20042828815446082,0.2680138673792377,0.9924504253990363,100,10000,0.0020123054031112304,0.0004197188250558986,False
var2,9,0.001,1,0.16503717916359992,0.2596454059088207,0.9926861532170929,114,10000,0.0005324657085003555,0.0004197188250558986,False
var2,9,1.0,2,13.756425550445888,15.494926441661557,0.6724458241044787,12,783,7.342407235829744e-06,0.0003905802995772384,True
var2,9,0.31622776601683794,2,4.171894433918399,4.522547687246456,0.9043958429734013,34,1004,0.0001952710878331944,0.0003905802995772384,True
var2,9,0.1,2,1.2375192745659467,1.5543771693954889,0.9671413262483641,49,2375,0.00039044215591709923,0.0003905802995772384,True
var2,9,0.03162277660168379,2,0.5509658536416845,0.8776937136582875,0.981446040279802,67,7356,0.0003905362211707197,0.0003905802995772384,True
var2,9,0.01,2,0.271677513939274,0.44377817004176245,0.9906187749057256,77,9735,0.0003832909501959114,0.0003905802995772384,True
var2,9,0.0031622776601683794,2,0.2007661114838131,0.33752069166123366,0.9928649992356513,97,10000,0.001485429821568733,0.0003905802995772384,False
var2,9,0.001,2,0.17147976495031683,0.3112246215992823,0.9934208836143776,117,10000,0.0011730042041903084,0.0003905802995772384,False
var2,9,1.0,3,12.85006630576564,15.345129843343424,0.6222672579073811,17,1070,9.603950146667504e-05,0.00040717627143181873,True
var2,9,0.31622776601683794,3,4.188932775308175,6.991492725112768,0.8278987701415217,30,866,0.0002598096189345634,0.00040717627143181873,True
var2,9,0.1,3,1.323027337647161,2.4070611740243595,0.9407482486670966,44,1624,9.471525747268432e-05,0.00040717627143181873,True
var2,9,0.03162277660168379,3,0.5719429695439395,0.9306813834027418,0.9770905274470669,56,1789,0.00028439504571927933,0.00040717627143181873,True
var2,9,0.01,3,0.2781385099786475,0.4540323608598018,0.9888236274037945,73,3047,0.0002932361655137033,0.00040717627143181873,True
var2,9,0.0031622776601683794,3,0.20224627816883856,0.4011750394726591,0.9901247529824677,91,5993,0.0004071253351571417,0.00040717627143181873,True
var2,9,0.001,3,0.1657576260534626,0.3581390086957879,0.9911841195750014,117,8771,0.0004071702075962882,0.00040717627143181873,True
var2,9,1.0,4,13.40517013446945,11.193565945865327,0.6689105925976244,14,1396,0.00010485847870513566,0.00042429956154186964,True
var2,9,0.31622776601683794,4,4.225649751431418,3.6323057802548386,0.8925616756889684,36,833,0.00018832481641118602,0.00042429956154186964,True
var2,9,0.1,4,1.2016923737879568,1.2307814440184017,0.9635952742037122,51,10000,0.00029126695100518003,0.00042429956154186964,True
var2,9,0.03162277660168379,4,0.5361014864500971,0.7724252130356009,0.9771527851550224,61,3669,0.0004208519179102611,0.00042429956154186964,True
var2,9,0.01,4,0.26065665060898735,0.4574462984132183,0.9864694035312324,83,10000,0.0004912622818031919,0.00042429956154186964,False
var2,9,0.0031622776601683794,4,0.18800792219527365,0.36908575237569746,0.9890829800239067,100,5790,0.0004242721692385676,0.00042429956154186964,True
var2,9,0.001,4,0.1538796438577495,0.33290517314999957,0.99015314895785,120,10000,0.0004787340702733277,0.00042429956154186964,False
var2,10,1.0,0,12.5683584759545,17.25971070649349,0.62291124162907,15,966,0.0001365302135335551,0.000393487474900068,True
var2,10,0.31622776601683794,0,4.081872822972958,6.232122820656055,0.8638410865384792,31,1182,0.00019275684911672586,0.000393487474900068,True
var2,10,0.1,0,1.1840607795251907,1.7898198571502006,0.9608961610586854,49,10000,0.0002739234703141767,0.000393487474900068,True
var2,10,0.03162277660168379,0,0.5226775864048129,0.8629839017927006,0.9811455977707274,64,10000,0.00032311699923319703,0.000393487474900068,True
var2,10,0.01,0,0.2710176321609606,0.4083621456243215,0.9910781369932677,91,10000,0.0022385194677236415,0.000393487474900068,False
var2,10,0.0031622776601683794,0,0.18974994049548805,0.25583238261583235,0.9944105948731002,114,10000,0.0007364398124049374,0.000393487474900068,False
var2,10,0.001,0,0.1593704388371498,0.21383145961217848,0.9953282276292462,136,10000,0.0007319109513175535,0.000393487474900068,False
var2,10,1.0,1,13.878278004214419,14.76139321030476,0.584192264582843,10,471,2.5611152523197234e-05,0.0004197188250558986,True
var2,10,0.31622776601683794,1,4.057673147043871,4.097749045289513,0.8845721588365932,34,1292,9.937325058190454e-05,0.0004197188250558986,True
var2,10,0.1,1,1.2042465880993964,1.3256870679383788,0.9626572553323449,52,6757,0.00027259728168021276,0.0004197188250558986,True
var2,10,0.03162277660168379,1,0.5341837568963395,0.593503346195167,0.9832818434663985,71,8647,0.0002333750115435136,0.0004197188250558986,True
var2,10,0.01,1,0.2694174382819148,0.340646371164802,0.9904044696761259,90,10000,0.0006826427731802488,0.0004197188250558986,False
var2,10,0.0031622776601683794,1,0.18393411560520592,0.2635059454200631,0.9925774072356811,116,10000,0.0021797865372102203,0.0004197188250558986,False
var2,10,0.001,1,0.15234004839335297,0.2562634468259805,0.9927814182593199,138,10000,0.00111692555917558,0.0004197188250558986,False
var2,10,1.0,2,13.678999523543707,15.353715612399203,0.6754309429419705,14,794,5.522902259980124e-06,0.0003905802995772384,True
var2,10,0.31622776601683794,2,4.158621316411688,4.691974616792836,0.9008142513801131,35,1683,0.00031298526206017434,0.0003905802995772384,True
var2,10,0.1,2,1.2150668088428742,1.5523623305668557,0.9671839188269453,51,3829,0.00019781764742396587,0.0003905802995772384,True
var2,10,0.03162277660168379,2,0.5197072946420068,0.9871635068125787,0.9791319093920491,76,10000,0.00045497658090385204,0.0003905802995772384,False
var2,10,0.01,2,0.2620361675087513,0.5165465241641684,0.9890804921422947,92,10000,0.00038300901253348436,0.0003905802995772384,True
var2,10,0.0031622776601683794,2,0.18502962679676807,0.40494886306387945,0.9914396049816617,118,10000,0.001751964503065498,0.0003905802995772384,False
var2,10,0.001,2,0.15688760191905632,0.4364881771925299,0.9907728813230102,131,10000,0.0012104244330894281,0.0003905802995772384,False
var2,10,1.0,3,12.773659793365663,15.391534253868944,0.6211249759318005,16,1079,1.8055851379786917e-05,0.00040717627143181873,True
var2,10,0.31622776601683794,3,4.147681937113363,6.893178970097286,0.8303188424802077,31,949,0.00021890269252762892,0.00040717627143181873,True
var2,10,0.1,3,1.2945087463354605,2.421892967482247,0.9403831521139756,47,9269,0.00032346653848949194,0.00040717627143181873,True
var2,10,0.03162277660168379,3,0.5546939407702958,0.9254335987512821,0.9772197058969428,60,8956,0.0001943097267788948,0.00040717627143181873,True
var2,10,0.01,3,0.2667835627192118,0.44790717477723924,0.988974403797244,79,7278,0.00040713861320365867,0.00040717627143181873,True
var2,10,0.0031622776601683794,3,0.18554257659343726,0.37623433532550804,0.9907386885218474,103,10000,0.0028427942588317703,0.00040717627143181873,False
var2,10,0.001,3,0.15478237446399754,0.3112770118940079,0.992337665405671,124,10000,0.0013447802365577858,0.00040717627143181873,False
var2,10,1.0,4,13.302142065458918,11.228919789035903,0.6678648773142775,13,1162,8.838340898176673e-05,0.00042429956154186964,True
var2,10,0.31622776601683794,4,4.236025259440291,3.7184371557159106,0.8900140348211633,36,2051,0.0003264181523377552,0.00042429956154186964,True
var2,10,0.1,4,1.1662790207635982,1.2241577345130341,0.9637911939012905,53,10000,0.00022531687071852832,0.00042429956154186964,True
var2,10,0.03162277660168379,4,0.5084367499937109,0.78954968717831,0.9766462681055488,68,10000,0.00034519376721624446,0.00042429956154186964,True
var2,10,0.01,4,0.24928710795957285,0.45210922425139494,0.9866272664258673,91,6566,0.00042359825038332423,0.00042429956154186964,True
var2,10,0.0031622776601683794,4,0.1732255192005939,0.3477236361855573,0.9897148403644327,106,10000,0.0016216241643648769,0.00042429956154186964,False
var2,10,0.001,4,0.14285354675591058,0.3092924687610823,0.9908515784253765,128,10000,0.0007289251249850524,0.00042429956154186964,False
var2,11,1.0,0,12.525848875688409,17.172220487552504,0.6248227208300304,16,856,0.0001430134031114929,0.000393487474900068,True
var2,11,0.31622776601683794,0,4.020295876592131,6.007814028565524,0.8687417668186695,31,1207,0.00017302293217026404,0.000393487474900068,True
var2,11,0.1,0,1.151019211997147,1.6984414141819841,0.9628925898625466,52,3497,0.0001241567436236038,0.000393487474900068,True
var2,11,0.03162277660168379,0,0.51090253096083,0.8465821312548298,0.9815039423219419,74,10000,0.0007926766719223591,0.000393487474900068,False
var2,11,0.01,0,0.26426716205896833,0.392170969581055,0.9914318804930602,103,10000,0.002372864911177644,0.000393487474900068,False
var2,11,0.0031622776601683794,0,0.18697721679736437,0.2546554113213336,0.9944363092463958,128,10000,0.0013157959073635832,0.000393487474900068,False
var2,11,0.001,0,0.1548976647302095,0.21381497817002365,0.9953285877144564,150,10000,0.0016732003435726269,0.000393487474900068,False
var2,11,1.0,1,13.86912262885541,14.73881998750232,0.5848281205973009,12,1471,0.00013111026552070602,0.0004197188250558986,True
var2,11,0.31622776601683794,1,3.9996664256981744,3.9764522062405554,0.8879889206042425,36,3217,0.00021716643240264757,0.0004197188250558986,True
var2,11,0.1,1,1.1631419726060532,1.2856748499311845,0.9637843433735316,53,8323,0.00016932307058777096,0.0004197188250558986,True
var2,11,0.03162277660168379,1,0.5189860867174289,0.5991682446781954,0.9831222712243995,78,10000,0.0015457585051188954,0.0004197188250558986,False
var2,11,0.01,1,0.2592059199553477,0.33320203897277934,0.9906141660690312,97,10000,0.002238339224605082,0.0004197188250558986,False
var2,11,0.0031622776601683794,1,0.1802202066243007,0.26275752884072145,0.9925984890806379,124,10000,0.0022922162311087915,0.0004197188250558986,False
var2,11,0.001,1,0.14946769606851149,0.25800349831604125,0.9927324034502647,140,10000,0.0015104108775689934,0.0004197188250558986,False
var2,11,1.0,2,13.58877712659623,15.468661563030057,0.6730010491136149,15,918,3.370855394854841e-06,0.0003905802995772384,True
var2,11,0.31622776601683794,2,4.10054185036529,4.598113566608847,0.9027984220734984,36,1431,0.00030918332043778415,0.0003905802995772384,True
var2,11,0.1,2,1.1879703403582373,1.4496886530272506,0.9693543835890253,56,5119,0.00015887359726260352,0.0003905802995772384,True
var2,11,0.03162277660168379,2,0.5108191115579535,0.8711096954025311,0.9815852227846021,80,10000,0.0008077190238340575,0.0003905802995772384,False
var2,11,0.01,2,0.25389182800445664,0.46946026013278425,0.9900758697240384,100,10000,0.0024349945387527995,0.0003905802995772384,False
var2,11,0.0031622776601683794,2,0.18269346324944652,0.4107472618768189,0.9913170300374156,123,10000,0.0013921993012261738,0.0003905802995772384,False
var2,11,0.001,2,0.15141530469282927,0.34932440704218226,0.9926154752202474,142,10000,0.0019713259588977276,0.0003905802995772384,False
var2,11,1.0,3,12.711734179985843,15.368703678315683,0.6216869689546896,16,1272,1.774718655550784e-05,0.00040717627143181873,True
var2,11,0.31622776601683794,3,4.056875111690531,6.796844213916599,0.8326902001671379,31,1166,0.00018050174747256161,0.00040717627143181873,True
var2,11,0.1,3,1.2530732820540265,2.3832233428542797,0.941335036099027,51,4597,0.0001593535340950534,0.00040717627143181873,True
var2,11,0.03162277660168379,3,0.5472880765569831,0.9323112666942437,0.9770504065558607,70,10000,0.00157798978333462,0.00040717627143181873,False
var2,11,0.01,3,0.26135111247630827,0.43611654945700445,0.9892646395449155,90,10000,0.001076309826901081,0.00040717627143181873,False
var2,11,0.0031622776601683794,3,0.18343413565594213,0.3867050104029787,0.9904809444135244,115,10000,0.001996648782653914,0.00040717627143181873,False
var2,11,0.001,3,0.14999780931842552,0.2976917948537269,0.9926720764753026,141,10000,0.0018474777120104234,0.00040717627143181873,False
var2,11,1.0,4,13.300185321036217,11.224198730539966,0.6680045193610828,14,818,8.859009075890632e-05,0.00042429956154186964,True
var2,11,0.31622776601683794,4,4.14190703555304,3.5966723651465315,0.8936156603037899,36,1258,3.768733797119132e-05,0.00042429956154186964,True
var2,11,0.1,4,1.1271362188423457,1.2385418798629062,0.963365731793602,53,8034,0.00015642221391059817,0.00042429956154186964,True
var2,11,0.03162277660168379,4,0.4961939359816386,0.791912835766694,0.9765763696058647,71,10000,0.0007424637214582862,0.00042429956154186964,False
var2,11,0.01,4,0.2434119559159871,0.44568502187531633,0.986817284992606,101,10000,0.0018994930744780356,0.00042429956154186964,False
var2,11,0.0031622776601683794,4,0.17038575300473446,0.3526137865408984,0.9895701968262529,122,10000,0.00223602451116743,0.00042429956154186964,False
var2,11,0.001,4,0.13980241316622619,0.3158991979293508,0.9906561609814835,150,10000,0.0016090509805038765,0.00042429956154186964,False
var2,12,1.0,0,12.500454329100677,17.2680469869592,0.6227291112501949,18,5189,0.00013213053403135212,0.000393487474900068,True
var2,12,0.31622776601683794,0,3.9966095793762966,5.999154180444123,0.8689309664774189,33,9660,3.904233592443362e-05,0.000393487474900068,True
var2,12,0.1,0,1.1391598628856434,1.7131516493528316,0.9625712018387118,56,4635,0.00014413464852657505,0.000393487474900068,True
var2,12,0.03162277660168379,0,0.495598345682526,0.8214288858079144,0.982053488386524,75,10000,0.000764457161508368,0.000393487474900068,False
var2,12,0.01,0,0.26045626779517456,0.3937271770595648,0.9913978805984028,105,10000,0.0006113339763381934,0.000393487474900068,False
var2,12,0.0031622776601683794,0,0.18162935562739246,0.26209826386486135,0.9942736984082362,132,10000,0.0008794435521055995,0.000393487474900068,False
var2,12,0.001,0,0.14875763577937268,0.21366037049195152,0.9953319655704559,155,10000,0.001510026104624826,0.000393487474900068,False
var2,12,1.0,1,13.864295662069676,14.812626125651752,0.5827491052410554,13,465,3.614488906239551e-05,0.0004197188250558986,True
var2,12,0.31622776601683794,1,4.032437182730354,4.073918286195012,0.8852434378839829,38,3045,3.3058725010586696e-05,0.0004197188250558986,True
var2,12,0.1,1,1.1552336149745102,1.2880040557248376,0.9637187329143709,55,9048,0.00021379590584643627,0.0004197188250558986,True
var2,12,0.03162277660168379,1,0.5060485572851574,0.5820533172920515,0.9836043747153691,74,10000,0.0009146704821541703,0.0004197188250558986,False
var2,12,0.01,1,0.2535888077466753,0.3263352716173854,0.9908075932708545,104,10000,0.001337164514473986,0.0004197188250558986,False
var2,12,0.0031622776601683794,1,0.1744709913225183,0.2604594096658045,0.9926632238733656,131,10000,0.0022134889574827537,0.0004197188250558986,False
var2,12,0.001,1,0.1435799643942843,0.2684222308737597,0.9924389223723595,153,10000,0.001576649798298111,0.0004197188250558986,False
var2,12,1.0,2,13.570922787983765,15.432887997071385,0.6737572825143061,20,4462,8.00113464229812e-05,0.0003905802995772384,True
var2,12,0.31622776601683794,2,4.111131400529135,4.597008682310914,0.902821778716528,38,1772,0.00015995464759426656,0.0003905802995772384,True
var2,12,0.1,2,1.1755159138094318,1.4552081779064747,0.9692377038855136,57,5586,0.00015356339764968145,0.0003905802995772384,True
var2,12,0.03162277660168379,2,0.4965217164422827,0.9403158668085311,0.9801222425938201,73,10000,0.0005574808356917924,0.0003905802995772384,False
var2,12,0.01,2,0.2508649400997156,0.564151986249384,0.9880741390008223,106,10000,0.0009089565737457459,0.0003905802995772384,False
var2,12,0.0031622776601683794,2,0.1766173176787629,0.6273792017341526,0.9867375506317032,127,10000,0.0013497050723137313,0.0003905802995772384,False
var2,12,0.001,2,0.14684536057014197,0.5433338341256674,0.9885142232237598,151,10000,0.0025299747754426592,0.0003905802995772384,False
var2,12,1.0,3,12.703489288319057,15.457354420656618,0.6195047594631542,16,1336,1.680722421960481e-05,0.00040717627143181873,True
var2,12,0.31622776601683794,3,4.050446869101017,6.774429438698974,0.8332419579295537,35,1937,1.9932926610385557e-05,0.00040717627143181873,True
var2,12,0.1,3,1.2402660492953896,2.410330533915386,0.9406677707376732,54,4098,0.00013680937043301328,0.00040717627143181873,True
var2,12,0.03162277660168379,3,0.5305137194861028,0.929655820152038,0.9771157725132757,72,10000,0.001305119342084292,0.00040717627143181873,False
var2,12,0.01,3,0.2570314997210537,0.44153103764926305,0.9891313575529891,98,10000,0.0009359652441999053,0.00040717627143181873,False
var2,12,0.0031622776601683794,3,0.17825705231827266,0.36555067041177447,0.991001675546699,120,10000,0.0024233380040229037,0.00040717627143181873,False
var2,12,0.001,3,0.1441021689676908,0.29740376500315246,0.9926791665622796,157,10000,0.0017624563566841901,0.00040717627143181873,False
var2,12,1.0,4,13.236735553373654,11.299784154626472,0.6657688124031672,14,1187,8.983682127107782e-05,0.00042429956154186964,True
var2,12,0.31622776601683794,4,4.139772063860753,3.6045909284612643,0.8933814407129971,39,3487,7.7757406171815e-05,0.00042429956154186964,True
var2,12,0.1,4,1.113485907396792,1.252941771103384,0.9629398039453607,55,7360,0.00016423692568530324,0.00042429956154186964,True
var2,12,0.03162277660168379,4,0.47940320186364793,0.7738137513534965,0.9771117142102447,78,10000,0.00118811255970019,0.00042429956154186964,False
var2,12,0.01,4,0.2415264650419718,0.445255470547197,0.9868299904964074,104,10000,0.0021286185397226725,0.00042429956154186964,False
var2,12,0.0031622776601683794,4,0.16472298996381307,0.3432047374059083,0.9898485028207313,125,10000,0.0021548552004802103,0.00042429956154186964,False
var2,12,0.001,4,0.13509688711221443,0.3062327391921905,0.9909420807777704,154,10000,0.0018972491411494339,0.00042429956154186964,False
var2,13,1.0,0,12.47674744881345,17.22241766035865,0.6237260170735719,18,4877,0.0001321884704262048,0.000393487474900068,True
var2,13,0.31622776601683794,0,3.9850884525259693,5.923306759118193,0.8705880747812487,34,10000,0.0006224554477756837,0.000393487474900068,False
var2,13,0.1,0,1.132022754805249,1.6985072703918136,0.9628911510414204,61,6013,0.0001335173221201718,0.000393487474900068,True
var2,13,0.03162277660168379,0,0.48947261512471857,0.8287106323522335,0.9818943973791563,74,10000,0.0005465370735215134,0.000393487474900068,False
var2,13,0.01,0,0.25856720875538747,0.39458966466250384,0.9913790370392705,110,10000,0.0008497428039134735,0.000393487474900068,False
var2,13,0.0031622776601683794,0,0.17855762491372623,0.2528549555799075,0.9944756454572734,145,10000,0.0010087202647033214,0.000393487474900068,False
var2,13,0.001,0,0.14648042948738124,0.20917989128751652,0.9954298547163888,160,10000,0.001802188107100715,0.000393487474900068,False
var2,13,1.0,1,13.859997890284577,14.798939545252853,0.5831346370076165,13,1136,1.4232870528424637e-05,0.0004197188250558986,True
var2,13,0.31622776601683794,1,3.9780912750361694,4.0093314756439815,0.8870627577171739,37,2770,5.4539122668138363e-05,0.0004197188250558986,True
var2,13,0.1,1,1.1453982525900224,1.27982144878067,0.9639492254711906,54,10000,0.00010039744690757545,0.0004197188250558986,True
var2,13,0.03162277660168379,1,0.4985100901320389,0.5859483092820936,0.9834946582559689,79,10000,0.0005068663741842108,0.0004197188250558986,False
var2,13,0.01,1,0.2526127195691212,0.3343412196343698,0.9905820769481483,112,10000,0.0014645048583032901,0.0004197188250558986,False
var2,13,0.0031622776601683794,1,0.1721455755136967,0.26181134731844835,0.9926251416865582,140,10000,0.0017055469334929614,0.0004197188250558986,False
var2,13,0.001,1,0.14114050454074803,0.27231170737742577,0.992329361276472,162,10000,0.0017682895170194027,0.0004197188250558986,False
var2,13,1.0,2,13.529650892055745,15.520239496903116,0.6719107201154237,19,4235,7.859323095345247e-05,0.0003905802995772384,True
var2,13,0.31622776601683794,2,4.079406215467415,4.59698443581838,0.9028222912739713,39,4682,4.489738915490478e-05,0.0003905802995772384,True
var2,13,0.1,2,1.1717942634339424,1.4270788964473038,0.9698323413393655,58,5978,0.00012989185732545467,0.0003905802995772384,True
var2,13,0.03162277660168379,2,0.4875435504094034,0.856047394625157,0.9819036314932075,79,10000,0.0004688811685450688,0.0003905802995772384,False
var2,13,0.01,2,0.24960886120347955,0.5332224952782066,0.9887279713351722,114,10000,0.002552563495838273,0.0003905802995772384,False
var2,13,0.0031622776601683794,2,0.17545550958941358,0.5986420747806397,0.9873450376031517,138,10000,0.0015319663243634953,0.0003905802995772384,False
var2,13,0.001,2,0.14421834540891404,0.5386403362251146,0.9886134411737559,159,10000,0.001833341705108071,0.0003905802995772384,False
var2,13,1.0,3,12.666859837779668,15.448357954727937,0.6197262147247958,16,1358,1.6791434856417703e-05,0.00040717627143181873,True
var2,13,0.31622776601683794,3,4.018062858856353,6.8272314559519245,0.8319421937067288,35,2570,0.0001828657008750177,0.00040717627143181873,True
var2,13,0.1,3,1.2318872816465045,2.405557312023826,0.9407852674426292,56,5232,0.00019551729941104243,0.00040717627143181873,True
var2,13,0.03162277660168379,3,0.5237942490053473,0.9212786667153253,0.9773219828986478,79,10000,0.0016456173183142027,0.00040717627143181873,False
var2,13,0.01,3,0.25566444965468327,0.44064081611445716,0.9891532710737507,99,10000,0.002425378167017221,0.00040717627143181873,False
var2,13,0.0031622776601683794,3,0.17706812253223356,0.3572031433525492,0.991207156654905,129,10000,0.0021781106919868134,0.00040717627143181873,False
var2,13,0.001,3,0.1418655801348343,0.2923358165915204,0.9928039181981311,168,10000,0.0028645226814714947,0.00040717627143181873,False
var2,13,1.0,4,13.20588344545929,11.26102857558061,0.6669151460882401,17,1055,8.990695932196856e-05,0.00042429956154186964,True
var2,13,0.31622776601683794,4,4.102784559863358,3.5915545455460367,0.8937670379672543,42,9350,0.00013527168714934075,0.00042429956154186964,True
var2,13,0.1,4,1.108596360033649,1.2934458813023793,0.9617417512508037,57,10000,0.00020051573067715584,0.00042429956154186964,True
var2,13,0.03162277660168379,4,0.47697017243000556,0.7627418789486781,0.9774392040996217,84,10000,0.001317018991119828,0.00042429956154186964,False
var2,13,0.01,4,0.24195414706144752,0.4406718969007765,0.9869655659412404,109,10000,0.0014239318711033477,0.00042429956154186964,False
var2,13,0.0031622776601683794,4,0.16178793375330736,0.33757509674358294,0.990015019407116,128,10000,0.002193370833002201,0.00042429956154186964,False
var2,13,0.001,4,0.13366606063728576,0.30555466948904364,0.9909621370938074,157,10000,0.0017971948679304363,0.00042429956154186964,False
var2,14,1.0,0,12.483077443840246,17.315346298361455,0.6216957197344399,17,5732,4.441911566792787e-05,0.000393487474900068,True
var2,14,0.31622776601683794,0,3.9821352476660508,5.91276694724616,0.8708183477354061,34,10000,0.0004632449779785368,0.000393487474900068,False
var2,14,0.1,0,1.123713613195556,1.7089862486543062,0.9626622071750256,61,8751,6.65236146872283e-05,0.000393487474900068,True
var2,14,0.03162277660168379,0,0.4834591063350125,0.8200366718260653,0.9820839053645793,79,10000,0.0006524207256001429,0.000393487474900068,False
var2,14,0.01,0,0.25616064022296076,0.3892823298039567,0.9914949912604103,116,10000,0.001120801662055775,0.000393487474900068,False
var2,14,0.0031622776601683794,0,0.17498907218895052,0.2441327879560593,0.9946662066674531,148,10000,0.0009222629980213744,0.000393487474900068,False
var2,14,0.001,0,0.14347079634795618,0.21098245507545807,0.9953904724490821,170,10000,0.0020942334556962013,0.000393487474900068,False
var2,14,1.0,1,13.848038980058138,14.796147996310967,0.5832132710245616,13,1420,1.3265176234296253e-05,0.0004197188250558986,True
var2,14,0.31622776601683794,1,3.963535462453222,4.018942892631645,0.8867920175861543,35,2757,2.9633768926400432e-05,0.0004197188250558986,True
var2,14,0.1,1,1.1390820861046107,1.2764628713322606,0.9640438318855818,56,9625,0.00015114978842100806,0.0004197188250558986,True
var2,14,0.03162277660168379,1,0.49329701088367234,0.5763510056873183,0.9837650008325131,81,10000,0.0011179993023625716,0.0004197188250558986,False
var2,14,0.01,1,0.2511939900552236,0.33228504480109033,0.9906399965082376,113,10000,0.00155935659847131,0.0004197188250558986,False
var2,14,0.0031622776601683794,1,0.16711069165089917,0.26046152703265546,0.9926631642301121,149,10000,0.002181719262527984,0.0004197188250558986,False
var2,14,0.001,1,0.13818885968286432,0.2753737018157433,0.9922431091893473,172,10000,0.0019283474889424182,0.0004197188250558986,False
var2,14,1.0,2,13.523577195372962,15.512219236822236,0.6720802639781295,18,4290,7.841963523214787e-05,0.0003905802995772384,True
var2,14,0.31622776601683794,2,4.079404002306292,4.593852245092132,0.9028885040537444,38,4031,6.083740060309643e-05,0.0003905802995772384,True
var2,14,0.1,2,1.1606327675753438,1.4225465342832766,0.9699281529690036,59,6262,0.00012666381180294413,0.0003905802995772384,True
var2,14,0.03162277660168379,2,0.4807478023795408,0.9526008623348077,0.9798625445823038,82,10000,0.0005729085921124777,0.0003905802995772384,False
var2,14,0.01,2,0.2471171294185978,0.6469584586401675,0.9863236559685279,107,10000,0.0010333590282494394,0.0003905802995772384,False
var2,14,0.0031622776601683794,2,0.17130797489699343,0.6749825145464323,0.9857312429246721,139,10000,0.0013296624499034193,0.0003905802995772384,False
var2,14,0.001,2,0.14218271555091552,0.5985864903499596,0.9873462126272767,169,10000,0.0014211723865623356,0.0003905802995772384,False
var2,14,1.0,3,12.670999545945158,15.480380888053956,0.6189379444045982,15,1391,1.0153539991056355e-05,0.00040717627143181873,True
var2,14,0.31622776601683794,3,4.018136557775293,6.821293144321571,0.832088370034882,35,1767,0.00014726080729152033,0.00040717627143181873,True
var2,14,0.1,3,1.225842760345307,2.399266707252048,0.9409401157504718,58,8186,0.0003019225822486085,0.00040717627143181873,True
var2,14,0.03162277660168379,3,0.5143166283347474,0.9120577137509379,0.9775489640896513,79,10000,0.0010447483514502585,0.00040717627143181873,False
var2,14,0.01,3,0.25352279272215406,0.45049499593766057,0.9889107024931202,107,10000,0.002051295671580849,0.00040717627143181873,False
var2,14,0.0031622776601683794,3,0.17389570693017403,0.35811011399626114,0.9911848308413248,137,10000,0.0017350768957868513,0.00040717627143181873,False
var2,14,0.001,3,0.13922170920457452,0.2933900038411632,0.9927779685291122,176,10000,0.0030741896146574956,0.00040717627143181873,False
var2,14,1.0,4,13.190897785370117,11.268189142219143,0.666703346937149,17,2654,9.054432938311538e-05,0.00042429956154186964,True
var2,14,0.31622776601683794,4,4.09921250555807,3.5946068275083936,0.8936767559042345,42,6871,9.76269766454241e-05,0.00042429956154186964,True
var2,14,0.1,4,1.1004445386629214,1.2995341456605514,0.9615616692422458,59,10000,0.00023455535032367145,0.00042429956154186964,True
var2,14,0.03162277660168379,4,0.4682900457502268,0.7559733116647233,0.9776394084796955,82,10000,0.0013517247267529231,0.00042429956154186964,False
var2,14,0.01,4,0.2407966363753441,0.44542336084721484,0.9868250245454128,107,10000,0.0007292918988769807,0.00042429956154186964,False
var2,14,0.0031622776601683794,4,0.15919774768999448,0.33256491075886613,0.9901632134247041,143,10000,0.002709723446329559,0.00042429956154186964,False
var2,14,0.001,4,0.1307045923655866,0.30156902526241874,0.9910800266556765,169,10000,0.0014882308747226883,0.00042429956154186964,False
var2,15,1.0,0,12.468506581271745,17.29001860529134,0.6222490771165319,17,5041,4.149710305605695e-05,0.000393487474900068,True
var2,15,0.31622776601683794,0,3.9651359556776162,5.871364648845383,0.8717229017898248,33,10000,0.0004281096934773871,0.000393487474900068,False
var2,15,0.1,0,1.1263548086782387,1.7169826624350555,0.9624875021758933,61,7965,0.00031349372135876404,0.000393487474900068,True
var2,15,0.03162277660168379,0,0.4803848258285643,0.8092815247244672,0.9823188829453514,85,10000,0.00036211387898058185,0.000393487474900068,True
var2,15,0.01,0,0.25496058907807767,0.38830138416798515,0.9915164228810318,122,10000,0.0009448245206699204,0.000393487474900068,False
var2,15,0.0031622776601683794,0,0.173442670020939,0.23664468409758593,0.9948298061526681,155,10000,0.0017243115052602792,0.000393487474900068,False
var2,15,0.001,0,0.14193885203261955,0.2081114807073273,0.995453197264011,175,10000,0.0023957473983344446,0.000393487474900068,False
var2,15,1.0,1,13.848039032225142,14.796147863453152,0.5832132747669798,13,1460,1.3267622278956003e-05,0.0004197188250558986,True
var2,15,0.31622776601683794,1,3.955844891630591,3.988815858571646,0.8876406538651864,36,2793,2.9741978228216183e-05,0.0004197188250558986,True
var2,15,0.1,1,1.1391381299950616,1.2748919193345951,0.9640880833991952,57,9431,8.890024523280889e-05,0.0004197188250558986,True
var2,15,0.03162277660168379,1,0.48956380109153447,0.5833124021336165,0.9835689080619706,82,10000,0.0006730864589344335,0.0004197188250558986,False
var2,15,0.01,1,0.25028219507150673,0.33578965346647816,0.9905412765993566,112,10000,0.0015383102671640866,0.0004197188250558986,False
var2,15,0.0031622776601683794,1,0.1653749340155531,0.264411836935098,0.9925518895427349,149,10000,0.0020489401104761586,0.0004197188250558986,False
var2,15,0.001,1,0.13689378400413013,0.27476354157509003,0.992260296547227,177,10000,0.001314182415377707,0.0004197188250558986,False
var2,15,1.0,2,13.50000880588035,15.603918583685276,0.6701417904974731,17,4300,7.81159580161375e-05,0.0003905802995772384,True
var2,15,0.31622776601683794,2,4.069739593483751,4.632409883142775,0.9020734169086905,41,6485,4.189828107492333e-05,0.0003905802995772384,True
var2,15,0.1,2,1.1641574385550915,1.429582494688716,0.9697794166570943,58,6325,0.00027268453670415034,0.0003905802995772384,True
var2,15,0.03162277660168379,2,0.4759546542579205,0.9304030341972197,0.9803317943931793,86,10000,0.0005615694743902713,0.0003905802995772384,False
var2,15,0.01,2,0.24682241101306274,0.6275901825450145,0.9867330906140392,111,10000,0.0026306537849831047,0.0003905802995772384,False
var2,15,0.0031622776601683794,2,0.17026483081659424,0.5721898737155896,0.9879042225049393,143,10000,0.0016821662483305778,0.0003905802995772384,False
var2,15,0.001,2,0.1399783038634758,0.49060979049210784,0.9896287803484607,182,10000,0.0012044353333660128,0.0003905802995772384,False
var2,15,1.0,3,12.637698188791674,15.485774450188488,0.618805177524453,17,1413,1.6302729367373434e-05,0.00040717627143181873,True
var2,15,0.31622776601683794,3,4.007930352268463,6.886145518197657,0.8304919765689737,35,2670,0.00019463528033854185,0.00040717627143181873,True
var2,15,0.1,3,1.2240883741565198,2.3875545989829385,0.9412284187376305,56,6736,0.0001885725625380845,0.00040717627143181873,True
var2,15,0.03162277660168379,3,0.5095449368477971,0.9009528613166446,0.9778223189848761,81,10000,0.001021722279809201,0.00040717627143181873,False
var2,15,0.01,3,0.253924587402506,0.45183333157077826,0.9888777582825662,109,10000,0.002998212617610705,0.00040717627143181873,False
var2,15,0.0031622776601683794,3,0.17239224574031564,0.3529383882263226,0.9913121370405146,137,10000,0.0019847141236485747,0.00040717627143181873,False
var2,15,0.001,3,0.13780466420576065,0.30188489471584035,0.9925688599417866,181,10000,0.0028679888096026247,0.00040717627143181873,False
var2,15,1.0,4,13.164583608014343,11.23858372523248,0.6675790321310737,17,2628,9.060373024129857e-05,0.00042429956154186964,True
var2,15,0.31622776601683794,4,4.076350959125985,3.616397769827661,0.893032211510239,41,5439,6.352074361218253e-05,0.00042429956154186964,True
var2,15,0.1,4,1.1046333849623011,1.3165043453478005,0.9610597154068797,58,10000,0.0003554938152877602,0.00042429956154186964,True
var2,15,0.03162277660168379,4,0.4634384754144452,0.7480826710848753,0.9778728021565848,83,10000,0.0006788419060872137,0.00042429956154186964,False
var2,15,0.01,4,0.23978362172682866,0.44396809772645246,0.9868680691128543,106,10000,0.000827814941023938,0.00042429956154186964,False
var2,15,0.0031622776601683794,4,0.1574647360836847,0.32917236039507936,0.990263560132354,144,10000,0.0024778983149206218,0.00042429956154186964,False
var2,15,0.001,4,0.12991256604591062,0.3016185193338348,0.9910785626929988,169,10000,0.001073135448143078,0.00042429956154186964,False
var2,16,1.0,0,12.470333951498997,17.328541058301802,0.6214074416904147,17,2422,5.955192582661886e-05,0.000393487474900068,True
var2,16,0.31622776601683794,0,3.9597003469601826,5.8659102857919745,0.8718420682710302,33,9695,0.00020531723697398473,0.000393487474900068,True
var2,16,0.1,0,1.1206983109286615,1.7292963338189147,0.9622184740831234,63,9061,8.467630733658983e-05,0.000393487474900068,True
var2,16,0.03162277660168379,0,0.4799287477450914,0.8082473958008801,0.9823414765101233,81,10000,0.00046445101249890507,0.000393487474900068,False
var2,16,0.01,0,0.2536299686835829,0.3855156339474106,0.9915772857257035,125,10000,0.001201153257427471,0.000393487474900068,False
var2,16,0.0031622776601683794,0,0.17013870218725344,0.23330702367378003,0.994902727086656,158,10000,0.0017796223838087803,0.000393487474900068,False
var2,16,0.001,0,0.1402239710193364,0.20999836368355265,0.9954119727979238,178,10000,0.002334203065038372,0.000393487474900068,False
var2,16,1.0,1,13.856723072496997,14.849403862034013,0.5817131280090282,12,1685,1.2130203489231517e-05,0.0004197188250558986,True
var2,16,0.31622776601683794,1,3.945392988326246,3.9982656049562437,0.8873744677682195,36,2734,2.9851667085463775e-05,0.0004197188250558986,True
var2,16,0.1,1,1.1374341775152066,1.282184706849867,0.9638826558072057,59,9588,8.838934734157133e-05,0.0004197188250558986,True
var2,16,0.03162277660168379,1,0.4885836084093217,0.5775866799240117,0.983730193623007,84,10000,0.0005624495329284101,0.0004197188250558986,False
var2,16,0.01,1,0.24888188617659215,0.32622234669195854,0.9908107742075618,116,10000,0.0015931018461971653,0.0004197188250558986,False
var2,16,0.0031622776601683794,1,0.16215538407696997,0.26547633480173116,0.9925219041314004,150,10000,0.002293375655278744,0.0004197188250558986,False
var2,16,0.001,1,0.1351557173295449,0.2738460177930938,0.9922861419048127,183,10000,0.0016009464639700763,0.0004197188250558986,False
var2,16,1.0,2,13.50000880250069,15.603918580238105,0.6701417905703445,17,4300,7.81165744910337e-05,0.0003905802995772384,True
var2,16,0.31622776601683794,2,4.069659138152604,4.631991498791066,0.9020822613225086,42,5556,4.385140575499788e-05,0.0003905802995772384,True
var2,16,0.1,2,1.1580108743519777,1.4324400590437905,0.9697190093269324,59,7528,0.0001058135218254763,0.0003905802995772384,True
var2,16,0.03162277660168379,2,0.4723549746772104,1.02527788657672,0.9783261924820389,84,10000,0.0003976625543916433,0.0003905802995772384,False
var2,16,0.01,2,0.2461854512447538,0.7282763358993922,0.9846046410140844,113,10000,0.0026010285804612854,0.0003905802995772384,False
var2,16,0.0031622776601683794,2,0.16769580098281361,0.7550764731062793,0.9840381009346758,144,10000,0.0021406204582154423,0.0003905802995772384,False
var2,16,0.001,2,0.13855427129346765,0.5572982461717708,0.9882190232757737,188,10000,0.0012760535446239738,0.0003905802995772384,False
var2,16,1.0,3,12.641937061155511,15.508900423209493,0.6182359130547507,17,1445,1.5977451932061418e-05,0.00040717627143181873,True
var2,16,0.31622776601683794,3,4.006586678486298,6.896905999628599,0.8302270986436227,35,3299,0.00019886405771501981,0.00040717627143181873,True
var2,16,0.1,3,1.221274771820526,2.38363623292224,0.9413248724771388,57,9080,0.00030240055060152176,0.00040717627143181873,True
var2,16,0.03162277660168379,3,0.5031766594349315,0.9146922448204607,0.9774841129834582,84,10000,0.0007353379503764172,0.00040717627143181873,False
var2,16,0.01,3,0.2511920994542934,0.4574406332018552,0.9887397300324001,113,10000,0.003014404975087088,0.00040717627143181873,False
var2,16,0.0031622776601683794,3,0.1705392816733201,0.35704909787023903,0.991210948608641,146,10000,0.00277576105476983,0.00040717627143181873,False
var2,16,0.001,3,0.13613824272429975,0.30251346100531806,0.992553387275831,189,10000,0.0034133312696953146,0.00040717627143181873,False
var2,16,1.0,4,13.16232762488841,11.239802380167154,0.6675429860897943,17,3162,9.12772173988416e-05,0.00042429956154186964,True
var2,16,0.31622776601683794,4,4.073744203173774,3.6205543495342702,0.8929092659253792,43,7015,5.2404724442389474e-05,0.00042429956154186964,True
var2,16,0.1,4,1.1002759596833518,1.3235109256826962,0.9608524709467838,58,10000,0.0003904704852891125,0.00042429956154186964,True
var2,16,0.03162277660168379,4,0.4603432078090805,0.7478844477695941,0.9778786653140725,86,10000,0.0003406570582037873,0.00042429956154186964,True
var2,16,0.01,4,0.23969111402403734,0.4483336280139327,0.9867389430735859,110,10000,0.000910941113936648,0.00042429956154186964,False
var2,16,0.0031622776601683794,4,0.15598516237592544,0.32645699322585203,0.9903438767456019,143,10000,0.002578490316011094,0.00042429956154186964,False
var2,16,0.001,4,0.12834897721937594,0.29842235158944613,0.9911731006882691,178,10000,0.0012459039725418672,0.00042429956154186964,False
var2,17,1.0,0,12.461739452303359,17.31400166132177,0.6217250972553252,18,2349,5.4174691436987086e-05,0.000393487474900068,True
var2,17,0.31622776601683794,0,3.949009159677969,5.842925044556631,0.8723442479555964,34,7573,0.00020729511422949967,0.000393487474900068,True
var2,17,0.1,0,1.1259811512513902,1.7443487037869936,0.9618896111260133,62,10000,9.898431145148353e-05,0.000393487474900068,True
var2,17,0.03162277660168379,0,0.4777856497142617,0.8022625665018589,0.9824722325747994,80,10000,0.00040349802684410394,0.000393487474900068,False
var2,17,0.01,0,0.2520531317469515,0.3804294693333931,0.9916884078372954,128,10000,0.0013864784781898712,0.000393487474900068,False
var2,17,0.0031622776601683794,0,0.16893510038567908,0.22849726649573446,0.9950078102710255,159,10000,0.0019075755752575078,0.000393487474900068,False
var2,17,0.001,0,0.13899921693030526,0.2112191725180911,0.9953853006656121,180,10000,0.0020763013366101495,0.000393487474900068,False
var2,17,1.0,1,13.856723140654013,14.849403680986674,0.5817131331088777,12,1689,1.2138413657564932e-05,0.0004197188250558986,True
var2,17,0.31622776601683794,1,3.940993656980525,3.977813630460686,0.8879505711941393,38,5879,0.000149725633528535,0.0004197188250558986,True
var2,17,0.1,1,1.1349571162109577,1.2852743594799259,0.9637956246276261,62,10000,0.00018826435052866076,0.0004197188250558986,True
var2,17,0.03162277660168379,1,0.48773538968948477,0.587280739479995,0.9834571255667913,80,10000,0.00038471706494593694,0.0004197188250558986,True
var2,17,0.01,1,0.2476681550566483,0.3287649883068021,0.9907391515607843,121,10000,0.0014814641300237253,0.0004197188250558986,False
var2,17,0.0031622776601683794,1,0.16014037838986275,0.2709528044317323,0.9923676396658118,152,10000,0.0022393643856563204,0.0004197188250558986,False
var2,17,0.001,1,0.13424474598388716,0.2829399617619265,0.9920299782626809,188,10000,0.001550115818705644,0.0004197188250558986,False
var2,17,1.0,2,13.479004448818165,15.652363458606004,0.6691176926328744,18,3904,7.822753504853528e-05,0.0003905802995772384,True
var2,17,0.31622776601683794,2,4.065237607974352,4.660481849489647,0.9014799910646158,43,8932,0.0002790093109115475,0.0003905802995772384,True
var2,17,0.1,2,1.1634048791311806,1.4464305897797705,0.9694232572442867,58,6879,0.00010872339489943731,0.0003905802995772384,True
var2,17,0.03162277660168379,2,0.46961525067832605,0.9950485464530535,0.9789652240146733,90,10000,0.00083192832460242,0.0003905802995772384,False
var2,17,0.01,2,0.24684231698689027,0.714769894291936,0.9848901597202666,120,10000,0.0026873894745235603,0.0003905802995772384,False
var2,17,0.0031622776601683794,2,0.16670835546196608,0.6742337685728762,0.9857470710004779,151,10000,0.002211190764232698,0.0003905802995772384,False
var2,17,0.001,2,0.1370413242542704,0.4868521951400725,0.9897082138361586,189,10000,0.0013111921414745793,0.0003905802995772384,False
var2,17,1.0,3,12.621039693856039,15.514788882547176,0.6180909638809717,17,1449,1.5885774752257955e-05,0.00040717627143181873,True
var2,17,0.31622776601683794,3,3.994275762382986,6.925142411310186,0.829532036606336,36,5740,2.5106123140006977e-05,0.00040717627143181873,True
var2,17,0.1,3,1.2270097494627563,2.390755851508621,0.9411496173259122,60,8486,0.00020887118916796166,0.00040717627143181873,True
var2,17,0.03162277660168379,3,0.5002241436342635,0.9050950773228159,0.9777203549984959,86,10000,0.0006593717895779512,0.00040717627143181873,False
var2,17,0.01,3,0.2506830484533203,0.45523376340510396,0.9887940539115904,110,10000,0.003003198096383814,0.00040717627143181873,False
var2,17,0.0031622776601683794,3,0.16944184954085886,0.35474721536660964,0.9912676113022089,145,10000,0.003037005475002955,0.00040717627143181873,False
var2,17,0.001,3,0.13539907901445425,0.3125573442540179,0.9923061489924458,194,10000,0.003361294211774562,0.00040717627143181873,False
var2,17,1.0,4,13.145824268442434,11.225156913061713,0.6679761777151014,17,3117,9.097701655998673e-05,0.00042429956154186964,True
var2,17,0.31622776601683794,4,4.061211358575858,3.656102734980966,0.8918577963643315,42,8357,6.164569522539788e-05,0.00042429956154186964,True
var2,17,0.1,4,1.1047926915361448,1.3393834961271462,0.9603829833886794,58,10000,0.00017949750197072029,0.00042429956154186964,True
var2,17,0.03162277660168379,4,0.4585564434479724,0.7511779279321132,0.9777812489589472,86,10000,0.0006237450404005258,0.00042429956154186964,False
var2,17,0.01,4,0.23883007924396518,0.45060113531874374,0.986671873504026,111,10000,0.0007858882987929134,0.00042429956154186964,False
var2,17,0.0031622776601683794,4,0.15456459370847775,0.32677716910362176,0.9903344064086111,147,10000,0.0023556488076221347,0.00042429956154186964,False
var2,17,0.001,4,0.1277153191933092,0.2962871108846734,0.99123625800409,177,10000,0.0013038116875130892,0.00042429956154186964,False
var2,18,1.0,0,12.456968083753202,17.289560366008107,0.6222590886911921,16,2724,8.100831702653647e-05,0.000393487474900068,True
var2,18,0.31622776601683794,0,3.9469814808802135,5.83985710288897,0.8724112760960957,34,2010,0.00019830860803700935,0.000393487474900068,True
var2,18,0.1,0,1.1233854748640788,1.7558107807050853,0.9616391885999991,61,10000,8.54899889265915e-05,0.000393487474900068,True
var2,18,0.03162277660168379,0,0.4773092358159474,0.8016333594995952,0.9824859794383058,85,10000,0.00034084234340988956,0.000393487474900068,True
var2,18,0.01,0,0.251111533450178,0.3807858297687846,0.9916806221034322,127,10000,0.0015358626831359964,0.000393487474900068,False
var2,18,0.0031622776601683794,0,0.1665858372120064,0.22766430471103777,0.9950260087524777,168,10000,0.0020220055606056365,0.000393487474900068,False
var2,18,0.001,0,0.13796581656045573,0.21536886469875238,0.9952946385277214,187,10000,0.0017982392987781566,0.000393487474900068,False
var2,18,1.0,1,13.860528485892722,14.870637175794215,0.5811150153522996,13,1955,1.1600848970759396e-05,0.0004197188250558986,True
var2,18,0.31622776601683794,1,3.934970245268097,3.9870504109960017,0.8876903840463399,38,5336,0.00015127513149357848,0.0004197188250558986,True
var2,18,0.1,1,1.1337838724115343,1.285129085028662,0.9637997168050875,67,10000,0.00018701380837559225,0.0004197188250558986,True
var2,18,0.03162277660168379,1,0.4878021942666971,0.585069701663669,0.9835194073998291,85,10000,0.0005384904213490152,0.0004197188250558986,False
var2,18,0.01,1,0.24603322304355107,0.32749964880282223,0.9907747943992473,124,10000,0.0013933805781646044,0.0004197188250558986,False
var2,18,0.0031622776601683794,1,0.15836154756883833,0.2711989709277257,0.9923607055010092,155,10000,0.0022429466620584888,0.0004197188250558986,False
var2,18,0.001,1,0.13285123264679902,0.28298949124132616,0.9920285830867397,188,10000,0.0013942137442004175,0.0004197188250558986,False
var2,18,1.0,2,13.47900444881731,15.652363458605112,0.6691176926328932,18,3904,7.822753519108932e-05,0.0003905802995772384,True
var2,18,0.31622776601683794,2,4.0652379882316865,4.660484080144952,0.9014799439097964,43,8930,0.00027905235685386494,0.0003905802995772384,True
var2,18,0.1,2,1.1616531269779837,1.442489444538588,0.9695065708751336,58,7162,0.00010463789485969025,0.0003905802995772384,True
var2,18,0.03162277660168379,2,0.46781787329551566,1.052402787291601,0.9777527870816736,90,10000,0.00039715704660293655,0.0003905802995772384,False
var2,18,0.01,2,0.24537364742789847,0.7785739671037261,0.9835413769062707,115,10000,0.0026861005195659626,0.0003905802995772384,False
var2,18,0.0031622776601683794,2,0.1650881207358644,0.8016369876783667,0.983053837405749,153,10000,0.002620682051726049,0.0003905802995772384,False
var2,18,0.001,2,0.13606956916716192,0.4567320353949504,0.9903449373559702,202,10000,0.001356474258115533,0.0003905802995772384,False
var2,18,1.0,3,12.62345822727842,15.524913315351663,0.6178417428053331,18,4978,3.825442366239524e-06,0.00040717627143181873,True
var2,18,0.31622776601683794,3,3.9936336807052375,6.936367467790037,0.8292557227916232,35,4038,0.00017266872034977295,0.00040717627143181873,True
var2,18,0.1,3,1.2242547209686916,2.406402034276793,0.9407644739233709,57,9836,0.00030290301739123053,0.00040717627143181873,True
var2,18,0.03162277660168379,3,0.49759659002152073,0.9040401443190833,0.9777463230248529,85,10000,0.0005417286029991735,0.00040717627143181873,False
var2,18,0.01,3,0.2490320693655802,0.4646230032096361,0.9885629302043466,112,10000,0.003139677838550208,0.00040717627143181873,False
var2,18,0.0031622776601683794,3,0.167177999092832,0.35706006509657123,0.9912106786415232,150,10000,0.0030679708730234245,0.00040717627143181873,False
var2,18,0.001,3,0.1344855447888118,0.30977877997613656,0.9923745455921801,199,10000,0.002488792685166101,0.00040717627143181873,False
var2,18,1.0,4,13.144001539848741,11.22660946016452,0.6679332134835224,16,4132,6.863414472517746e-06,0.00042429956154186964,True
var2,18,0.31622776601683794,4,4.060503409464155,3.6618915796336773,0.891686570755363,43,10000,0.0002448671506875276,0.00042429956154186964,True
var2,18,0.1,4,1.1007291219306161,1.3418038453868042,0.9603113929762976,60,10000,0.00018140849843946907,0.00042429956154186964,True
var2,18,0.03162277660168379,4,0.45792654976211605,0.7555441472974457,0.9776521025377578,88,10000,0.000635641701717678,0.00042429956154186964,False
var2,18,0.01,4,0.2386313285098667,0.4543478933130905,0.9865610498496135,115,10000,0.0008245778887632435,0.00042429956154186964,False
var2,18,0.0031622776601683794,4,0.15322298715421187,0.32483200063603296,0.9903919416639844,151,10000,0.0023013856913927043,0.00042429956154186964,False
var2,18,0.001,4,0.12685949390586804,0.29192123826392313,0.9913653941690788,187,10000,0.0013143579567830464,0.00042429956154186964,False
var2,19,1.0,0,12.451491573240801,17.28079150838323,0.622450669980724,17,2674,7.873228670893545e-05,0.000393487474900068,True
var2,19,0.31622776601683794,0,3.939431949838297,5.8275568004650165,0.8726800121049149,34,3779,5.657700389932654e-05,0.000393487474900068,True
var2,19,0.1,0,1.1256125852408865,1.7739272590265656,0.9612433812523283,62,10000,0.0001508476774699865,0.000393487474900068,True
var2,19,0.03162277660168379,0,0.47633005334727424,0.7916925895005819,0.9827031645742519,87,10000,0.0003707542932760572,0.000393487474900068,True
var2,19,0.01,0,0.25059209494368806,0.37636436168106624,0.9917772219792776,123,10000,0.0005989007490214115,0.000393487474900068,False
var2,19,0.0031622776601683794,0,0.1656382042339156,0.22507676250521258,0.9950825411645337,163,10000,0.002549542867671803,0.000393487474900068,False
var2,19,0.001,0,0.13703836291115157,0.22088275813931119,0.9951741714314503,190,10000,0.0017904698025406425,0.000393487474900068,False
var2,19,1.0,1,13.860528527808356,14.870637048520527,0.5811150189374208,13,1955,1.1606052520673585e-05,0.0004197188250558986,True
var2,19,0.31622776601683794,1,3.9301784186727673,3.968193857306858,0.8882215467066356,40,10000,7.61943454700004e-05,0.0004197188250558986,True
var2,19,0.1,1,1.1318855213531178,1.2858638630869221,0.9637790191381338,69,10000,0.0005411625221348369,0.0004197188250558986,False
var2,19,0.03162277660168379,1,0.487396960844554,0.5900746085816522,0.9833784261942009,87,10000,0.0005152479380433056,0.0004197188250558986,False
var2,19,0.01,1,0.24463601023826692,0.3265464724139614,0.9908016440407452,125,10000,0.0013116139814610362,0.0004197188250558986,False
var2,19,0.0031622776601683794,1,0.15717214523540335,0.2758314843739241,0.9922302140969859,157,10000,0.0023732636228785296,0.0004197188250558986,False
var2,19,0.001,1,0.13227423467694072,0.28552995975529916,0.9919570216531647,183,10000,0.0016335543436431905,0.0004197188250558986,False
var2,19,1.0,2,13.462180507170546,15.688893266381683,0.6683454726983924,16,1636,6.920012924852116e-05,0.0003905802995772384,True
var2,19,0.31622776601683794,2,4.055553623759447,4.667281707053207,0.9013362458362133,38,9973,0.00030533691932443653,0.0003905802995772384,True
var2,19,0.1,2,1.1668764995377732,1.4555666190304883,0.9692301266383788,62,7283,0.00031892952907037114,0.0003905802995772384,True
var2,19,0.03162277660168379,2,0.4663704700015321,1.0281094116280183,0.9782663356083584,89,10000,0.0004792637458041202,0.0003905802995772384,False
var2,19,0.01,2,0.2442407262644567,0.7630470284300094,0.9838696078030483,122,10000,0.002541769694024035,0.0003905802995772384,False
var2,19,0.0031622776601683794,2,0.16456513258860195,0.6824033808103636,0.985574369915777,151,10000,0.0024283602003882508,0.0003905802995772384,False
var2,19,0.001,2,0.13497714091599228,0.3758550662822107,0.9920546317560301,205,10000,0.0016004876096806849,0.0003905802995772384,False
var2,19,1.0,3,12.612132682075512,15.54647342008054,0.6173110234460196,18,5144,3.3719989432469056e-06,0.00040717627143181873,True
var2,19,0.31622776601683794,3,3.9847875574431932,6.948943210246569,0.8289461607526928,35,4044,0.00019455241527567682,0.00040717627143181873,True
var2,19,0.1,3,1.228374429978026,2.426385515404127,0.940272564425058,61,10000,0.00029164652247133584,0.00040717627143181873,True
var2,19,0.03162277660168379,3,0.49577976311504063,0.9011184503388161,0.9778182428776002,88,10000,0.0005432048750051276,0.00040717627143181873,False
var2,19,0.01,3,0.24840060865667354,0.46281397928219553,0.9886074607867267,116,10000,0.0029779292524953153,0.00040717627143181873,False
var2,19,0.0031622776601683794,3,0.1666681186612877,0.3582697684978235,0.9911809008170579,152,10000,0.0031355105102077547,0.00040717627143181873,False
var2,19,0.001,3,0.13401440338025805,0.3147231312995597,0.9922528363982969,201,10000,0.002565867969634247,0.00040717627143181873,False
var2,19,1.0,4,13.133559934592403,11.220236862282507,0.6681217056643496,16,4077,7.858915972026577e-06,0.00042429956154186964,True
var2,19,0.31622776601683794,4,4.041386198346385,3.6727557419228782,0.8913652246292355,44,3030,0.00027565220336757753,0.00042429956154186964,True
var2,19,0.1,4,1.105735702722473,1.3551921733416832,0.9599153856994275,61,10000,0.0005433052170759913,0.00042429956154186964,False
var2,19,0.03162277660168379,4,0.45678661971584705,0.7544922731143884,0.9776832154468713,89,9251,0.00027867021448210906,0.00042429956154186964,True
var2,19,0.01,4,0.23783180227679054,0.45540524166716556,0.9865297750224795,121,10000,0.000849177059938374,0.00042429956154186964,False
var2,19,0.0031622776601683794,4,0.15247063643485362,0.32490571692952464,0.9903897612431921,150,10000,0.00236656071251971,0.00042429956154186964,False
var2,19,0.001,4,0.1262635234339306,0.29035723921560636,0.9914116549871763,187,10000,0.001859302892092606,0.00042429956154186964,False
var2,20,1.0,0,12.449652764096765,17.287614714902467,0.6223015971185999,17,1668,4.452894069135794e-05,0.000393487474900068,True
var2,20,0.31622776601683794,0,3.937105964598263,5.825507010541136,0.8727247957487697,34,6192,0.00019975419162502906,0.000393487474900068,True
var2,20,0.1,0,1.124534893767491,1.7798604482919764,0.9611137534149143,64,10000,0.00016723743962313654,0.000393487474900068,True
var2,20,0.03162277660168379,0,0.47575939673146567,0.7909258032820584,0.9827199172573065,86,10000,0.0004951715496927806,0.000393487474900068,False
var2,20,0.01,0,0.2487682497130719,0.374281362756137,0.9918227311706915,120,10000,0.0005186451968828909,0.000393487474900068,False
var2,20,0.0031622776601683794,0,0.16430099239376747,0.2252060005389122,0.9950797175824649,161,10000,0.002417889421134086,0.000393487474900068,False
var2,20,0.001,0,0.13608190410836443,0.22167425673411598,0.995156878834405,193,10000,0.001655534416455512,0.000393487474900068,False
var2,20,1.0,1,13.858057640446626,14.87422776197906,0.5810138735773283,13,3190,1.3864781318136074e-05,0.0004197188250558986,True
var2,20,0.31622776601683794,1,3.9326486297907928,3.9835556108954977,0.8877888276617104,38,10000,5.044993838474343e-05,0.0004197188250558986,True
var2,20,0.1,1,1.131403901200844,1.2853223308381434,0.9637942733417725,70,10000,0.0005466905310571729,0.0004197188250558986,False
var2,20,0.03162277660168379,1,0.48703659017718176,0.5881520617163066,0.9834325816419235,90,10000,0.0005665848753804862,0.0004197188250558986,False
var2,20,0.01,1,0.2428910668997352,0.32682179047952153,0.9907938887171298,126,10000,0.0014724071431966733,0.0004197188250558986,False
var2,20,0.0031622776601683794,1,0.1561850592540563,0.27531984761768014,0.9922446261865454,159,10000,0.0023544439855065825,0.0004197188250558986,False
var2,20,0.001,1,0.13148554976936175,0.28567673093067725,0.991952887315085,184,10000,0.0014892418072209206,0.0004197188250558986,False
var2,20,1.0,2,13.462180507170546,15.688893266381683,0.6683454726983924,16,1636,6.920012924852116e-05,0.0003905802995772384,True
var2,20,0.31622776601683794,2,4.055553863928668,4.667281933012421,0.9013362410595605,38,9972,0.00030548424256922774,0.0003905802995772384,True
var2,20,0.1,2,1.1651383570285763,1.4552486337083272,0.9692368486722355,63,7337,0.0002908051363165413,0.0003905802995772384,True
var2,20,0.03162277660168379,2,0.46540290671590856,1.0511270583952235,0.9777797552850331,88,10000,0.00038129078877723385,0.0003905802995772384,True
var2,20,0.01,2,0.2434148712403459,0.7936690077825387,0.9832222760942549,121,10000,0.0024544170732311295,0.0003905802995772384,False
var2,20,0.0031622776601683794,2,0.16308724478662442,0.7707918397385276,0.9837058867750602,157,10000,0.0025465730474001015,0.0003905802995772384,False
var2,20,0.001,2,0.13418413657043232,0.39954759353156016,0.9915537848325381,204,10000,0.001691406306619525,0.0003905802995772384,False
var2,20,1.0,3,12.612132657097602,15.546473323454894,0.6173110258245378,18,5349,3.3723985515919287e-06,0.00040717627143181873,True
var2,20,0.31622776601683794,3,3.984108217191096,6.954765329650052,0.8288028445898763,35,3591,0.00019572214471271092,0.00040717627143181873,True
var2,20,0.1,3,1.2273527602597454,2.429227417309801,0.940202608718554,60,10000,0.00025451210435768843,0.00040717627143181873,True
var2,20,0.03162277660168379,3,0.49312091802347346,0.9118304106249432,0.9775545593393458,91,10000,0.0006829981388088693,0.00040717627143181873,False
var2,20,0.01,3,0.24743976598995462,0.4702770457959108,0.9884237513878865,117,10000,0.0031095335805041723,0.00040717627143181873,False
var2,20,0.0031622776601683794,3,0.1652639289591816,0.3606310657666111,0.9911227755811465,157,10000,0.0033009154881408227,0.00040717627143181873,False
var2,20,0.001,3,0.13361795105345498,0.31350085177904574,0.9922829237940766,210,10000,0.0026777964591117942,0.00040717627143181873,False
var2,20,1.0,4,13.132394970876355,11.221382724518044,0.6680878127252841,17,5906,4.664981242284581e-05,0.00042429956154186964,True
var2,20,0.31622776601683794,4,4.04085714579052,3.6783664804041076,0.8911992671418876,44,2946,0.0002623682207064713,0.00042429956154186964,True
var2,20,0.1,4,1.1030855092729457,1.3582208842878623,0.9598258008327984,62,10000,0.0005646096650556606,0.00042429956154186964,False
var2,20,0.03162277660168379,4,0.4569024710492324,0.762072692783427,0.9774589976535228,86,8787,0.0002931555353151451,0.00042429956154186964,True
var2,20,0.01,4,0.23736106203554042,0.45758814749531895,0.986465207841605,119,10000,0.0008603552772010139,0.00042429956154186964,False
var2,20,0.0031622776601683794,4,0.15152977669340023,0.32403688759481397,0.9904154599518032,153,10000,0.0019590548648172296,0.00042429956154186964,False
var2,20,0.001,4,0.12593812345422709,0.2882568428515764,0.991473781658055,192,10000,0.001888085819941864,0.00042429956154186964,False
